schoolid,schoolname,CalendarYear,NumApps,NumFTApps,NumPTApps,NumOffers,NumFTOffers,NumPTOffers,NumMatriculants,NumFTMatriculants,NumPTMatriculants,OtherFirstYear,TotalFirstYear,FTFirstYear,PTFirstYear,UGGPA75,FTUGGPA75,PTUGGPA75,UGGPA50,FTUGGPA50,PTUGGPA50,UGGPA25,FTUGGPA25,PTUGGPA25,UGGPAExcl,FTUGGPAExcl,PTUGGPAExcl,LSAT75,FTLSAT75,PTLSAT75,LSAT50,FTLSAT50,PTLSAT50,LSAT25,FTLSAT25,PTLSAT25,LSATExcl,FTLSATExcl,PTLSATExcl,GMATEnrolled,ACTEnrolled,GREEnrolled,GREFTEnrollees,GREPTEnrollees,SATEnrolled,GMAT75,GMAT50,GMAT25,ACT75,ACT50,ACT25,GREVerbal75,GREVerbal50,GREVerbal25,GREQuant75,GREQuant50,GREQuant25,GREAnalytical75,GREAnalytical50,GREAnalytical25,SAT75,SAT50,SAT25,FTGREAnalytical25,FTGREAnalytical50,FTGREAnalytical75,FTGREQuant25,FTGREQuant50,FTGREQuant75,FTGREVerbal25,FTGREVerbal50,FTGREVerbal75,PTGREAnalytical25,PTGREAnalytical50,PTGREAnalytical75,PTGREQuant25,PTGREQuant50,PTGREQuant75,PTGREVerbal25,PTGREVerbal50,PTGREVerbal75,UGGPAIncl,FTUGGPAIncl,PTUGGPAIncl,LSATEnrolled,FTLSATEnrolled,PTLSATEnrolled,JDNextEnrolled,FTJDNextEnrolled,PTJDNextEnrolled,JDNext75,FTJDNext75,PTJDNext75,JDNext50,FTJDNext50,PTJDNext50,JDNext25,FTJDNext25,PTJDNext25
00100300,Faulkner University,2024,511,,,286,,,107,,,5,112,112,0,3.59,3.59,,3.3,3.3,,2.92,2.92,,,,,153,153,,150,150,,147,147,,,,,,,3,3,0,,,,,,,,,,,,,,,,,,,,,,,,,,,,,,,,,,,,,,0,0,0,109,109,0,0,0,0,,,,,,,,,
00103600,Samford University,2024,673,,,396,,,154,,,4,158,158,0,3.8,3.8,,3.63,3.63,,3.44,3.44,,,,,159,159,,155,155,,152,152,,,,,,,0,0,0,,,,,,,,,,,,,,,,,,,,,,,,,,,,,,,,,,,,,,0,0,0,158,158,0,0,0,0,,,,,,,,,
00105100,University of Alabama,2024,1422,,,378,,,116,,,0,116,116,0,4.04,4.04,,3.95,3.95,,3.68,3.68,,,,,168,168,,165,165,,158,158,,,,,,,1,1,0,,,,,,,,,,,,,,,,,,,,,,,,,,,,,,,,,,,,,,0,0,0,104,104,0,0,0,0,,,,,,,,,
00108100,Arizona State University,2024,4118,,,908,,,248,,,3,251,251,0,4,4,,3.9,3.9,,3.62,3.62,,,,,167,167,,165,165,,156,156,,,,,,,0,0,0,,,,,,,,,,,,,,,,,,,,,,,,,,,,,,,,,,,,,,3,3,0,238,238,0,0,0,0,,,,,,,,,
00108300,University of Arizona,2024,1600,,,486,,,102,,,0,102,102,0,3.88,3.88,,3.78,3.78,,3.52,3.52,,,,,164,164,,163,163,,160,160,,,,,,,6,6,0,,,,,,,,,,,,,,,,,,,,,,,,,,,,,,,,,,,,,,2,2,0,87,87,0,9,9,0,820,820,0,780,780,0,750,750,0
00110101,University of Arkansas-Little Rock,2024,521,,,204,,,136,,,5,141,112,29,3.69,3.71,3.66,3.47,3.49,3.39,3.19,3.19,3.1,,,,155,155,157,151,151,153,148,148,147,,,,,,0,0,0,,,,,,,,,,,,,,,,,,,,,,,,,,,,,,,,,,,,,,0,0,0,141,112,29,0,0,0,,,,,,,,,
00110800,University of Arkansas-Fayetteville,2024,832,,,233,,,122,,,1,123,123,0,3.86,3.86,,3.63,3.63,,3.31,3.31,,,,,158,158,,156,156,,153,153,,,,,,,0,0,0,,,,,,,,,,,,,,,,,,,,,,,,,,,,,,,,,,,,,,0,0,0,123,123,0,0,0,0,,,,,,,,,
00116453,Chapman University,2024,2082,,,565,,,141,,,2,143,143,0,3.83,3.83,,3.67,3.67,,3.27,3.27,,,,,164,164,,162,162,,155,155,,,,,,,0,0,0,,,,,,,,,,,,,,,,,,,,,,,,,,,,,,,,,,,,,,2,2,0,143,143,0,0,0,0,,,,,,,,,
00129500,Southwestern Law School,2024,2946,,,1160,,,406,,,10,416,355,61,3.67,3.68,3.63,3.48,3.49,3.43,3.24,3.25,3.15,,,,158,158,158,155,155,156,153,153,153,,,,,,0,0,0,,,,,,,,,,,,,,,,,,,,,,,,,,,,,,,,,,,,,,1,1,0,416,355,61,0,0,0,,,,,,,,,
00130503,Stanford University,2024,4270,,,378,,,171,,,14,185,185,0,4,4,,3.92,3.92,,3.78,3.78,,,,,175,175,,173,173,,169,169,,,,,,,17,17,0,,,,,,,,170,166,164,168,165,160,6,5,5,,,,5,5,5.5,160,165,168,164,166,170,,,,,,,,,,7,7,0,168,168,0,0,0,0,,,,,,,,,
00131273,University of California-Berkeley,2024,6463,,,1118,,,338,,,11,349,349,0,3.95,3.95,,3.87,3.87,,3.8,3.8,,,,,172,172,,170,170,,167,167,,,,,,,12,12,0,,,,,,,,167,165,162,164,159,154,6,6,5,,,,4.5,5.5,6,154,159,164,162,165,167,,,,,,,,,,8,8,0,337,337,0,0,0,0,,,,,,,,,
00131373,University of California-Davis,2024,2880,,,955,,,192,,,6,198,198,0,3.87,3.87,,3.68,3.68,,3.48,3.48,,,,,165,165,,163,163,,159,159,,,,,,,3,3,0,,,,,,,,,,,,,,,,,,,,,,,,,,,,,,,,,,,,,,3,3,0,195,195,0,0,0,0,,,,,,,,,
00131400,University of California-Irvine,2024,3096,,,538,,,173,,,0,173,173,0,3.89,3.89,,3.81,3.81,,3.65,3.65,,,,,168,168,,167,167,,163,163,,,,,,,5,5,0,,,,,,,,,,,,,,,,,,,,,,,,,,,,,,,,,,,,,,2,2,0,168,168,0,0,0,0,,,,,,,,,
00131500,University of California-Los Angeles,2024,6932,,,1116,,,307,,,8,315,315,0,4,4,,3.95,3.95,,3.69,3.69,,,,,171,171,,170,170,,165,165,,,,,,,2,2,0,,,,,,,,,,,,,,,,,,,,,,,,,,,,,,,,,,,,,,1,1,0,313,313,0,0,0,0,,,,,,,,,
00132500,University of San Francisco,2024,1869,,,1019,,,165,,,3,168,163,5,3.58,3.58,0,3.37,3.37,0,3.07,3.07,0,,,,157,157,0,154,154,0,152,152,0,,,,,,0,0,0,,,,,,,,,,,,,,,,,,,,,,,,,,,,,,,,,,,,,,1,1,0,168,163,5,0,0,0,,,,,,,,,
00132600,Santa Clara University,2024,1981,,,1314,,,244,,,2,246,192,54,3.69,3.66,3.7,3.44,3.45,3.37,3.15,3.17,3.03,,,,160,160,160,157,157,157,154,154,154,,,,,,11,7,4,,,,,,,,164,160,153,163,155,147,5,5,4,,,,,,,,,,,,,,,,,,,,,,15,9,6,235,185,50,0,0,0,,,,,,,,,
00132800,University of Southern California,2024,6203,,,770,,,200,,,1,201,201,0,3.97,3.97,,3.91,3.91,,3.82,3.82,,,,,170,170,,169,169,,165,165,,,,,,,1,1,0,,,,,,,,,,,,,,,,,,,,,,,,,,,,,,,,,,,,,,6,6,0,188,188,0,0,0,0,,,,,,,,,
00132901,McGeorge School of Law,2024,1031,,,613,,,207,,,5,212,174,38,3.77,3.8,3.52,3.52,3.56,3.01,3.13,3.27,2.55,,,,158,158,156,155,155,153,152,152,152,,,,,,4,1,3,,,,,,,,,,,,,,,,,,,,,,,,,,,,,,,,,,,,,,1,0,1,208,173,35,0,0,0,,,,,,,,,
00137000,University of Colorado,2024,2860,,,1042,,,184,,,5,189,189,0,3.88,3.88,,3.79,3.79,,3.55,3.55,,,,,166,166,,164,164,,160,160,,,,,,,0,0,0,,,,,,,,,,,,,,,,,,,,,,,,,,,,,,,,,,,,,,0,0,0,189,189,0,0,0,0,,,,,,,,,
00137100,University of Denver,2024,1909,,,1013,,,266,,,4,270,226,44,3.81,3.81,3.76,3.65,3.66,3.61,3.43,3.45,3.37,,,,162,161,163,159,159,158,155,155,155,,,,,,1,0,1,,,,,,,,,,,,,,,,,,,,,,,,,,,,,,,,,,,,,,4,3,1,269,226,43,0,0,0,,,,,,,,,
00140201,Quinnipiac University,2024,1082,,,665,,,146,,,2,148,124,24,3.81,3.83,3.62,3.59,3.6,3.31,3.33,3.41,3.07,,,,156,156,155,153,153,152,149,150,149,,,,,,0,0,0,,,,,,,,,,,,,,,,,,,,,,,,,,,,,,,,,,,,,,1,1,0,148,124,24,0,0,0,,,,,,,,,
00141706,University of Connecticut,2024,1481,,,447,,,145,,,3,148,129,19,3.87,3.9,3.8,3.72,3.72,3.63,3.5,3.52,3.38,,,,163,163,165,161,161,159,158,158,154,,,,,,0,0,0,,,,,,,,,,,,,,,,,,,,,,,,,,,,,,,,,,,,,,0,0,0,148,129,19,0,0,0,,,,,,,,,
00142600,Yale University,2024,4358,,,229,,,174,,,30,204,204,0,4,4,,3.96,3.96,,3.91,3.91,,,,,177,177,,174,174,,170,170,,,,,,,24,24,0,,,,,,,,169,167,165,169,164,160,6,6,5,,,,5,5.5,6,160,164,169,165,167,169,,,,,,,,,,5,5,0,179,179,0,0,0,0,,,,,,,,,
00143401,American University,2024,5216,,,2075,,,408,,,4,412,352,60,3.73,3.74,3.69,3.61,3.61,3.6,3.37,3.38,3.36,,,,163,163,163,160,160,161,155,155,157,,,,,,7,4,3,,,,,,,,,,,,,,,,,,,,,,,,,,,,,,,,,,,,,,11,4,7,405,348,57,0,0,0,,,,,,,,,
00143711,Catholic University of America,2024,1256,,,435,,,125,,,1,126,102,24,3.76,3.76,3.73,3.64,3.66,3.53,3.38,3.43,3.25,,,,162,162,161,160,160,158,158,158,156,,,,,,3,2,1,,,,,,,,,,,,,,,,,,,,,,,,,,,,,,,,,,,,,,2,1,1,123,100,23,0,0,0,,,,,,,,,
00144102,District of Columbia,2024,620,,,230,,,58,,,11,69,39,30,3.51,3.53,3.41,3.18,3.29,2.94,2.81,3.09,2.72,,,,154,153,156,150,149,151,148,148,150,,,,,,0,0,0,,,,,,,,,,,,,,,,,,,,,,,,,,,,,,,,,,,,,,3,0,3,69,39,30,0,0,0,,,,,,,,,
00144402,George Washington University,2024,8091,,,2637,,,520,,,7,527,502,25,3.93,3.93,3.9,3.87,3.87,3.78,3.62,3.63,3.32,,,,169,169,168,168,168,168,159,159,157,,,,,,12,12,0,,,,,,,,159,158,154,159,154,152,6,5,4,,,,4,4.5,5.5,152,154,159,154,158,159,,,,,,,,,,27,25,2,506,483,23,0,0,0,,,,,,,,,
00144503,Georgetown University,2024,11309,,,2276,,,625,,,30,655,590,65,3.97,3.98,3.84,3.92,3.92,3.73,3.72,3.75,3.43,,,,172,172,171,171,171,168,166,166,163,,,,,,30,19,11,,,,,,,,166,164,161,163,159,157,6,5,5,,,,4.5,5.5,6,157,159,164,160,164,166,4.5,5,5.5,157,158,161,161,164,168,19,16,3,598,555,43,0,0,0,,,,,,,,,
00144802,Howard University,2024,1990,,,637,,,199,,,2,201,201,0,3.7,3.7,,3.47,3.47,,3.15,3.15,,,,,158,158,,155,155,,153,153,,,,,,,0,0,0,,,,,,,,,,,,,,,,,,,,,,,,,,,,,,,,,,,,,,0,0,0,201,201,0,0,0,0,,,,,,,,,
00146601,Barry University,2024,1397,,,841,,,239,,,1,240,201,39,3.53,3.53,3.54,3.21,3.23,3.18,2.91,2.91,2.89,,,,152,152,151,150,150,149,148,148,147,,,,,,0,0,0,,,,,,,,,,,,,,,,,,,,,,,,,,,,,,,,,,,,,,2,2,0,240,201,39,0,0,0,,,,,,,,,
00146800,St. Thomas University (Florida),2024,1505,,,913,,,390,,,25,415,415,0,3.58,3.58,,3.3,3.3,,2.98,2.98,,,,,155,155,,152,152,,149,149,,,,,,,0,0,0,,,,,,,,,,,,,,,,,,,,,,,,,,,,,,,,,,,,,,2,2,0,415,415,0,0,0,0,,,,,,,,,
00148001,Florida A&M University,2024,1264,,,501,,,112,,,0,112,90,22,3.64,3.65,3.59,3.44,3.46,3.19,3.21,3.23,3.01,,,,154,154,154,151,150,152,147,147,149,,,,,,0,0,0,,,,,,,,,,,,,,,,,,,,,,,,,,,,,,,,,,,,,,0,0,0,112,90,22,0,0,0,,,,,,,,,
00148900,Florida State University,2024,2335,,,465,,,135,,,3,138,138,0,3.97,3.97,,3.91,3.91,,3.59,3.59,,,,,166,166,,165,165,,158,158,,,,,,,4,4,0,,,,,,,,,,,,,,,,,,,,,,,,,,,,,,,,,,,,,,1,1,0,131,131,0,0,0,0,,,,,,,,,
00149500,Jacksonville University,2024,279,,,96,,,43,,,0,43,43,0,3.67,3.67,,3.53,3.53,,3.19,3.19,,,,,156,156,,154,154,,151,151,,,,,,,0,0,0,,,,,,,,,,,,,,,,,,,,,,,,,,,,,,,,,,,,,,1,1,0,43,43,0,0,0,0,,,,,,,,,
00150900,Nova Southeastern University,2024,1316,,,745,,,209,,,6,215,186,29,3.7,3.7,3.68,3.52,3.51,3.54,3.29,3.32,2.93,,,,156,156,154,153,153,152,150,151,148,,,,,,0,0,0,,,,,,,,,,,,,,,,,,,,,,,,,,,,,,,,,,,,,,1,1,0,215,186,29,0,0,0,,,,,,,,,
00153101,Stetson University,2024,2291,,,939,,,335,,,10,345,284,61,3.79,3.8,3.62,3.6,3.64,3.4,3.37,3.41,2.99,,,,161,161,158,158,159,156,156,156,154,,,,,,0,0,0,,,,,,,,,,,,,,,,,,,,,,,,,,,,,,,,,,,,,,5,2,3,345,284,61,0,0,0,,,,,,,,,
00153505,University of Florida,2024,3642,,,635,,,206,,,4,210,210,0,3.96,3.96,,3.9,3.9,,3.67,3.67,,,,,170,170,,169,169,,164,164,,,,,,,3,3,0,,,,,,,,,,,,,,,,,,,,,,,,,,,,,,,,,,,,,,1,1,0,189,189,0,0,0,0,,,,,,,,,
00153601,University of Miami,2024,4192,,,1221,,,294,,,9,303,303,0,3.87,3.87,,3.76,3.76,,3.58,3.58,,,,,164,164,,163,163,,158,158,,,,,,,11,11,0,,,,,,,,164,157,152,162,158,152,4,4,4,,,,3.5,4,4,152,158,162,152,157,164,,,,,,,,,,1,1,0,292,292,0,0,0,0,,,,,,,,,
00156400,Emory University,2024,3153,,,1265,,,267,,,0,267,267,0,3.88,3.88,,3.81,3.81,,3.63,3.63,,,,,167,167,,165,165,,162,162,,,,,,,0,0,0,,,,,,,,,,,,,,,,,,,,,,,,,,,,,,,,,,,,,,2,2,0,267,267,0,0,0,0,,,,,,,,,
00157400,Georgia State University,2024,1998,,,720,,,208,,,0,208,161,47,3.75,3.76,3.71,3.56,3.57,3.51,3.39,3.42,3.3,,,,162,162,161,159,160,156,156,157,153,,,,,,0,0,0,,,,,,,,,,,,,,,,,,,,,,,,,,,,,,,,,,,,,,3,2,1,207,160,47,0,0,0,,,,,,,,,
00158015,Mercer University,2024,1070,,,463,,,135,,,1,136,136,0,3.78,3.78,,3.63,3.63,,3.39,3.39,,,,,157,157,,155,155,,153,153,,,,,,,2,2,0,,,,,,,,,,,,,,,,,,,,,,,,,,,,,,,,,,,,,,1,1,0,134,134,0,0,0,0,,,,,,,,,
00159800,University of Georgia,2024,3640,,,527,,,170,,,8,178,178,0,3.97,3.97,,3.91,3.91,,3.62,3.62,,,,,170,170,,169,169,,159,159,,,,,,,4,4,0,,,,,,,,,,,,,,,,,,,,,,,,,,,,,,,,,,,,,,1,1,0,157,157,0,0,0,0,0,0,0,0,0,0,0,0,0
00161000,University of Hawaii,2024,1122,,,359,,,96,,,4,100,60,40,3.84,3.85,3.84,3.7,3.7,3.7,3.28,3.38,3.22,,,,159,159,160,156,156,158,153,152,155,,,,,,20,8,12,,,,,,,,160,158,149,156,149,147,5,4,4,,,,,,,,,,,,,4,4,4.5,146,150,154,150,159,160,3,2,1,80,52,28,0,0,0,,,,,,,,,
00162600,University of Idaho,2024,714,,,480,,,163,,,0,163,163,0,3.71,3.71,,3.46,3.46,,3.07,3.07,,,,,157,157,,152,152,,149,149,,,,,,,0,0,0,,,,,,,,,,,,,,,,,,,,,,,,,,,,,,,,,,,,,,0,0,0,163,163,0,0,0,0,,,,,,,,,
00167100,Depaul University,2024,1889,,,857,,,161,,,1,162,144,18,3.82,3.82,3.71,3.65,3.68,3.15,3.16,3.19,3,,,,159,160,158,158,158,155,153,153,154,,,,,,0,0,0,,,,,,,,,,,,,,,,,,,,,,,,,,,,,,,,,,,,,,2,2,0,162,144,18,0,0,0,,,,,,,,,
00169101,Chicago-Kent College of Law-IIT,2024,1781,,,879,,,232,,,4,236,213,23,3.89,3.89,3.63,3.74,3.76,3.51,3.43,3.46,3.31,,,,162,162,164,160,160,161,155,155,157,,,,,,10,4,6,,,,,,,,164,158,153,157,155,153,5,5,4,,,,,,,,,,,,,,,,,,,,,,6,5,1,226,209,17,0,0,0,,,,,,,,,
00171000,Loyola University-Chicago,2024,3287,,,1414,,,265,,,5,270,234,36,3.75,3.76,3.64,3.6,3.63,3.37,3.42,3.46,3.12,,,,163,163,160,160,160,158,157,158,157,,,,,,0,0,0,,,,,,,,,,,,,,,,,,,,,,,,,,,,,,,,,,,,,,1,0,1,270,234,36,0,0,0,,,,,,,,,
00173700,Northern Illinois University,2024,741,,,412,,,121,,,0,121,121,0,3.59,3.59,,3.26,3.26,,3.07,3.07,,,,,153,153,,150,150,,147,147,,,,,,,0,0,0,,,,,,,,,,,,,,,,,,,,,,,,,,,,,,,,,,,,,,1,1,0,121,121,0,0,0,0,,,,,,,,,
00173900,Northwestern University,2024,6327,,,972,,,236,,,6,242,242,0,4,4,,3.95,3.95,,3.77,3.77,,,,,174,174,,172,172,,166,166,,,,,,,14,14,0,,,,,,,,164,162,160,165,161,158,6,5,5,,,,4.5,5,5.5,158,161,165,160,162,164,,,,,,,,,,23,23,0,225,225,0,0,0,0,,,,,,,,,
00175800,Southern Illinois University-Carbondale,2024,582,,,392,,,108,,,1,109,109,0,3.63,3.63,,3.38,3.38,,3.02,3.02,,,,,152,152,,148,148,,146,146,,,,,,,0,0,0,,,,,,,,,,,,,,,,,,,,,,,,,,,,,,,,,,,,,,0,0,0,109,109,0,0,0,0,,,,,,,,,
00177400,University of Chicago,2024,5366,,,683,,,191,,,7,198,198,0,3.99,3.99,,3.94,3.94,,3.83,3.83,,,,,175,175,,173,173,,169,169,,,,,,,5,5,0,,,,,,,,,,,,,,,,,,,,,,,,,,,,,,,,,,,,,,0,0,0,192,192,0,0,0,0,,,,,,,,,
00177500,University of Illinois,2024,1509,,,706,,,160,,,1,161,161,0,3.88,3.88,,3.77,3.77,,3.47,3.47,,,,,167,167,,165,165,,160,160,,,,,,,1,1,0,,,,,,,,,,,,,,,,,,,,,,,,,,,,,,,,,,,,,,13,13,0,160,160,0,0,0,0,0,0,,0,0,,0,0,
00177608,University of Illinois Chicago School of Law,2024,1860,,,1193,,,336,,,6,342,290,52,3.61,3.63,3.45,3.38,3.42,3.18,3.12,3.14,2.95,,,,154,154,153,152,152,149,149,149,147,,,,,,6,3,3,,,,,,,,,,,,,,,,,,,,,,,,,,,,,,,,,,,,,,8,7,1,336,287,49,0,0,0,,,,,,,,,
00180900,Indiana University - Bloomington,2024,1526,,,602,,,140,,,6,146,146,0,3.99,3.99,,3.91,3.91,,3.63,3.63,,,,,165,165,,164,164,,159,159,,,,,,,0,0,0,,,,,,,,,,,,,,,,,,,,,,,,,,,,,,,,,,,,,,4,4,0,131,131,0,0,0,0,,,,,,,,,
00181300,Indiana University - Indianapolis,2024,782,,,492,,,263,,,6,269,199,70,3.83,3.84,3.72,3.59,3.61,3.42,3.31,3.38,3.15,,,,159,159,159,155,155,153,152,152,150,,,,,,7,2,5,,,,,,,,,,,,,,,,,,,,,,,,,,,,,,,,,,,,,,5,4,1,261,197,64,0,0,0,,,,,,,,,
00184000,University of Notre Dame,2024,2442,,,568,,,172,,,9,181,181,0,3.92,3.92,,3.85,3.85,,3.74,3.74,,,,,170,170,,169,169,,164,164,,,,,,,8,8,0,,,,,,,,,,,,,,,,,,,,,,,,,,,,,,,,,,,,,,4,4,0,173,173,0,0,0,0,,,,,,,,,
00186000,Drake University,2024,703,,,423,,,121,,,2,123,123,0,3.78,3.78,,3.56,3.56,,3.27,3.27,,,,,159,159,,156,156,,153,153,,,,,,,2,2,0,,,,,,,,,,,,,,,,,,,,,,,,,,,,,,,,,,,,,,2,2,0,121,121,0,0,0,0,,,,,,,,,
00189200,University of Iowa,2024,1019,,,609,,,182,,,8,190,190,0,3.91,3.91,,3.76,3.76,,3.6,3.6,,,,,164,164,,162,162,,157,157,,,,,,,0,0,0,,,,,,,,,,,,,,,,,,,,,,,,,,,,,,,,,,,,,,3,3,0,190,190,0,0,0,0,,,,,,,,,
00194800,University of Kansas,2024,1214,,,465,,,124,,,3,127,127,0,3.89,3.89,,3.79,3.79,,3.59,3.59,,,,,163,163,,161,161,,156,156,,,,,,,1,1,0,,,,,,,,,,,,,,,,,,,,,,,,,,,,,,,,,,,,,,4,4,0,126,126,0,0,0,0,,,,,,,,,
00194900,Washburn University,2024,372,,,272,,,118,,,4,122,122,0,3.83,3.83,,3.61,3.61,,3.26,3.26,,,,,154,154,,151,151,,148,148,,,,,,,3,3,0,,,,,,,,,,,,,,,,,,,,,,,,,,,,,,,,,,,,,,3,3,0,119,119,0,0,0,0,,,,,,,,,
00198903,University of Kentucky,2024,1020,,,492,,,129,,,2,131,131,0,3.86,3.86,,3.71,3.71,,3.52,3.52,,,,,160,160,,158,158,,155,155,,,,,,,0,0,0,,,,,,,,,,,,,,,,,,,,,,,,,,,,,,,,,,,,,,1,1,0,131,131,0,0,0,0,,,,,,,,,
00199900,University of Louisville,2024,573,,,369,,,113,,,3,116,116,0,3.86,3.86,,3.59,3.59,,3.26,3.26,,,,,158,158,,156,156,,153,153,,,,,,,0,0,0,,,,,,,,,,,,,,,,,,,,,,,,,,,,,,,,,,,,,,1,1,0,116,116,0,0,0,0,,,,,,,,,
00201000,Louisiana State University,2024,1017,,,503,,,224,,,4,228,228,0,3.92,3.92,,3.71,3.71,,3.45,3.45,,,,,159,159,,156,156,,154,154,,,,,,,0,0,0,,,,,,,,,,,,,,,,,,,,,,,,,,,,,,,,,,,,,,8,8,0,228,228,0,0,0,0,,,,,,,,,
00201600,Loyola University-New Orleans,2024,1018,,,596,,,214,,,2,216,184,32,3.66,3.68,3.5,3.38,3.4,3.16,3.04,3.12,2.73,,,,155,155,153,152,152,151,149,149,149,,,,,,13,7,6,,,,,,,,157,155,153,156,152,145,4,4,4,,,,,,,,,,,,,,,,,,,,,,1,1,0,203,177,26,0,0,0,,,,,,,,,
00202500,Southern University,2024,973,,,612,,,272,,,3,275,209,66,3.53,3.57,3.19,3.15,3.24,2.85,2.82,2.9,2.59,,,,149,148,149,146,146,147,144,144,144,,,,,,0,0,0,,,,,,,,,,,,,,,,,,,,,,,,,,,,,,,,,,,,,,0,0,0,275,209,66,0,0,0,,,,,,,,,
00202900,Tulane University,2024,1501,,,796,,,203,,,1,204,204,0,3.78,3.78,,3.64,3.64,,3.42,3.42,,,,,162,162,,160,160,,156,156,,,,,,,0,0,0,,,,,,,,,,,,,,,,,,,,,,,,,,,,,,,,,,,,,,4,4,0,204,204,0,0,0,0,,,,,,,,,
00205400,University of Maine,2024,541,,,360,,,91,,,4,95,95,0,3.81,3.81,,3.66,3.66,,3.3,3.3,,,,,161,161,,157,157,,152,152,,,,,,,0,0,0,,,,,,,,,,,,,,,,,,,,,,,,,,,,,,,,,,,,,,5,5,0,95,95,0,0,0,0,,,,,,,,,
00210200,University of Baltimore,2024,1164,,,575,,,217,,,7,224,167,57,3.63,3.69,3.54,3.42,3.42,3.36,3.1,3.12,3.03,,,,156,157,154,153,154,152,151,151,150,,,,,,2,2,0,,,,,,,,,,,,,,,,,,,,,,,,,,,,,,,,,,,,,,3,2,1,222,165,57,0,0,0,,,,,,,,,
00210400,University of Maryland,2024,2410,,,743,,,202,,,1,203,184,19,3.86,3.86,3.97,3.73,3.73,3.73,3.33,3.35,2.99,,,,165,165,166,163,163,163,154,154,153,,,,,,9,6,3,,,,,,,,,,,,,,,,,,,,,,,,,,,,,,,,,,,,,,2,1,1,194,178,16,0,0,0,,,,,,,,,
00212801,Boston College,2024,6128,,,813,,,213,,,7,220,220,0,3.89,3.89,,3.8,3.8,,3.64,3.64,,,,,168,168,,167,167,,161,161,,,,,,,6,6,0,,,,,,,,,,,,,,,,,,,,,,,,,,,,,,,,,,,,,,10,10,0,214,214,0,0,0,0,,,,,,,,,
00213007,Boston University,2024,6207,,,1279,,,208,,,7,215,215,0,3.92,3.92,,3.88,3.88,,3.66,3.66,,,,,171,171,,170,170,,163,163,,,,,,,5,5,0,,,,,,,,,,,,,,,,,,,,,,,,,,,,,,,,,,,,,,8,8,0,210,210,0,0,0,0,,,,,,,,,
00215510,Harvard University,2024,7231,,,793,,,461,,,99,560,560,0,4,4,,3.95,3.95,,3.89,3.89,,,,,176,176,,174,174,,171,171,,,,,,,43,43,0,,,,,,,,169,166,165,169,165,164,6,6,5,,,,5,5.5,6,164,165,169,165,166,169,,,,,,,,,,13,13,0,517,517,0,0,0,0,,,,,,,,,
00219900,Northeastern University,2024,4133,,,1496,,,261,,,4,265,225,40,3.85,3.85,3.85,3.73,3.74,3.71,3.54,3.56,3.5,,,,165,165,166,163,163,164,159,159,158,,,,,,0,0,0,,,,,,,,,,,,,,,,,,,,,,,,,,,,,,,,,,,,,,4,2,2,265,225,40,0,0,0,,,,,,,,,
00221007,University of Massachusetts Dartmouth,2024,1137,,,681,,,136,,,6,142,120,22,3.7,3.7,3.61,3.39,3.42,3.33,3.06,3.07,2.98,,,,155,155,153,151,151,151,148,148,147,,,,,,8,5,3,,,,,,,,,,,,,,,,,,,,,,,,,,,,,,,,,,,,,,6,5,1,134,115,19,0,0,0,,,,,,,,,
00221810,Suffolk University,2024,2870,,,1874,,,402,,,7,409,307,102,3.74,3.76,3.69,3.55,3.59,3.43,3.35,3.37,3.13,,,,159,159,160,155,155,155,151,151,151,,,,,,12,5,7,,,,,,,,160,156,154,160,155,152,5,4,4,,,,,,,,,,,,,,,,,,,,,,9,3,6,397,302,95,0,0,0,,,,,,,,,
00222600,Western New England University,2024,724,,,446,,,106,,,8,114,80,34,3.67,3.67,3.62,3.29,3.28,3.32,2.95,2.92,3.11,,,,154,155,153,150,150,150,148,148,148,,,,,,0,0,0,,,,,,,,,,,,,,,,,,,,,,,,,,,,,,,,,,,,,,3,1,2,114,80,34,0,0,0,,,,,,,,,
00225400,Michigan State University,2024,1359,,,433,,,139,,,3,142,142,0,3.86,3.86,,3.63,3.63,,3.39,3.39,,,,,162,162,,160,160,,157,157,,,,,,,0,0,0,,,,,,,,,,,,,,,,,,,,,,,,,,,,,,,,,,,,,,1,1,0,142,142,0,0,0,0,,,,,,,,,
00232300,University of Detroit Mercy,2024,1186,,,566,,,219,,,1,220,208,12,3.73,3.75,3.69,3.55,3.55,3.61,3.22,3.2,3.27,,,,156,156,156,154,154,151,151,151,150,,,,,,0,0,0,,,,,,,,,,,,,,,,,,,,,,,,,,,,,,,,,,,,,,5,5,0,220,208,12,0,0,0,,,,,,,,,
00232503,University of Michigan,2024,6766,,,802,,,307,,,13,320,320,0,3.94,3.94,,3.86,3.86,,3.7,3.7,,,,,172,172,,171,171,,166,166,,,,,,,0,0,0,,,,,,,,,,,,,,,,,,,,,,,,,,,,,,,,,,,,,,0,0,0,317,317,0,0,0,0,,,,,,,,,
00232902,Wayne State University,2024,1149,,,337,,,123,,,1,124,117,7,3.94,3.94,0,3.84,3.84,0,3.58,3.58,0,,,,164,164,0,162,162,0,157,157,0,,,,,,1,1,0,,,,,,,,,,,,,,,,,,,,,,,,,,,,,,,,,,,,,,0,0,0,123,116,7,0,0,0,,,,,,,,,
00234500,University of St. Thomas (Minnesota),2024,679,,,437,,,160,,,2,162,162,0,3.81,3.81,,3.64,3.64,,3.47,3.47,,,,,161,161,,156,156,,152,152,,,,,,,0,0,0,,,,,,,,,,,,,,,,,,,,,,,,,,,,,,,,,,,,,,3,3,0,162,162,0,0,0,0,,,,,,,,,
00239101,Mitchell Hamline School of Law,2024,1261,,,761,,,349,,,9,358,131,227,3.64,3.66,3.61,3.34,3.45,3.31,2.99,3.13,2.91,,,,157,158,156,152,154,151,149,151,148,,,,,,0,0,0,,,,,,,,,,,,,,,,,,,,,,,,,,,,,,,,,,,,,,11,1,10,358,131,227,0,0,0,,,,,,,,,
00241501,Mississippi College,2024,725,,,481,,,132,,,7,139,139,0,3.62,3.62,,3.31,3.31,,3.04,3.04,,,,,154,154,,150,150,,147,147,,,,,,,0,0,0,,,,,,,,,,,,,,,,,,,,,,,,,,,,,,,,,,,,,,0,0,0,139,139,0,0,0,0,,,,,,,,,
00244000,University of Mississippi,2024,902,,,417,,,162,,,1,163,163,0,3.88,3.88,,3.64,3.64,,3.41,3.41,,,,,159,159,,157,157,,153,153,,,,,,,0,0,0,,,,,,,,,,,,,,,,,,,,,,,,,,,,,,,,,,,,,,0,0,0,163,163,0,0,0,0,,,,,,,,,
00250609,Saint Louis University,2024,785,,,487,,,190,,,7,197,179,18,3.88,3.89,3.58,3.64,3.66,2.99,3.37,3.42,2.8,,,,160,160,161,156,156,156,153,153,146,,,,,,0,0,0,,,,,,,,,,,,,,,,,,,,,,,,,,,,,,,,,,,,,,2,2,0,197,179,18,0,0,0,,,,,,,,,
00251600,University of Missouri,2024,573,,,298,,,117,,,2,119,119,0,3.95,3.95,,3.76,3.76,,3.44,3.44,,,,,163,163,,160,160,,154,154,,,,,,,0,0,0,,,,,,,,,,,,,,,,,,,,,,,,,,,,,,,,,,,,,,3,3,0,119,119,0,0,0,0,,,,,,,,,
00251800,University of Missouri-Kansas City,2024,590,,,365,,,138,,,1,139,139,0,3.78,3.78,,3.51,3.51,,3.18,3.18,,,,,158,158,,155,155,,152,152,,,,,,,0,0,0,,,,,,,,,,,,,,,,,,,,,,,,,,,,,,,,,,,,,,5,5,0,139,139,0,0,0,0,,,,,,,,,
00252000,Washington University,2024,4798,,,955,,,233,,,7,240,240,0,4,4,,3.96,3.96,,3.45,3.45,,,,,176,176,,173,173,,163,163,,,,,,,6,6,0,,,,,,,,,,,,,,,,,,,,,,,,,,,,,,,,,,,,,,28,28,0,229,229,0,0,0,0,,,,,,,,,
00253600,University of Montana,2024,534,,,288,,,93,,,0,93,93,0,3.75,3.75,,3.52,3.52,,3.21,3.21,,,,,160,160,,156,156,,153,153,,,,,,,4,4,0,,,,,,,,,,,,,,,,,,,,,,,,,,,,,,,,,,,,,,1,1,0,89,89,0,0,0,0,,,,,,,,,
00254200,Creighton University,2024,690,,,480,,,146,,,7,153,153,0,3.73,3.73,,3.42,3.42,,3.02,3.02,,,,,156,156,,152,152,,149,149,,,,,,,0,0,0,,,,,,,,,,,,,,,,,,,,,,,,,,,,,,,,,,,,,,0,0,0,147,147,0,6,6,0,740,770,740,740,740,740,740,730,740
00256500,University of Nebraska,2024,718,,,446,,,149,,,5,154,154,0,3.96,3.96,,3.77,3.77,,3.44,3.44,,,,,161,161,,158,158,,154,154,,,,,,,0,0,0,,,,,,,,,,,,,,,,,,,,,,,,,,,,,,,,,,,,,,2,2,0,153,153,0,0,0,0,,,,,,,,,
00256900,University of Nevada - Las Vegas,2024,842,,,341,,,132,,,3,135,112,23,3.92,3.92,3.76,3.78,3.84,3.22,3.32,3.43,2.8,,,,162,162,161,160,160,156,154,154,152,,,,,,0,0,0,,,,,,,,,,,,,,,,,,,,,,,,,,,,,,,,,,,,,,1,1,0,134,111,23,0,0,0,,,,,,,,,
00258903,University of New Hampshire,2024,1104,,,664,,,238,,,4,242,142,100,3.65,3.68,3.57,3.45,3.52,3.34,3.05,3.15,2.93,,,,158,158,157,155,156,154,151,151,150,,,,,,33,9,24,,,,,,,,159,156,151,158,150,147,5,4,4,,,,,,,,,,,,,3.5,4,4.5,146,150,158,151,154,159,25,6,19,209,133,76,0,0,0,,,,,,,,,
00262900,Rutgers University,2024,3558,,,1358,,,412,,,5,417,340,77,3.8,3.82,3.71,3.61,3.64,3.43,3.28,3.32,3.07,,,,160,160,160,158,158,155,154,155,152,,,,,,0,0,0,,,,,,,,,,,,,,,,,,,,,,,,,,,,,,,,,,,,,,12,7,5,417,340,77,0,0,0,,,,,,,,,
00263201,Seton Hall University,2024,2302,,,986,,,279,,,9,288,249,39,3.86,3.86,3.77,3.69,3.7,3.47,3.47,3.51,3.19,,,,162,162,161,160,160,156,157,157,154,,,,,,5,2,3,,,,,,,,,,,,,,,,,,,,,,,,,,,,,,,,,,,,,,10,8,2,283,247,36,0,0,0,,,,,,,,,
00266300,University of New Mexico,2024,506,,,261,,,95,,,4,99,99,0,3.74,3.74,,3.57,3.57,,3.22,3.22,,,,,160,160,,157,157,,150,150,,,,,,,0,0,0,,,,,,,,,,,,,,,,,,,,,,,,,,,,,,,,,,,,,,1,1,0,99,99,0,0,0,0,,,,,,,,,
00267700,Brooklyn Law School,2024,3846,,,2088,,,379,,,8,387,349,38,3.69,3.7,3.6,3.54,3.55,3.29,3.27,3.29,3.07,,,,162,162,163,160,160,161,156,156,157,,,,,,16,12,4,,,,,,,,161,158,155,157,155,149,5,5,4,,,,4,4.5,5,149,155,157,156,160,162,,,,,,,,,,14,12,2,371,337,34,0,0,0,,,,,,,,,
00270711,Columbia University,2024,7671,,,901,,,360,,,34,394,394,0,3.96,3.96,,3.9,3.9,,3.81,3.81,,,,,175,175,,173,173,,170,170,,,,,,,17,17,0,,,,,,,,166,166,161,166,165,160,6,6,5,,,,5,5.5,5.5,160,165,166,161,166,166,,,,,,,,,,35,35,0,375,375,0,0,0,0,,,,,,,,,
00271101,Cornell University,2024,3722,,,860,,,210,,,6,216,216,0,3.96,3.96,,3.89,3.89,,3.73,3.73,,,,,175,175,,173,173,,169,169,,,,,,,13,13,0,,,,,,,,166,164,163,170,168,162,5,5,5,,,,5,5,5,162,168,170,163,164,166,,,,,,,,,,13,13,0,187,187,0,0,0,0,,,,,,,,,
00272203,Fordham University,2024,6881,,,1524,,,429,,,10,439,375,64,3.84,3.85,3.76,3.76,3.78,3.61,3.57,3.62,3.25,,,,169,169,167,167,167,164,165,165,159,,,,,,16,10,6,,,,,,,,163,160,157,162,160,157,6,5,5,,,,5,5.5,5.5,156,161,162,158,160,162,,,,,,,,,,13,9,4,423,365,58,0,0,0,,,,,,,,,
00273200,Hofstra University,2024,2104,,,1070,,,271,,,1,272,263,9,3.77,3.77,0,3.62,3.62,0,3.32,3.32,0,,,,158,158,0,155,155,0,151,151,0,,,,,,6,5,1,,,,,,,,,,,,,,,,,,,,,,,,,,,,,,,,,,,,,,1,1,0,265,257,8,0,0,0,,,,,,,,,
00278300,New York Law School,2024,3371,,,1777,,,378,,,10,388,349,39,3.75,3.76,3.71,3.59,3.61,3.4,3.33,3.35,3.28,,,,158,158,159,156,156,157,153,153,152,,,,,,0,0,0,,,,,,,,,,,,,,,,,,,,,,,,,,,,,,,,,,,,,,7,5,2,388,349,39,0,0,0,,,,,,,,,
00278500,New York University,2024,8537,,,1423,,,407,,,27,434,434,0,3.96,3.96,,3.91,3.91,,3.8,3.8,,,,,173,173,,172,172,,169,169,,,,,,,4,4,0,,,,,,,,,,,,,,,,,,,,,,,,,,,,,,,,,,,,,,5,5,0,429,429,0,0,0,0,,,,,,,,,
00279102,Pace University,2024,1877,,,984,,,282,,,13,295,230,65,3.75,3.77,3.61,3.51,3.53,3.31,3.17,3.2,2.96,,,,156,156,154,153,153,152,150,151,149,,,,,,3,2,1,,,,,,,,,,,,,,,,,,,,,,,,,,,,,,,,,,,,,,2,1,1,292,228,64,0,0,0,,,,,,,,,
00282300,"St. John's University",2024,3245,,,993,,,238,,,3,241,230,11,3.85,3.86,3.75,3.74,3.74,3.25,3.5,3.52,3.17,,,,164,164,162,162,162,156,154,155,152,,,,,,2,2,0,,,,,,,,,,,,,,,,,,,,,,,,,,,,,,,,,,,,,,4,3,1,234,223,11,0,0,0,,,,,,,,,
00283700,University of Buffalo-SUNY,2024,829,,,370,,,146,,,2,148,148,0,3.87,3.87,,3.71,3.71,,3.44,3.44,,,,,159,159,,156,156,,153,153,,,,,,,5,5,0,,,,,,,,,,,,,,,,,,,,,,,,,,,,,,,,,,,,,,1,1,0,136,136,0,0,0,0,,,,,,,,,
00288200,Syracuse University,2024,2368,,,923,,,236,,,7,243,243,0,3.83,3.83,,3.62,3.62,,3.28,3.28,,,,,161,161,,158,158,,151,151,,,,,,,16,16,0,,,,,,,,162,159,153,156,150,144,5,5,4,,,,4,4.5,5,144,150,156,153,159,162,,,,,,,,,,9,9,0,227,227,0,0,0,0,,,,,,,,,
00288600,Albany Law School of Union University,2024,1892,,,901,,,221,,,4,225,225,0,3.71,3.71,,3.47,3.47,,3.19,3.19,,,,,159,159,,156,156,,154,154,,,,,,,0,0,0,,,,,,,,,,,,,,,,,,,,,,,,,,,,,,,,,,,,,,7,7,0,225,225,0,0,0,0,,,,,,,,,
00290301,Cardozo School of Law,2024,3122,,,1172,,,307,,,11,318,318,0,3.88,3.88,,3.8,3.8,,3.6,3.6,,,,,166,166,,164,164,,160,160,,,,,,,5,5,0,,,,,,,,,,,,,,,,,,,,,,,,,,,,,,,,,,,,,,10,10,0,313,313,0,0,0,0,,,,,,,,,
00291300,Campbell University,2024,1124,,,387,,,190,,,1,191,191,0,3.8,3.8,,3.57,3.57,,3.28,3.28,,,,,158,158,,156,156,,153,153,,,,,,,0,0,0,,,,,,,,,,,,,,,,,,,,,,,,,,,,,,,,,,,,,,1,1,0,191,191,0,0,0,0,,,,,,,,,
00292002,Duke University,2024,5395,,,749,,,237,,,13,250,250,0,3.96,3.96,,3.89,3.89,,3.79,3.79,,,,,171,171,,170,170,,168,168,,,,,,,4,4,0,,,,,,,,,,,,,,,,,,,,,,,,,,,,,,,,,,,,,,5,5,0,246,246,0,0,0,0,,,,,,,,,
00292701,Elon University,2024,1137,,,544,,,201,,,5,206,170,36,3.68,3.68,3.65,3.41,3.41,3.39,3.16,3.14,3.23,,,,156,156,155,153,153,152,151,151,148,,,,,,0,0,0,,,,,,,,,,,,,,,,,,,,,,,,,,,,,,,,,,,,,,2,2,0,206,170,36,0,0,0,,,,,,,,,
00295000,North Carolina Central University,2024,1233,,,394,,,126,,,7,133,117,16,3.66,3.66,3.66,3.41,3.46,3.29,3.02,3.03,3.01,,,,153,152,155,150,150,152,148,148,148,,,,,,0,0,0,,,,,,,,,,,,,,,,,,,,,,,,,,,,,,,,,,,,,,0,0,0,133,117,16,0,0,0,,,,,,,,,
00297400,University of North Carolina,2024,2616,,,397,,,177,,,4,181,181,0,3.92,3.92,,3.85,3.85,,3.73,3.73,,,,,168,168,,167,167,,164,164,,,,,,,0,0,0,,,,,,,,,,,,,,,,,,,,,,,,,,,,,,,,,,,,,,1,1,0,181,181,0,0,0,0,,,,,,,,,
00297805,Wake Forest University,2024,2448,,,657,,,191,,,1,192,192,0,3.93,3.93,,3.84,3.84,,3.66,3.66,,,,,167,167,,166,166,,163,163,,,,,,,2,2,0,,,,,,,,,,,,,,,,,,,,,,,,,,,,,,,,,,,,,,2,2,0,190,190,0,0,0,0,,,,,,,,,
00300500,University of North Dakota,2024,450,,,235,,,81,,,1,82,82,0,3.76,3.76,,3.46,3.46,,3.19,3.19,,,,,154,154,,150,150,,147,147,,,,,,,0,0,0,,,,,,,,,,,,,,,,,,,,,,,,,,,,,,,,,,,,,,1,1,0,82,82,0,0,0,0,,,,,,,,,
00302302,Capital University,2024,737,,,532,,,174,,,4,178,149,29,3.72,3.74,3.46,3.39,3.43,3.32,3.07,3.11,2.86,,,,155,155,156,151,151,151,148,148,148,,,,,,0,0,0,,,,,,,,,,,,,,,,,,,,,,,,,,,,,,,,,,,,,,2,0,2,178,149,29,0,0,0,,,,,,,,,
00302400,Case Western Reserve University,2024,1758,,,653,,,193,,,5,198,166,32,3.85,3.86,3.83,3.7,3.71,3.56,3.45,3.46,3.22,,,,162,162,165,160,160,161,156,156,157,,,,,,5,3,2,,,,,,,,,,,,,,,,,,,,,,,,,,,,,,,,,,,,,,4,4,0,193,163,30,0,0,0,,,,,,,,,
00303200,Cleveland State University,2024,1199,,,453,,,190,,,2,192,124,68,3.73,3.79,3.5,3.43,3.53,3.19,3.02,3.2,2.91,,,,157,157,157,155,154,155,152,152,152,,,,,,12,4,8,,,,,,,,162,157,153,154,150,144,5,5,4,,,,,,,,,,,,,,,,,,,,,,1,0,1,180,120,60,0,0,0,,,,,,,,,
00308900,Ohio Northern University,2024,1041,,,120,,,74,,,47,121,74,47,3.59,3.55,3.65,3.3,3.3,3.31,3.02,3.06,2.97,,,,151,150,153,148,147,150,146,143,148,,,,,,0,0,0,,,,,,,,,,,,,,,,,,,,,,,,,,,,,,,,,,,,,,3,2,1,121,74,47,0,0,0,,,,,,,,,
00309000,The Ohio State University,2024,2194,,,645,,,155,,,5,160,160,0,3.97,3.97,,3.89,3.89,,3.66,3.66,,,,,168,168,,166,166,,161,161,,,,,,,0,0,0,,,,,,,,,,,,,,,,,,,,,,,,,,,,,,,,,,,,,,0,0,0,160,160,0,0,0,0,,,,,,,,,
00312300,University of Akron,2024,685,,,400,,,145,,,8,153,115,38,3.81,3.82,3.68,3.54,3.56,3.48,3.08,3.19,3.02,,,,157,157,155,153,153,153,151,151,150,,,,,,2,1,1,,,,,,,,,,,,,,,,,,,,,,,,,,,,,,,,,,,,,,0,0,0,146,110,36,0,0,0,,,,,,,,,
00312500,University of Cincinnati,2024,978,,,417,,,132,,,5,137,137,0,3.92,3.92,,3.81,3.81,,3.64,3.64,,,,,161,161,,158,158,,155,155,,,,,,,0,0,0,,,,,,,,,,,,,,,,,,,,,,,,,,,,,,,,,,,,,,4,4,0,134,134,0,0,0,0,,,,,,,,,
00312700,University of Dayton,2024,1110,,,418,,,129,,,1,130,82,48,3.84,3.87,3.83,3.66,3.66,3.66,3.35,3.39,3.23,,,,158,157,160,156,155,158,154,153,157,,,,,,8,3,5,,,,,,,,,,,,,,,,,,,,,,,,,,,,,,,,,,,,,,4,2,2,118,79,39,4,0,4,820,0,820,770,0,770,760,0,760
00313100,University of Toledo,2024,614,,,259,,,143,,,7,150,138,12,3.79,3.81,3.71,3.58,3.58,3.33,3.26,3.28,2.86,,,,155,155,154,152,152,153,149,149,148,,,,,,3,3,0,,,,,,,,,,,,,,,,,,,,,,,,,,,,,,,,,,,,,,0,0,0,147,135,12,0,0,0,0,0,0,0,0,0,0,0,0
00316614,Oklahoma City University,2024,692,,,390,,,152,,,4,156,156,0,3.7,3.7,,3.47,3.47,,3.16,3.16,,,,,155,155,,151,151,,148,148,,,,,,,0,0,0,,,,,,,,,,,,,,,,,,,,,,,,,,,,,,,,,,,,,,0,0,0,156,156,0,0,0,0,,,,,,,,,
00318400,University of Oklahoma,2024,1246,,,491,,,170,,,6,176,176,0,3.89,3.89,,3.74,3.74,,3.46,3.46,,,,,162,162,,160,160,,156,156,,,,,,,2,2,0,,,,,,,,,,,,,,,,,,,,,,,,,,,,,,,,,,,,,,1,1,0,174,174,0,0,0,0,,,,,,,,,
00318500,University of Tulsa,2024,473,,,226,,,86,,,0,86,86,0,3.85,3.85,,3.52,3.52,,3.21,3.21,,,,,158,158,,156,156,,154,154,,,,,,,0,0,0,,,,,,,,,,,,,,,,,,,,,,,,,,,,,,,,,,,,,,0,0,0,86,86,0,0,0,0,,,,,,,,,
00319700,Lewis and Clark College,2024,907,,,574,,,157,,,9,166,150,16,3.79,3.8,3.74,3.58,3.59,3.52,3.28,3.28,3.13,,,,163,163,159,160,160,157,157,157,154,,,,,,0,0,0,,,,,,,,,,,,,,,,,,,,,,,,,,,,,,,,,,,,,,5,5,0,166,150,16,0,0,0,,,,,,,,,
00322300,University of Oregon,2024,1358,,,902,,,169,,,5,174,174,0,3.76,3.76,,3.56,3.56,,3.35,3.35,,,,,161,161,,159,159,,155,155,,,,,,,0,0,0,,,,,,,,,,,,,,,,,,,,,,,,,,,,,,,,,,,,,,1,1,0,168,168,0,0,0,0,,,,,,,,,
00322700,Willamette University,2024,759,,,505,,,119,,,2,121,121,0,3.71,3.71,,3.4,3.4,,3.06,3.06,,,,,155,155,,152,152,,149,149,,,,,,,6,6,0,,,,,,,,,,,,,,,,,,,,,,,,,,,,,,,,,,,,,,0,0,0,115,115,0,0,0,0,,,,,,,,,
00325600,Drexel University,2024,1868,,,706,,,160,,,5,165,165,0,3.85,3.85,,3.72,3.72,,3.45,3.45,,,,,160,160,,158,158,,153,153,,,,,,,1,1,0,,,,,,,,,,,,,,,,,,,,,,,,,,,,,,,,,,,,,,2,2,0,164,164,0,0,0,0,,,,,,,,,
00325800,Duquesne University,2024,1071,,,600,,,167,,,2,169,129,40,3.83,3.84,3.59,3.57,3.66,3.2,3.2,3.33,2.78,,,,159,159,158,156,157,154,154,155,152,,,,,,5,2,3,,,,,,,,,,,,,,,,,,,,,,,,,,,,,,,,,,,,,,0,0,0,164,127,37,0,0,0,,,,,,,,,
00331301,Widener University-Delaware,2024,1130,,,750,,,250,,,3,253,202,51,3.56,3.56,3.6,3.28,3.29,3.26,2.95,2.95,2.95,,,,154,154,154,150,150,151,148,148,148,,,,,,2,0,2,,,,,,,,,,,,,,,,,,,,,,,,,,,,,,,,,,,,,,3,2,1,250,202,48,1,0,1,0,0,0,0,0,0,0,0,0
00331302,Widener Commonwealth,2024,776,,,516,,,160,,,5,165,140,25,3.64,3.64,3.54,3.36,3.38,3.2,3.06,3.07,2.86,,,,151,150,153,148,148,150,147,146,148,,,,,,1,1,0,,,,,,,,,,,,,,,,,,,,,,,,,,,,,,,,,,,,,,4,3,1,164,139,25,0,0,0,,,,,,,,,
00332900,Pennsylvania State University-Penn State Law,2024,1397,,,718,,,126,,,2,128,128,0,3.83,3.83,,3.71,3.71,,3.5,3.5,,,,,158,158,,155,155,,152,152,,,,,,,6,6,0,,,,,,,,,,,,,,,,,,,,,,,,,,,,,,,,,,,,,,3,3,0,122,122,0,0,0,0,,,,,,,,,
00332922,Pennsylvania State University,2024,,,,,,,,,,,,,,,,,,,,,,,,,,,,,,,,,,,,,,,,,,,,,,,,,,,,,,,,,,,,,,,,,,,,,,,,,,,,,,,,,,,,,,,,,,,,,,,,,
00332923,Pennsylvania State University-Dickinson School of Law,2024,1154,,,477,,,106,,,1,107,107,0,3.88,3.88,,3.68,3.68,,3.42,3.42,,,,,162,162,,161,161,,155,155,,,,,,,4,4,0,,,,,,,,,,,,,,,,,,,,,,,,,,,,,,,,,,,,,,6,6,0,102,102,0,0,0,0,,,,,,,,,
00337101,Temple University,2024,2248,,,804,,,218,,,2,220,187,33,3.81,3.83,3.75,3.67,3.7,3.54,3.42,3.46,3.15,,,,165,165,163,163,163,160,159,160,158,,,,,,7,4,3,,,,,,,,,,,,,,,,,,,,,,,,,,,,,,,,,,,,,,6,4,2,213,183,30,0,0,0,,,,,,,,,
00337800,University of Pennsylvania,2024,6461,,,643,,,245,,,6,251,251,0,3.99,3.99,,3.93,3.93,,3.77,3.77,,,,,174,174,,172,172,,168,168,,,,,,,9,9,0,,,,,,,,,,,,,,,,,,,,,,,,,,,,,,,,,,,,,,0,0,0,242,242,0,0,0,0,,,,,,,,,
00337900,University of Pittsburgh,2024,1055,,,545,,,133,,,3,136,136,0,3.79,3.79,,3.56,3.56,,3.28,3.28,,,,,162,162,,159,159,,156,156,,,,,,,0,0,0,,,,,,,,,,,,,,,,,,,,,,,,,,,,,,,,,,,,,,1,1,0,136,136,0,0,0,0,,,,,,,,,
00338801,Villanova University,2024,2740,,,601,,,211,,,1,212,212,0,3.91,3.91,,3.81,3.81,,3.65,3.65,,,,,165,165,,164,164,,160,160,,,,,,,0,0,0,,,,,,,,,,,,,,,,,,,,,,,,,,,,,,,,,,,,,,2,2,0,212,212,0,0,0,0,,,,,,,,,
00341001,Roger Williams University,2024,928,,,628,,,147,,,5,152,152,0,3.71,3.71,,3.44,3.44,,3.1,3.1,,,,,153,153,,149,149,,146,146,,,,,,,0,0,0,,,,,,,,,,,,,,,,,,,,,,,,,,,,,,,,,,,,,,2,2,0,152,152,0,0,0,0,,,,,,,,,
00344800,University of South Carolina,2024,2098,,,619,,,221,,,5,226,226,0,3.91,3.91,,3.74,3.74,,3.48,3.48,,,,,163,163,,161,161,,159,159,,,,,,,3,3,0,,,,,,,,,,,,,,,,,,,,,,,,,,,,,,,,,,,,,,1,1,0,219,219,0,0,0,0,,,,,,,,,
00347400,University of South Dakota,2024,366,,,240,,,83,,,3,86,86,0,3.87,3.87,,3.55,3.55,,3.15,3.15,,,,,155,155,,152,152,,149,149,,,,,,,3,3,0,,,,,,,,,,,,,,,,,,,,,,,,,,,,,,,,,,,,,,0,0,0,83,83,0,0,0,0,,,,,,,,,
00347900,Belmont University,2024,1156,,,479,,,145,,,0,145,145,0,3.9,3.9,,3.79,3.79,,3.58,3.58,,,,,162,162,,160,160,,157,157,,,,,,,0,0,0,,,,,,,,,,,,,,,,,,,,,,,,,,,,,,,,,,,,,,0,0,0,143,143,0,0,0,0,,,,,,,,,
00350200,Lincoln Memorial University,2024,672,,,365,,,148,,,1,149,104,45,3.7,3.73,3.6,3.44,3.49,3.14,3.05,3.12,2.78,,,,154,154,155,152,152,152,150,149,150,,,,,,4,0,4,,,,,,,,,,,,,,,,,,,,,,,,,,,,,,,,,,,,,,1,0,1,145,104,41,0,0,0,,,,,,,,,
00350900,University of Memphis,2024,537,,,235,,,72,,,2,74,74,0,3.84,3.84,,3.48,3.48,,3.19,3.19,,,,,157,157,,154,154,,152,152,,,,,,,1,1,0,,,,,,,,,,,,,,,,,,,,,,,,,,,,,,,,,,,,,,0,0,0,73,73,0,0,0,0,,,,,,,,,
00353000,University of Tennessee,2024,1852,,,487,,,132,,,1,133,133,0,3.93,3.93,,3.82,3.82,,3.47,3.47,,,,,164,164,,163,163,,158,158,,,,,,,0,0,0,,,,,,,,,,,,,,,,,,,,,,,,,,,,,,,,,,,,,,2,2,0,133,133,0,0,0,0,,,,,,,,,
00353500,Vanderbilt University,2024,4808,,,887,,,157,,,3,160,160,0,3.94,3.94,,3.89,3.89,,3.66,3.66,,,,,170,170,,169,169,,163,163,,,,,,,0,0,0,,,,,,,,,,,,,,,,,,,,,,,,,,,,,,,,,,,,,,1,1,0,160,160,0,0,0,0,,,,,,,,,
00354500,Baylor University,2024,3012,,,811,,,206,,,0,206,206,0,3.85,3.85,,3.73,3.73,,3.47,3.47,,,,,164,164,,163,163,,157,157,,,,,,,0,0,0,,,,,,,,,,,,,,,,,,,,,,,,,,,,,,,,,,,,,,3,3,0,206,206,0,0,0,0,,,,,,,,,
00361300,Southern Methodist University,2024,2540,,,772,,,223,,,4,227,227,0,3.93,3.93,,3.86,3.86,,3.6,3.6,,,,,166,166,,165,165,,161,161,,,,,,,5,5,0,,,,,,,,,,,,,,,,,,,,,,,,,,,,,,,,,,,,,,4,4,0,222,222,0,0,0,0,,,,,,,,,
00362300,"St. Mary's University",2024,2417,,,785,,,275,,,4,279,253,26,3.68,3.68,3.6,3.41,3.43,3.35,3.09,3.09,3.09,,,,156,155,162,153,153,157,150,150,156,,,,,,0,0,0,,,,,,,,,,,,,,,,,,,,,,,,,,,,,,,,,,,,,,3,3,0,279,253,26,0,0,0,,,,,,,,,
00363221,Texas A&M University,2024,4556,,,614,,,120,,,1,121,120,1,4,4,0,3.97,3.97,0,3.56,3.56,0,,,,169,169,0,168,168,0,160,160,0,,,,,,0,0,0,,,,,,,,,,,,,,,,,,,,,,,,,,,,,,,,,,,,,,1,1,0,117,116,1,1,1,0,0,0,0,0,0,0,0,0,0
00364200,Texas Southern University,2024,1914,,,682,,,194,,,15,209,209,0,3.61,3.61,,3.21,3.21,,2.72,2.72,,,,,152,152,,150,150,,148,148,,,,,,,4,4,0,,,,,,,,,,,,,,,,,,,,,,,,,,,,,,,,,,,,,,0,0,0,205,205,0,0,0,0,,,,,,,,,
00364400,Texas Tech University,2024,1771,,,594,,,159,,,1,160,160,0,3.82,3.82,,3.65,3.65,,3.4,3.4,,,,,160,160,,158,158,,154,154,,,,,,,0,0,0,,,,,,,,,,,,,,,,,,,,,,,,,,,,,,,,,,,,,,0,0,0,160,160,0,0,0,0,,,,,,,,,
00365200,University of Houston,2024,3245,,,923,,,268,,,4,272,244,28,3.87,3.88,3.86,3.75,3.74,3.79,3.6,3.61,3.56,,,,163,163,164,161,161,159,158,158,153,,,,,,4,4,0,,,,,,,,,,,,,,,,,,,,,,,,,,,,,,,,,,,,,,7,5,2,266,238,28,0,0,0,,,,,,,,,
00365800,University of Texas at Austin,2024,5475,,,854,,,269,,,13,282,282,0,3.97,3.97,,3.89,3.89,,3.74,3.74,,,,,172,172,,171,171,,167,167,,,,,,,8,8,0,,,,,,,,,,,,,,,,,,,,,,,,,,,,,,,,,,,,,,14,14,0,274,274,0,0,0,0,,,,,,,,,
00367000,Brigham Young University,2024,598,,,166,,,117,,,0,117,117,0,3.98,3.98,,3.92,3.92,,3.7,3.7,,,,,170,170,,168,168,,164,164,,,,,,,2,2,0,,,,,,,,,,,,,,,,,,,,,,,,,,,,,,,,,,,,,,1,1,0,86,86,0,0,0,0,,,,,,,,,
00367500,University of Utah,2024,1159,,,287,,,107,,,2,109,109,0,3.95,3.95,,3.86,3.86,,3.7,3.7,,,,,167,167,,165,165,,161,161,,,,,,,0,0,0,,,,,,,,,,,,,,,,,,,,,,,,,,,,,,,,,,,,,,0,0,0,108,108,0,0,0,0,,,,,,,,,
00370500,William and Mary Law School,2024,1564,,,504,,,158,,,0,158,158,0,3.86,3.86,,3.75,3.75,,3.49,3.49,,,,,166,166,,164,164,,159,159,,,,,,,0,0,0,,,,,,,,,,,,,,,,,,,,,,,,,,,,,,,,,,,,,,3,3,0,158,158,0,0,0,0,,,,,,,,,
00374400,University of Richmond,2024,1480,,,635,,,130,,,3,133,133,0,3.83,3.83,,3.75,3.75,,3.5,3.5,,,,,165,165,,164,164,,158,158,,,,,,,0,0,0,,,,,,,,,,,,,,,,,,,,,,,,,,,,,,,,,,,,,,0,0,0,133,133,0,0,0,0,,,,,,,,,
00374500,University of Virginia,2024,5164,,,719,,,285,,,20,305,305,0,4,4,,3.96,3.96,,3.78,3.78,,,,,174,174,,172,172,,167,167,,,,,,,2,2,0,,,,,,,,,,,,,,,,,,,,,,,,,,,,,,,,,,,,,,0,0,0,303,303,0,0,0,0,,,,,,,,,
00374900,George Mason University,2024,2397,,,350,,,116,,,0,116,100,16,3.99,4,3.82,3.92,3.93,3.67,3.63,3.65,3.28,,,,169,169,170,168,168,168,160,160,162,,,,,,2,1,1,,,,,,,,,,,,,,,,,,,,,,,,,,,,,,,,,,,,,,0,0,0,110,95,15,0,0,0,,,,,,,,,
00376800,Washington and Lee University,2024,1749,,,554,,,122,,,3,125,125,0,3.83,3.83,,3.73,3.73,,3.42,3.42,,,,,167,167,,166,166,,159,159,,,,,,,3,3,0,,,,,,,,,,,,,,,,,,,,,,,,,,,,,,,,,,,,,,4,4,0,122,122,0,0,0,0,,,,,,,,,
00377800,Gonzaga University,2024,1230,,,659,,,186,,,4,190,190,0,3.8,3.8,,3.55,3.55,,3.32,3.32,,,,,157,157,,154,154,,153,153,,,,,,,1,1,0,,,,,,,,,,,,,,,,,,,,,,,,,,,,,,,,,,,,,,0,0,0,189,189,0,0,0,0,,,,,,,,,
00379001,Seattle University,2024,1687,,,898,,,208,,,2,210,150,60,3.72,3.74,3.69,3.53,3.53,3.49,3.21,3.27,3.11,,,,160,159,162,157,157,157,153,153,153,,,,,,8,0,8,,,,,,,,,,,,,,,,,,,,,,,,,,,,,,,,,,,,,,2,1,1,202,150,52,0,0,0,,,,,,,,,
00379800,University of Washington,2024,2489,,,1008,,,175,,,3,178,178,0,3.83,3.83,,3.67,3.67,,3.47,3.47,,,,,166,166,,163,163,,160,160,,,,,,,0,0,0,,,,,,,,,,,,,,,,,,,,,,,,,,,,,,,,,,,,,,6,6,0,178,178,0,0,0,0,,,,,,,,,
00382700,West Virginia University,2024,496,,,217,,,95,,,2,97,97,0,3.83,3.83,,3.58,3.58,,3.25,3.25,,,,,158,158,,156,156,,152,152,,,,,,,7,7,0,,,,,,,,,,,,,,,,,,,,,,,,,,,,,,,,,,,,,,0,0,0,90,90,0,0,0,0,,,,,,,,,
00386300,Marquette University,2024,1584,,,466,,,194,,,0,194,190,4,3.85,3.85,0,3.7,3.7,0,3.55,3.55,0,,,,159,159,0,156,156,0,153,153,0,,,,,,0,0,0,,,,,,,,,,,,,,,,,,,,,,,,,,,,,,,,,,,,,,0,0,0,194,190,4,0,0,0,,,,,,,,,
00389500,University of Wisconsin,2024,1818,,,526,,,227,,,2,229,229,0,3.92,3.92,,3.81,3.81,,3.54,3.54,,,,,166,166,,165,165,,158,158,,,,,,,0,0,0,,,,,,,,,,,,,,,,,,,,,,,,,,,,,,,,,,,,,,5,5,0,229,229,0,0,0,0,,,,,,,,,
00393200,University of Wyoming,2024,376,,,233,,,77,,,0,77,77,0,3.72,3.72,,3.46,3.46,,3.06,3.06,,,,,158,158,,155,155,,152,152,,,,,,,0,0,0,,,,,,,,,,,,,,,,,,,,,,,,,,,,,,,,,,,,,,0,0,0,77,77,0,0,0,0,,,,,,,,,
00393600,Pontifical Catholic University of P.R.,2024,318,,,141,,,113,,,0,113,75,38,3.69,3.75,3.5,3.37,3.53,3.24,3,3.06,2.99,,,,140,140,140,137,137,136,135,135,134,,,,,,0,0,0,,,,,,,,,,,,,,,,,,,,,,,,,,,,,,,,,,,,,,0,0,0,113,75,38,0,0,0,,,,,,,,,
00394200,University of Puerto Rico,2024,325,,,160,,,128,,,4,132,92,40,3.88,3.9,3.82,3.73,3.75,3.67,3.52,3.56,3.32,,,,153,153,155,148,148,150,144,144,144,,,,,,0,0,0,,,,,,,,,,,,,,,,,,,,,,,,,,,,,,,,,,,,,,0,0,0,132,92,40,0,0,0,,,,,,,,,
00394700,"UC College of the Law, San Francisco",2024,3696,,,1386,,,385,,,5,390,390,0,3.77,3.77,,3.63,3.63,,3.43,3.43,,,,,162,162,,160,160,,157,157,,,,,,,6,6,0,,,,,,,,,,,,,,,,,,,,,,,,,,,,,,,,,,,,,,10,10,0,384,384,0,0,0,0,,,,,,,,,
00396900,University of Minnesota,2024,2442,,,853,,,189,,,6,195,195,0,3.95,3.95,,3.88,3.88,,3.63,3.63,,,,,170,170,,169,169,,162,162,,,,,,,0,0,0,,,,,,,,,,,,,,,,,,,,,,,,,,,,,,,,,,,,,,7,7,0,195,195,0,0,0,0,,,,,,,,,
00425090,Inter American University of Puerto Rico,2024,427,,,232,,,155,,,1,156,93,63,3.6,3.62,3.59,3.32,3.35,3.31,3.07,3.09,3.06,,,,148,149,146,143,143,143,140,140,140,,,,,,0,0,0,,,,,,,,,,,,,,,,,,,,,,,,,,,,,,,,,,,,,,2,2,0,156,93,63,0,0,0,,,,,,,,,
00497700,South Texas College of Law,2024,2298,,,891,,,395,,,4,399,316,83,3.57,3.57,3.52,3.35,3.36,3.33,3.04,3.07,2.92,,,,157,157,157,154,154,154,151,151,151,,,,,,11,4,7,,,,,,,,162,155,152,155,151,145,5,4,4,,,,,,,,,,,,,,,,,,,,,,5,2,3,388,312,76,0,0,0,,,,,,,,,
00891600,New England Law | Boston,2024,3393,,,2588,,,400,,,7,407,341,66,3.58,3.58,3.61,3.31,3.31,3.31,2.95,2.98,2.84,,,,157,157,158,153,153,153,149,149,147,,,,,,7,4,3,,,,,,,,,,,,,,,,,,,,,,,,,,,,,,,,,,,,,,5,4,1,400,337,63,0,0,0,,,,,,,,,
00927500,Northern Kentucky University,2024,507,,,342,,,145,,,9,154,122,32,3.77,3.79,3.59,3.5,3.55,3.16,3.14,3.25,2.95,,,,156,155,157,152,152,152,150,150,151,,,,,,2,0,2,,,,,,,,,,,,,,,,,,,,,,,,,,,,,,,,,,,,,,0,0,0,152,122,30,0,0,0,,,,,,,,,
00963500,Florida International University,2024,2667,,,561,,,178,,,0,178,146,32,3.86,3.85,3.88,3.73,3.72,3.76,3.38,3.39,3.17,,,,161,161,160,160,160,157,158,158,152,,,,,,4,0,4,,,,,,,,,,,,,,,,,,,,,,,,,,,,,,,,,,,,,,4,2,2,173,145,28,0,0,0,0,0,0,0,0,0,0,0,0
01014205,Touro University,2024,1272,,,614,,,196,,,2,198,129,69,3.52,3.47,3.72,3.22,3.21,3.25,2.89,2.91,2.78,,,,153,152,156,151,151,153,150,150,151,,,,,,7,1,6,,,,,,,,,,,,,,,,,,,,,,,,,,,,,,,,,,,,,,3,1,2,191,128,63,0,0,0,,,,,,,,,
01014913,Pepperdine University,2024,3879,,,1103,,,181,,,9,190,190,0,3.94,3.94,,3.85,3.85,,3.49,3.49,,,,,165,165,,164,164,,159,159,,,,,,,5,5,0,,,,,,,,,,,,,,,,,,,,,,,,,,,,,,,,,,,,,,4,4,0,185,185,0,0,0,0,,,,,,,,,
01039501,University of San Diego,2024,3243,,,1203,,,251,,,5,256,246,10,3.89,3.89,3.73,3.8,3.8,3.5,3.53,3.55,3.26,,,,163,163,164,161,161,164,157,157,162,,,,,,6,5,1,,,,,,,,,,,,,,,,,,,,,,,,,,,,,,,,,,,,,,4,3,1,250,241,9,0,0,0,,,,,,,,,
01164901,Loyola Marymount University-Los Angeles,2024,3833,,,1173,,,316,,,8,324,277,47,3.85,3.86,3.7,3.72,3.75,3.51,3.52,3.57,3.23,,,,165,165,163,162,162,160,159,160,157,,,,,,6,1,5,,,,,,,,,,,,,,,,,,,,,,,,,,,,,,,,,,,,,,2,0,2,316,274,42,0,0,0,,,,,,,,,
01193400,Vermont Law School,2024,1177,,,761,,,236,,,5,241,117,124,3.53,3.62,3.35,3.18,3.4,3.08,2.89,2.97,2.79,,,,156,158,155,151,151,151,147,147,148,,,,,,4,1,3,,,,,,,,,,,,,,,,,,,,,,,,,,,,,,,,,,,,,,7,3,4,237,116,121,0,0,0,,,,,,,,,
01262700,Thomas M. Cooley Law School,2024,1162,,,553,,,139,,,0,139,60,79,3.49,3.34,3.54,3.15,3.03,3.23,2.86,2.76,2.97,,,,151,151,151,147,147,148,146,146,146,,,,,,0,0,0,,,,,,,,,,,,,,,,,,,,,,,,,,,,,,,,,,,,,,1,0,1,139,60,79,0,0,0,,,,,,,,,
01310300,California Western School of Law,2024,1792,,,991,,,258,,,15,273,246,27,3.6,3.59,3.64,3.39,3.39,3.34,3.07,3.08,2.98,,,,157,156,158,153,153,154,151,150,152,,,,,,11,10,1,,,,,,,,161,155,151,155,150,147,5,4,3,,,,3,3.5,4.5,147,150,152,151,155,157,,,,,,,,,,2,2,0,261,235,26,1,1,0,0,0,0,0,0,0,0,0,0
02053000,Liberty University,2024,501,,,296,,,105,,,3,108,108,0,3.79,3.79,,3.55,3.55,,3.24,3.24,,,,,156,156,,153,153,,150,150,,,,,,,0,0,0,,,,,,,,,,,,,,,,,,,,,,,,,,,,,,,,,,,,,,3,3,0,108,108,0,0,0,0,,,,,,,,,
02179937,Western State College of Law,2024,823,,,399,,,126,,,10,136,95,41,3.56,3.58,3.39,3.26,3.34,3.07,2.97,3.07,2.69,,,,154,155,154,151,152,151,149,149,150,,,,,,2,2,0,,,,,,,,,,,,,,,,,,,,,,,,,,,,,,,,,,,,,,3,1,2,134,93,41,0,0,0,,,,,,,,,
03091300,Regent University,2024,539,,,239,,,115,,,4,119,114,5,3.8,3.8,0,3.64,3.64,0,3.39,3.39,0,,,,161,161,0,158,158,0,153,153,0,,,,,,0,0,0,,,,,,,,,,,,,,,,,,,,,,,,,,,,,,,,,,,,,,1,1,0,119,114,5,0,0,0,,,,,,,,,
03173300,"Atlanta's John Marshall Law School",2024,998,,,454,,,133,,,2,135,102,33,3.46,3.51,3.3,3.09,3.1,3,2.72,2.75,2.59,,,,153,152,154,150,150,150,149,149,149,,,,,,0,0,0,,,,,,,,,,,,,,,,,,,,,,,,,,,,,,,,,,,,,,1,1,0,135,102,33,0,0,0,,,,,,,,,
03191300,City University of New York,2024,1673,,,674,,,201,,,12,213,149,64,3.72,3.75,3.58,3.44,3.55,3.27,3.09,3.17,3.03,,,,158,159,157,154,154,153,151,151,151,,,,,,0,0,0,,,,,,,,,,,,,,,,,,,,,,,,,,,,,,,,,,,,,,4,0,4,213,149,64,0,0,0,,,,,,,,,
03559300,Appalachian School of Law,2024,615,,,269,,,56,,,6,62,62,0,3.56,3.56,,3.04,3.04,,2.77,2.77,,,,,150,150,,147,147,,145,145,,,,,,,0,0,0,,,,,,,,,,,,,,,,,,,,,,,,,,,,,,,,,,,,,,0,0,0,62,62,0,0,0,0,,,,,,,,,
03691400,Ave Maria School of Law,2024,860,,,456,,,129,,,4,133,133,0,3.76,3.76,,3.41,3.41,,3.06,3.06,,,,,156,156,,153,153,,150,150,,,,,,,0,0,0,,,,,,,,,,,,,,,,,,,,,,,,,,,,,,,,,,,,,,1,1,0,133,133,0,0,0,0,,,,,,,,,
04096300,Charleston School of Law,2024,2136,,,1070,,,270,,,2,272,272,0,3.75,3.75,,3.54,3.54,,3.26,3.26,,,,,155,155,,153,153,,150,150,,,,,,,1,1,0,,,,,,,,,,,,,,,,,,,,,,,,,,,,,,,,,,,,,,0,0,0,270,270,0,1,1,0,0,0,0,0,0,0,0,0,0
04242101,UNT Dallas College Of Law,2024,1604,,,444,,,140,,,2,142,99,43,3.72,3.73,3.71,3.49,3.51,3.44,3.26,3.3,3.16,,,,156,156,155,153,153,152,150,150,151,,,,,,0,0,0,,,,,,,,,,,,,,,,,,,,,,,,,,,,,,,,,,,,,,1,1,0,142,99,43,0,0,0,,,,,,,,,