schoolid,schoolname,CalendarYear,Firsttimebaryear,GradTotal,GradDidNotTake,GradTakers,graddidnottakepct,GradNoInfo,gradnoinfopct,graddidnottakenoinfopct,PriorYrFirstTimeTaker,EarlyFirstTimeTakers,TotalFirstTimeTakers,totalfirsttimepassers,reportpct,avgschoolpasspct,avgstatepasspct,avgpasspctdiff,GradAltPath,AvgPassPctAltPath,UltimateBarYear,UltimateCohortTotal,UltimateDidNotTake,UltimateNoInfo,UltimateTakers,UltimatePassers,UltimateSchoolPassPct,UltimateAltPath,UltimatePassPctAltPath
00100300,Faulkner University,2024,2023,36,2,34,0.0556,0,0,0.0556,5,0,39,26,,0.6667,0.7902,-0.1235,0,0.6667,2021,61,5,0,56,50,0.8929,0,0.8929
00103600,Samford University,2024,2023,138,11,127,0.0797,0,0,0.0797,7,0,134,105,,0.7836,0.7888,-0.0052,0,0.7836,2021,132,3,2,129,121,0.938,0,0.938
00105100,University of Alabama,2024,2023,122,4,114,0.0328,4,0.0328,0.0656,1,0,115,105,,0.913,0.7823,0.1307,0,0.913,2021,118,8,1,109,103,0.945,0,0.945
00108100,Arizona State University,2024,2023,262,35,219,0.1336,8,0.0305,0.1641,19,4,238,206,,0.8655,0.7472,0.1183,,0.8655,2021,267,2,2,263,252,0.9582,0,0.9582
00108300,University of Arizona,2024,2023,116,19,97,0.1638,0,0,0.1638,19,17,116,91,,0.7845,0.7495,0.035,0,0.7845,2021,129,3,0,126,107,0.8492,0,0.8492
00110101,University of Arkansas-Little Rock,2024,2023,122,10,112,0.082,0,0,0.082,14,0,126,95,,0.754,0.7722,-0.0182,0,0.754,2021,127,8,0,119,106,0.8908,0,0.8908
00110800,University of Arkansas-Fayetteville,2024,2023,113,5,107,0.0442,1,0.0088,0.0531,19,0,126,103,,0.8175,0.7748,0.0427,0,0.8175,2021,108,8,2,98,90,0.9184,0,0.9184
00116453,Chapman University,2024,2023,139,0,139,0,0,0,0,1,1,140,112,,0.8,0.723,0.077,0,0.8,2021,137,0,0,137,115,0.8394,0,0.8394
00129500,Southwestern Law School,2024,2023,255,21,227,0.0824,7,0.0275,0.1098,34,0,261,167,,0.6398,0.7234,-0.0836,0,0.6398,2021,223,0,2,221,198,0.8959,0,0.8959
00130503,Stanford University,2024,2023,180,13,166,0.0722,1,0.0056,0.0778,16,,182,176,,0.967,0.7696,0.1974,,0.967,2021,182,13,,169,167,0.9882,,0.9882
00131273,University of California-Berkeley,2024,2023,335,14,318,0.0418,3,0.009,0.0507,5,0,323,285,,0.8824,0.7454,0.137,0,0.8824,2021,328,4,2,322,319,0.9907,0,0.9907
00131373,University of California-Davis,2024,2023,177,9,168,0.0508,0,0,0.0508,5,0,173,143,,0.8266,0.7284,0.0982,0,0.8266,2021,202,4,2,196,181,0.9235,0,0.9235
00131400,University of California-Irvine,2024,2023,131,5,126,0.0382,0,0,0.0382,11,0,137,119,,0.8686,0.7322,0.1364,0,0.8686,2021,214,8,0,206,196,0.9515,0,0.9515
00131500,University of California-Los Angeles,2024,2023,320,3,308,0.0094,9,0.0281,0.0375,14,0,322,286,,0.8882,0.7362,0.152,0,0.8882,2021,341,0,7,334,322,0.9641,0,0.9641
00132500,University of San Francisco,2024,2023,86,10,76,0.1163,0,0,0.1163,19,0,95,64,,0.6737,0.7243,-0.0506,0,0.6737,2021,107,5,,102,85,0.8333,0,0.8333
00132600,Santa Clara University,2024,2023,229,42,187,0.1834,0,0,0.1834,25,0,212,131,,0.6179,0.7257,-0.1078,,0.6179,2021,214,13,,201,173,0.8607,,0.8607
00132800,University of Southern California,2024,2023,183,5,177,0.0273,1,0.0055,0.0328,5,0,182,150,,0.8242,0.7357,0.0885,0,0.8242,2021,191,3,0,188,184,0.9787,0,0.9787
00132901,McGeorge School of Law,2024,2023,161,22,139,0.1366,0,0,0.1366,28,0,167,112,,0.6707,0.7252,-0.0545,0,0.6707,2021,188,2,3,183,151,0.8251,0,0.8251
00137000,University of Colorado,2024,2023,171,9,161,0.0526,1,0.0058,0.0585,14,0,175,142,,0.8114,0.7755,0.0359,0,0.8114,2021,170,6,0,164,152,0.9268,0,0.9268
00137100,University of Denver,2024,2023,261,44,217,0.1686,0,0,0.1686,40,0,257,210,,0.8171,0.7771,0.04,0,0.8171,2021,243,8,0,235,216,0.9191,0,0.9191
00140201,Quinnipiac University,2024,2023,123,19,101,0.1545,3,0.0244,0.1789,14,0,115,76,,0.6609,0.6924,-0.0315,0,0.6609,2021,107,5,5,97,80,0.8247,0,0.8247
00141706,University of Connecticut,2024,2023,157,17,140,0.1083,0,0,0.1083,7,2,147,119,,0.8095,0.7136,0.0959,0,0.8095,2021,136,0,16,120,107,0.8917,0,0.8917
00142600,Yale University,2024,2023,227,23,204,0.1013,0,0,0.1013,14,0,218,211,,0.9679,0.7997,0.1682,0,0.9679,2021,221,13,0,208,206,0.9904,0,0.9904
00143401,American University,2024,2023,321,30,289,0.0935,2,0.0062,0.0997,37,0,326,244,,0.7485,0.7995,-0.051,0,0.7485,2021,408,21,3,384,356,0.9271,,0.9271
00143711,Catholic University of America,2024,2023,109,9,100,0.0826,0,0,0.0826,3,0,103,87,,0.8447,0.7926,0.0521,0,0.8447,2021,117,2,1,114,99,0.8684,0,0.8684
00144102,District of Columbia,2024,2023,49,7,42,0.1429,0,0,0.1429,6,4,48,23,,0.4792,0.7951,-0.3159,0,0.4792,2021,44,9,0,35,20,0.5714,0,0.5714
00144402,George Washington University,2024,2023,551,3,482,0.0054,66,0.1198,0.1252,7,0,489,421,,0.8609,0.8088,0.0521,0,0.8609,2021,569,1,74,494,475,0.9615,0,0.9615
00144503,Georgetown University,2024,2023,682,1,643,0.0015,38,0.0557,0.0572,21,3,664,601,,0.9051,0.8075,0.0976,0,0.9051,2021,674,6,31,637,619,0.9717,0,0.9717
00144802,Howard University,2024,2023,133,14,119,0.1053,0,0,0.1053,9,0,128,95,,0.7422,0.804,-0.0618,0,0.7422,2021,141,20,0,121,94,0.7769,0,0.7769
00146601,Barry University,2024,2023,196,43,123,0.2194,30,0.1531,0.3724,40,2,163,86,,0.5276,0.6871,-0.1595,0,0.5276,2021,183,10,5,168,126,0.75,0,0.75
00146800,St. Thomas University (Florida),2024,2023,221,42,177,0.19,2,0.009,0.1991,25,0,202,118,,0.5842,0.6781,-0.0939,0,0.5842,2021,150,2,0,148,112,0.7568,,0.7568
00148001,Florida A&M University,2024,2023,103,28,68,0.2718,7,0.068,0.3398,34,0,102,41,,0.402,0.7063,-0.3043,0,0.402,2021,157,7,2,148,113,0.7635,0,0.7635
00148900,Florida State University,2024,2023,203,33,163,0.1626,7,0.0345,0.197,19,0,182,151,,0.8297,0.6846,0.1451,,0.8297,2021,221,1,0,220,207,0.9409,0,0.9409
00150900,Nova Southeastern University,2024,2023,166,17,144,0.1024,5,0.0301,0.1325,14,1,158,101,,0.6392,0.6784,-0.0392,0,0.6392,2021,192,5,2,185,145,0.7838,0,0.7838
00153101,Stetson University,2024,2023,284,45,239,0.1585,,,0.1585,44,2,283,217,,0.7668,0.6812,0.0856,0,0.7668,2021,268,24,,244,219,0.8975,,0.8975
00153505,University of Florida,2024,2023,219,36,181,0.1644,2,0.0091,0.1735,35,1,216,177,,0.8194,0.7008,0.1186,0,0.8194,2021,272,7,0,265,246,0.9283,0,0.9283
00153601,University of Miami,2024,2023,398,68,330,0.1709,0,0,0.1709,55,1,385,291,,0.7558,0.6989,0.0569,0,0.7558,2021,363,13,0,350,319,0.9114,0,0.9114
00156400,Emory University,2024,2023,258,22,236,0.0853,0,0,0.0853,18,0,254,219,,0.8622,0.7737,0.0885,0,0.8622,2021,279,15,0,264,252,0.9545,0,0.9545
00157400,Georgia State University,2024,2023,184,28,156,0.1522,0,0,0.1522,21,0,177,139,,0.7853,0.7747,0.0106,0,0.7853,2021,163,0,12,151,141,0.9338,0,0.9338
00158015,Mercer University,2024,2023,124,5,119,0.0403,0,0,0.0403,0,0,119,91,,0.7647,0.7761,-0.0114,0,0.7647,2021,122,2,0,120,110,0.9167,0,0.9167
00159800,University of Georgia,2024,2023,169,9,160,0.0533,0,0,0.0533,6,0,166,152,,0.9157,0.7768,0.1389,0,0.9157,2021,200,6,0,194,193,0.9948,0,0.9948
00161000,University of Hawaii,2024,2023,88,22,66,0.25,0,0,0.25,15,0,81,56,,0.6914,0.694,-0.0026,0,0.6914,2021,111,0,9,102,92,0.902,0,0.902
00162600,University of Idaho,2024,2023,115,5,101,0.0435,9,0.0783,0.1217,2,0,103,77,,0.7476,0.7451,0.0025,0,0.7476,2021,143,5,0,138,110,0.7971,0,0.7971
00167100,Depaul University,2024,2023,150,10,129,0.0667,11,0.0733,0.14,11,0,140,105,,0.75,0.7806,-0.0306,0,0.75,2021,196,0,7,189,148,0.7831,0,0.7831
00169101,Chicago-Kent College of Law-IIT,2024,2023,212,20,169,0.0943,23,0.1085,0.2028,32,0,201,169,,0.8408,0.7828,0.058,0,0.8408,2021,232,1,19,212,192,0.9057,0,0.9057
00171000,Loyola University-Chicago,2024,2023,227,3,224,0.0132,0,0,0.0132,1,0,225,188,,0.8356,0.7793,0.0563,0,0.8356,2021,236,3,3,230,207,0.9,0,0.9
00173700,Northern Illinois University,2024,2023,95,21,74,0.2211,0,0,0.2211,15,0,89,53,,0.5955,0.7809,-0.1854,0,0.5955,2021,83,8,0,75,68,0.9067,0,0.9067
00173900,Northwestern University,2024,2023,278,16,262,0.0576,0,0,0.0576,0,0,262,240,,0.916,0.7856,0.1304,0,0.916,2021,273,0,6,267,264,0.9888,0,0.9888
00175800,Southern Illinois University-Carbondale,2024,2023,80,16,63,0.2,1,0.0125,0.2125,4,0,67,44,,0.6567,0.7871,-0.1304,0,0.6567,2021,62,3,0,59,45,0.7627,0,0.7627
00177400,University of Chicago,2024,2023,212,10,202,0.0472,0,0,0.0472,5,1,207,201,,0.971,0.7927,0.1783,0,0.971,2021,213,4,0,209,208,0.9952,0,0.9952
00177500,University of Illinois,2024,2023,151,3,148,0.0199,0,0,0.0199,1,0,149,108,,0.7248,0.7762,-0.0514,0,0.7248,2021,121,5,0,116,108,0.931,0,0.931
00177608,University of Illinois Chicago School of Law,2024,2023,298,85,211,0.2852,2,0.0067,0.2919,61,0,272,161,,0.5919,0.7814,-0.1895,0,0.5919,2021,289,8,4,277,223,0.8051,0,0.8051
00180900,Indiana University - Bloomington,2024,2023,174,22,152,0.1264,0,0,0.1264,10,3,162,132,,0.8148,0.7605,0.0543,0,0.8148,2021,164,13,0,151,147,0.9735,0,0.9735
00181300,Indiana University - Indianapolis,2024,2023,215,26,165,0.1209,24,0.1116,0.2326,10,0,175,133,,0.76,0.744,0.016,0,0.76,2021,236,12,4,220,187,0.85,0,0.85
00184000,University of Notre Dame,2024,2023,165,7,158,0.0424,0,0,0.0424,6,0,164,150,,0.9146,0.7747,0.1399,0,0.9146,2021,184,3,1,180,173,0.9611,0,0.9611
00186000,Drake University,2024,2023,107,19,88,0.1776,0,0,0.1776,8,0,96,87,,0.9063,0.8507,0.0556,0,0.9063,2021,101,5,0,96,88,0.9167,0,0.9167
00189200,University of Iowa,2024,2023,167,24,142,0.1437,1,0.006,0.1497,11,1,153,135,,0.8824,0.8118,0.0706,0,0.8824,2021,141,10,0,131,119,0.9084,0,0.9084
00194800,University of Kansas,2024,2023,93,8,84,0.086,1,0.0108,0.0968,2,0,86,79,,0.9186,0.7881,0.1305,0,0.9186,2021,98,1,0,97,97,1,0,1
00194900,Washburn University,2024,2023,100,22,73,0.22,5,0.05,0.27,21,0,94,79,,0.8404,0.7824,0.058,0,0.8404,2021,101,1,1,99,88,0.8889,0,0.8889
00198903,University of Kentucky,2024,2023,132,15,114,0.1136,3,0.0227,0.1364,10,0,124,92,,0.7419,0.7571,-0.0152,0,0.7419,2021,130,4,5,121,110,0.9091,0,0.9091
00199900,University of Louisville,2024,2023,110,13,94,0.1182,3,0.0273,0.1455,13,0,107,80,,0.7477,0.7561,-0.0084,0,0.7477,2021,119,5,2,112,101,0.9018,0,0.9018
00201000,Louisiana State University,2024,2023,177,11,149,0.0621,17,0.096,0.1582,1,0,150,138,,0.92,0.7345,0.1855,0,0.92,2021,184,2,2,180,165,0.9167,0,0.9167
00201600,Loyola University-New Orleans,2024,2023,185,16,169,0.0865,0,0,0.0865,15,1,184,122,,0.663,0.7269,-0.0639,0,0.663,2021,153,6,0,147,137,0.932,0,0.932
00202500,Southern University,2024,2023,226,59,85,0.2611,82,0.3628,0.6239,0,0,85,45,,0.5294,0.7202,-0.1908,0,0.5294,2021,201,0,43,158,114,0.7215,0,0.7215
00202900,Tulane University,2024,2023,212,12,199,0.0566,1,0.0047,0.0613,7,0,206,164,,0.7961,0.7602,0.0359,0,0.7961,2021,202,0,5,194,174,0.8969,0,0.8969
00205400,University of Maine,2024,2023,85,10,75,0.1176,0,0,0.1176,1,0,76,67,,0.8816,0.7246,0.157,0,0.8816,2021,81,3,0,78,62,0.7949,0,0.7949
00210200,University of Baltimore,2024,2023,206,33,173,0.1602,0,0,0.1602,28,0,201,130,,0.6468,0.6963,-0.0495,0,0.6468,2021,204,19,0,185,154,0.8324,0,0.8324
00210400,University of Maryland,2024,2023,211,12,183,0.0569,16,0.0758,0.1327,16,0,199,149,,0.7487,0.7156,0.0331,0,0.7487,2021,210,8,3,199,177,0.8894,0,0.8894
00212801,Boston College,2024,2023,242,4,234,0.0165,4,0.0165,0.0331,9,1,243,233,,0.9588,0.7949,0.1639,0,0.9588,2021,227,4,3,220,216,0.9818,0,0.9818
00213007,Boston University,2024,2023,243,12,231,0.0494,0,0,0.0494,13,2,244,214,,0.877,0.7944,0.0826,0,0.877,2021,281,9,0,272,267,0.9816,,0.9816
00215510,Harvard University,2024,2023,572,17,542,0.0297,13,0.0227,0.0524,22,4,564,542,,0.961,0.7991,0.1619,0,0.961,2021,595,16,8,571,569,0.9965,0,0.9965
00219900,Northeastern University,2024,2023,205,23,182,0.1122,0,0,0.1122,14,0,196,169,,0.8622,0.8004,0.0618,0,0.8622,2021,198,15,0,183,171,0.9344,0,0.9344
00221007,University of Massachusetts Dartmouth,2024,2023,114,13,101,0.114,0,0,0.114,5,0,106,63,,0.5943,0.7827,-0.1884,0,0.5943,2021,86,5,0,81,66,0.8148,0,0.8148
00221810,Suffolk University,2024,2023,349,14,314,0.0401,21,0.0602,0.1003,15,2,329,261,,0.7933,0.7999,-0.0066,,0.7933,2021,338,,18,320,278,0.8688,,0.8688
00222600,Western New England University,2024,2023,102,20,82,0.1961,0,0,0.1961,4,0,86,59,,0.686,0.741,-0.055,0,0.686,2021,73,3,0,70,53,0.7571,0,0.7571
00225400,Michigan State University,2024,2023,190,33,157,0.1737,0,0,0.1737,23,,180,131,,0.7278,0.6645,0.0633,,0.7278,2021,193,23,1,170,146,0.8588,0,0.8588
00232300,University of Detroit Mercy,2024,2023,182,85,97,0.467,0,0,0.467,33,0,130,77,,0.5923,0.6295,-0.0372,0,0.5923,2021,178,73,0,105,94,0.8952,0,0.8952
00232503,University of Michigan,2024,2023,309,22,285,0.0712,2,0.0065,0.0777,8,0,293,285,,0.9727,0.7787,0.194,0,0.9727,2021,364,5,7,358,348,0.9721,0,0.9721
00232902,Wayne State University,2024,2023,110,26,84,0.2364,0,0,0.2364,21,0,105,70,,0.6667,0.6358,0.0309,0,0.6667,2021,131,8,0,123,113,0.9187,0,0.9187
00234500,University of St. Thomas (Minnesota),2024,2023,146,7,138,0.0479,1,0.0068,0.0548,17,0,155,122,,0.7871,0.8146,-0.0275,0,0.7871,2021,142,1,0,141,129,0.9149,0,0.9149
00239101,Mitchell Hamline School of Law,2024,2023,320,69,251,0.2156,0,0,0.2156,56,0,307,222,,0.7231,0.7881,-0.065,0,0.7231,2021,331,26,0,305,237,0.777,0,0.777
00241501,Mississippi College,2024,2023,108,15,93,0.1389,0,0,0.1389,8,0,101,76,,0.7525,0.7359,0.0166,0,0.7525,2021,87,5,0,82,62,0.7561,0,0.7561
00244000,University of Mississippi,2024,2023,155,27,128,0.1742,0,0,0.1742,28,1,156,115,,0.7372,0.7497,-0.0125,0,0.7372,2021,144,6,0,138,116,0.8406,0,0.8406
00250609,Saint Louis University,2024,2023,185,22,158,0.1189,5,0.027,0.1459,23,0,181,157,,0.8674,0.8299,0.0375,0,0.8674,2021,167,2,2,163,155,0.9509,0,0.9509
00251600,University of Missouri,2024,2023,104,9,95,0.0865,0,0,0.0865,4,0,99,86,,0.8687,0.8356,0.0331,0,0.8687,2021,91,3,0,88,80,0.9091,0,0.9091
00251800,University of Missouri-Kansas City,2024,2023,155,39,115,0.2516,1,0.0065,0.2581,21,0,136,105,,0.7721,0.8352,-0.0631,0,0.7721,2021,135,10,0,125,116,0.928,0,0.928
00252000,Washington University,2024,2023,228,10,218,0.0439,0,0,0.0439,5,0,223,205,,0.9193,0.8004,0.1189,0,0.9193,2021,246,11,0,235,222,0.9447,0,0.9447
00253600,University of Montana,2024,2023,79,15,63,0.1899,1,0.0127,0.2025,1,0,64,55,,0.8594,0.8388,0.0206,0,0.8594,2021,71,0,1,70,68,0.9714,0,0.9714
00254200,Creighton University,2024,2023,124,17,95,0.1371,12,0.0968,0.2339,3,0,98,64,,0.6531,0.735,-0.0819,0,0.6531,2021,105,3,0,102,90,0.8824,0,0.8824
00256500,University of Nebraska,2024,2023,123,14,109,0.1138,0,0,0.1138,16,0,125,95,,0.76,0.7061,0.0539,0,0.76,2021,112,4,1,107,105,0.9813,0,0.9813
00256900,University of Nevada - Las Vegas,2024,2023,150,38,100,0.2533,12,0.08,0.3333,25,0,125,96,,0.768,0.7111,0.0569,0,0.768,2021,168,0,6,162,137,0.8457,0,0.8457
00258903,University of New Hampshire,2024,2023,160,39,121,0.2438,0,0,0.2438,30,3,140,97,,0.6929,0.7401,-0.0472,11,0.7152,2021,84,5,2,77,70,0.9091,0,0.9091
00262900,Rutgers University,2024,2023,403,43,356,0.1067,4,0.0099,0.1166,35,1,391,262,,0.6701,0.7005,-0.0304,0,0.6701,2021,380,3,23,354,282,0.7966,0,0.7966
00263201,Seton Hall University,2024,2023,241,12,227,0.0498,2,0.0083,0.0581,15,0,242,199,,0.8223,0.7027,0.1196,0,0.8223,2021,221,6,6,209,188,0.8995,0,0.8995
00266300,University of New Mexico,2024,2023,101,21,78,0.2079,2,0.0198,0.2277,16,0,94,77,,0.8191,0.814,0.0051,0,0.8191,2021,100,0,2,98,91,0.9286,0,0.9286
00267700,Brooklyn Law School,2024,2023,376,14,361,0.0372,1,0.0027,0.0399,12,5,373,294,,0.7882,0.8242,-0.036,0,0.7882,2021,355,6,3,346,311,0.8988,0,0.8988
00270711,Columbia University,2024,2023,426,14,409,0.0329,3,0.007,0.0399,10,12,419,400,,0.9547,0.8163,0.1384,0,0.9547,2021,462,6,6,450,435,0.9667,0,0.9667
00271101,Cornell University,2024,2023,175,6,167,0.0343,2,0.0114,0.0457,8,11,175,166,,0.9486,0.8158,0.1328,0,0.9486,2021,194,2,2,190,179,0.9421,0,0.9421
00272203,Fordham University,2024,2023,412,15,397,0.0364,0,0,0.0364,12,11,409,359,,0.8778,0.824,0.0538,0,0.8778,2021,404,0,9,395,388,0.9823,0,0.9823
00273200,Hofstra University,2024,2023,260,7,253,0.0269,0,0,0.0269,9,11,262,200,,0.7634,0.8242,-0.0608,0,0.7634,2021,267,5,0,262,223,0.8511,0,0.8511
00278300,New York Law School,2024,2023,288,0,275,0,13,0.0451,0.0451,22,11,297,210,,0.7071,0.8161,-0.109,0,0.7071,2021,310,0,10,300,263,0.8767,0,0.8767
00278500,New York University,2024,2023,443,16,427,0.0361,0,0,0.0361,11,12,438,423,,0.9658,0.8151,0.1507,0,0.9658,2021,464,6,0,458,455,0.9934,0,0.9934
00279102,Pace University,2024,2023,248,24,224,0.0968,0,0,0.0968,17,17,241,157,,0.6515,0.8059,-0.1544,0,0.6515,2021,209,7,0,202,176,0.8713,0,0.8713
00282300,"St. John's University",2024,2023,247,6,240,0.0243,1,0.004,0.0283,8,2,248,216,,0.871,0.8259,0.0451,0,0.871,2021,236,6,1,229,223,0.9738,0,0.9738
00283700,University of Buffalo-SUNY,2024,2023,157,11,144,0.0701,2,0.0127,0.0828,9,8,153,124,,0.8105,0.8213,-0.0108,0,0.8105,2021,138,3,0,135,117,0.8667,0,0.8667
00288200,Syracuse University,2024,2023,183,36,145,0.1967,2,0.0109,0.2077,36,4,181,135,,0.7459,0.802,-0.0561,0,0.7459,2021,173,6,1,166,150,0.9036,0,0.9036
00288600,Albany Law School of Union University,2024,2023,182,45,135,0.2473,2,0.011,0.2582,21,7,156,128,,0.8205,0.8217,-0.0012,0,0.8205,2021,158,2,3,153,138,0.902,0,0.902
00290301,Cardozo School of Law,2024,2023,319,9,303,0.0282,7,0.0219,0.0502,13,12,316,265,,0.8386,0.8229,0.0157,0,0.8386,2021,324,11,3,310,283,0.9129,0,0.9129
00291300,Campbell University,2024,2023,161,24,137,0.1491,0,0,0.1491,1,3,138,113,,0.8188,0.7404,0.0784,0,0.8188,2021,157,0,0,157,150,0.9554,0,0.9554
00292002,Duke University,2024,2023,237,6,230,0.0253,1,0.0042,0.0295,4,2,234,221,,0.9444,0.7932,0.1512,0,0.9444,2021,245,6,0,239,237,0.9916,0,0.9916
00292701,Elon University,2024,2023,140,140,0,1,0,0,1,123,0,123,73,,0.5935,0.7465,-0.153,0,0.5935,2021,127,0,5,122,94,0.7705,0,0.7705
00295000,North Carolina Central University,2024,2023,129,14,112,0.1085,3,0.0233,0.1318,17,0,129,73,,0.5659,0.7501,-0.1842,0,0.5659,2021,89,0,0,89,78,0.8764,0,0.8764
00297400,University of North Carolina,2024,2023,187,10,173,0.0535,4,0.0214,0.0749,2,0,175,161,,0.92,0.7548,0.1652,0,0.92,2021,206,11,1,194,183,0.9433,0,0.9433
00297805,Wake Forest University,2024,2023,91,4,84,0.044,3,0.033,0.0769,8,1,92,85,,0.9239,0.7543,0.1696,0,0.9239,2021,174,7,3,164,159,0.9695,0,0.9695
00300500,University of North Dakota,2024,2023,58,21,37,0.3621,0,0,0.3621,19,0,56,34,,0.6071,0.7201,-0.113,0,0.6071,2021,60,3,0,57,52,0.9123,0,0.9123
00302302,Capital University,2024,2023,126,4,122,0.0317,0,0,0.0317,11,1,133,103,,0.7744,0.7687,0.0057,0,0.7744,2021,124,7,2,115,106,0.9217,0,0.9217
00302400,Case Western Reserve University,2024,2023,120,17,103,0.1417,0,0,0.1417,4,1,107,78,,0.729,0.7671,-0.0381,0,0.729,2021,153,14,0,139,109,0.7842,0,0.7842
00303200,Cleveland State University,2024,2023,122,20,102,0.1639,0,0,0.1639,14,0,116,77,,0.6638,0.7713,-0.1075,0,0.6638,2021,124,8,0,116,106,0.9138,0,0.9138
00308900,Ohio Northern University,2024,2023,52,1,51,0.0192,0,0,0.0192,2,0,53,27,,0.5094,0.7531,-0.2437,0,0.5094,2021,41,4,1,36,30,0.8333,0,0.8333
00309000,The Ohio State University,2024,2023,178,7,170,0.0393,1,0.0056,0.0449,12,0,182,165,,0.9066,0.7717,0.1349,0,0.9066,2021,175,7,0,168,162,0.9643,0,0.9643
00312300,University of Akron,2024,2023,120,44,76,0.3667,0,0,0.3667,44,0,120,87,,0.725,0.7708,-0.0458,0,0.725,2021,126,9,0,117,100,0.8547,0,0.8547
00312500,University of Cincinnati,2024,2023,128,12,116,0.0938,0,0,0.0938,0,1,116,102,,0.8793,0.7713,0.108,0,0.8793,2021,124,2,6,116,107,0.9224,0,0.9224
00312700,University of Dayton,2024,2023,114,8,106,0.0702,0,0,0.0702,5,0,111,96,,0.8649,0.7596,0.1053,0,0.8649,2021,65,6,0,59,46,0.7797,0,0.7797
00313100,University of Toledo,2024,2023,105,24,73,0.2286,8,0.0762,0.3048,20,0,93,65,,0.6989,0.7216,-0.0227,0,0.6989,2021,75,0,4,71,58,0.8169,0,0.8169
00316614,Oklahoma City University,2024,2023,160,12,145,0.075,3,0.0188,0.0938,15,0,160,95,,0.5938,0.7125,-0.1187,,0.5938,2021,135,,3,132,112,0.8485,0,0.8485
00318400,University of Oklahoma,2024,2023,168,7,161,0.0417,0,0,0.0417,4,0,165,145,,0.8788,0.7227,0.1561,0,0.8788,2021,171,1,0,170,164,0.9647,0,0.9647
00318500,University of Tulsa,2024,2023,112,34,78,0.3036,0,0,0.3036,25,0,103,73,,0.7087,0.7176,-0.0089,0,0.7087,2021,99,2,2,94,77,0.8191,0,0.8191
00319700,Lewis and Clark College,2024,2023,178,26,152,0.1461,0,0,0.1461,13,6,165,128,,0.7758,0.7402,0.0356,0,0.7758,2021,176,13,0,163,147,0.9018,0,0.9018
00322300,University of Oregon,2024,2023,154,13,141,0.0844,0,0,0.0844,9,1,150,115,,0.7667,0.745,0.0217,0,0.7667,2021,127,3,0,124,116,0.9355,0,0.9355
00322700,Willamette University,2024,2023,96,11,85,0.1146,0,0,0.1146,8,3,93,50,,0.5376,0.7422,-0.2046,0,0.5376,2021,101,5,0,96,80,0.8333,0,0.8333
00325600,Drexel University,2024,2023,152,15,137,0.0987,0,0,0.0987,5,1,142,109,,0.7676,0.7364,0.0312,0,0.7676,2021,163,4,2,157,140,0.8917,0,0.8917
00325800,Duquesne University,2024,2023,137,5,132,0.0365,0,0,0.0365,0,0,132,110,,0.8333,0.7512,0.0821,0,0.8333,2021,157,4,2,151,138,0.9139,0,0.9139
00331301,Widener University-Delaware,2024,2023,181,20,160,0.1105,1,0.0055,0.116,25,1,185,118,,0.6378,0.7163,-0.0785,0,0.6378,2021,186,4,1,181,148,0.8177,0,0.8177
00331302,Widener Commonwealth,2024,2023,82,14,67,0.1707,1,0.0122,0.1829,13,1,80,43,,0.5375,0.7426,-0.2051,0,0.5375,2021,84,3,0,81,65,0.8025,0,0.8025
00332900,Pennsylvania State University-Penn State Law,2024,2023,113,7,102,0.0619,4,0.0354,0.0973,4,0,106,92,,0.8679,0.756,0.1119,0,0.8679,2021,118,2,4,112,108,0.9643,0,0.9643
00332922,Pennsylvania State University,2024,2023,,,,,,,,,,,,,,,,,,2021,,,,,,,,
00332923,Pennsylvania State University-Dickinson School of Law,2024,2023,75,4,71,0.0533,0,0,0.0533,0,2,71,55,,0.7746,0.7535,0.0211,0,0.7746,2021,72,1,0,71,69,0.9718,0,0.9718
00337101,Temple University,2024,2023,210,12,194,0.0571,4,0.019,0.0762,8,0,202,172,,0.8515,0.7482,0.1033,0,0.8515,2021,239,4,3,232,214,0.9224,0,0.9224
00337800,University of Pennsylvania,2024,2023,251,16,234,0.0637,1,0.004,0.0677,6,0,240,231,,0.9625,0.7972,0.1653,0,0.9625,2021,258,10,0,248,246,0.9919,0,0.9919
00337900,University of Pittsburgh,2024,2023,112,8,104,0.0714,0,0,0.0714,6,0,110,93,,0.8455,0.7479,0.0976,0,0.8455,2021,129,7,0,122,115,0.9426,0,0.9426
00338801,Villanova University,2024,2023,175,9,163,0.0514,3,0.0171,0.0686,8,0,171,157,,0.9181,0.7581,0.16,0,0.9181,2021,172,5,0,167,161,0.9641,0,0.9641
00341001,Roger Williams University,2024,2023,163,17,146,0.1043,0,0,0.1043,25,4,171,99,,0.5789,0.771,-0.1921,0,0.5789,2021,148,6,0,142,113,0.7958,0,0.7958
00344800,University of South Carolina,2024,2023,209,16,193,0.0766,0,0,0.0766,19,1,212,173,,0.816,0.7703,0.0457,0,0.816,2021,207,1,3,203,179,0.8818,0,0.8818
00347400,University of South Dakota,2024,2023,57,6,51,0.1053,0,0,0.1053,4,0,55,37,,0.6727,0.785,-0.1123,,0.6727,2021,63,3,0,60,50,0.8333,0,0.8333
00347900,Belmont University,2024,2023,112,5,107,0.0446,0,0,0.0446,2,0,109,102,,0.9358,0.7436,0.1922,0,0.9358,2021,92,0,0,92,88,0.9565,0,0.9565
00350200,Lincoln Memorial University,2024,2023,97,16,81,0.1649,0,0,0.1649,11,0,92,56,,0.6087,0.7413,-0.1326,0,0.6087,2021,86,2,0,84,68,0.8095,0,0.8095
00350900,University of Memphis,2024,2023,99,0,80,0,19,0.1919,0.1919,12,0,92,70,,0.7609,0.7391,0.0218,0,0.7609,2021,117,0,3,114,99,0.8684,0,0.8684
00353000,University of Tennessee,2024,2023,114,13,101,0.114,0,0,0.114,3,0,104,87,,0.8365,0.7403,0.0962,0,0.8365,2021,120,5,4,110,101,0.9182,0,0.9182
00353500,Vanderbilt University,2024,2023,200,8,192,0.04,0,0,0.04,6,0,198,192,,0.9697,0.7781,0.1916,0,0.9697,2021,191,2,0,189,187,0.9894,0,0.9894
00354500,Baylor University,2024,2023,143,19,124,0.1329,0,0,0.1329,19,2,143,131,,0.9161,0.7903,0.1258,0,0.9161,2021,180,0,0,180,173,0.9611,0,0.9611
00361300,Southern Methodist University,2024,2023,217,12,205,0.0553,0,0,0.0553,14,3,219,186,,0.8493,0.7897,0.0596,0,0.8493,2021,210,5,0,205,196,0.9561,0,0.9561
00362300,"St. Mary's University",2024,2023,201,40,161,0.199,0,0,0.199,35,11,196,144,,0.7347,0.7921,-0.0574,0,0.7347,2021,200,7,0,193,177,0.9171,0,0.9171
00363221,Texas A&M University,2024,2023,165,14,151,0.0848,0,0,0.0848,6,5,157,146,,0.9299,0.7891,0.1408,0,0.9299,2021,170,4,0,166,163,0.9819,0,0.9819
00364200,Texas Southern University,2024,2023,156,41,115,0.2628,0,0,0.2628,30,7,145,92,,0.6345,0.7899,-0.1554,0,0.6345,2021,178,7,0,171,133,0.7778,0,0.7778
00364400,Texas Tech University,2024,2023,139,9,130,0.0647,0,0,0.0647,10,1,140,129,,0.9214,0.7913,0.1301,0,0.9214,2021,133,0,0,133,126,0.9474,0,0.9474
00365200,University of Houston,2024,2023,234,25,209,0.1068,0,0,0.1068,34,9,243,209,,0.8601,0.7896,0.0705,0,0.8601,2021,205,1,5,199,186,0.9347,0,0.9347
00365800,University of Texas at Austin,2024,2023,281,17,263,0.0605,1,0.0036,0.0641,21,2,284,267,,0.9401,0.7891,0.151,0,0.9401,2021,372,6,0,366,359,0.9809,0,0.9809
00367000,Brigham Young University,2024,2023,111,10,101,0.0901,0,0,0.0901,8,0,109,104,,0.9541,0.8429,0.1112,0,0.9541,2021,102,1,0,101,100,0.9901,0,0.9901
00367500,University of Utah,2024,2023,83,8,75,0.0964,0,0,0.0964,8,0,83,78,,0.9398,0.8791,0.0607,0,0.9398,2021,88,2,0,86,83,0.9651,0,0.9651
00370500,William and Mary Law School,2024,2023,217,10,203,0.0461,4,0.0184,0.0645,10,2,213,198,,0.9296,0.7773,0.1523,0,0.9296,2021,179,7,2,170,166,0.9765,0,0.9765
00374400,University of Richmond,2024,2023,150,9,141,0.06,0,0,0.06,6,4,147,117,,0.7959,0.768,0.0279,0,0.7959,2021,134,9,0,125,118,0.944,0,0.944
00374500,University of Virginia,2024,2023,289,12,277,0.0415,0,0,0.0415,9,0,286,276,,0.965,0.7939,0.1711,0,0.965,2021,318,2,0,316,313,0.9905,0,0.9905
00374900,George Mason University,2024,2023,155,16,137,0.1032,2,0.0129,0.1161,30,3,167,146,,0.8743,0.7903,0.084,0,0.8743,2021,154,5,2,147,144,0.9796,0,0.9796
00376800,Washington and Lee University,2024,2023,107,2,105,0.0187,0,0,0.0187,3,1,108,90,,0.8333,0.7784,0.0549,0,0.8333,2021,118,2,0,116,110,0.9483,0,0.9483
00377800,Gonzaga University,2024,2023,135,16,119,0.1185,0,0,0.1185,18,0,137,95,,0.6934,0.8,-0.1066,0,0.6934,2021,142,4,0,138,126,0.913,0,0.913
00379001,Seattle University,2024,2023,205,38,159,0.1854,8,0.039,0.2244,6,0,165,123,,0.7455,0.8211,-0.0756,0,0.7455,2021,197,5,8,184,165,0.8967,0,0.8967
00379800,University of Washington,2024,2023,168,20,148,0.119,0,0,0.119,14,0,162,151,,0.9321,0.8119,0.1202,0,0.9321,2021,166,9,0,157,155,0.9873,0,0.9873
00382700,West Virginia University,2024,2023,106,12,94,0.1132,0,0,0.1132,4,1,98,68,,0.6939,0.7367,-0.0428,0,0.6939,2021,103,2,0,101,89,0.8812,0,0.8812
00386300,Marquette University,2024,2023,186,2,184,0.0108,0,0,0.0108,1,0,1,0,,0,0.7542,-0.7542,184,0.9946,2021,189,188,0,1,1,1,186,1
00389500,University of Wisconsin,2024,2023,235,3,231,0.0128,1,0.0043,0.017,1,0,7,7,,1,0.7825,0.2175,225,1,2021,265,248,4,13,12,0.9231,245,0.9961
00393200,University of Wyoming,2024,2023,69,9,60,0.1304,0,0,0.1304,8,0,68,55,,0.8088,0.7815,0.0273,0,0.8088,2021,79,3,0,76,67,0.8816,0,0.8816
00393600,Pontifical Catholic University of P.R.,2024,2023,89,42,43,0.4719,4,0.0449,0.5169,26,0,69,43,,0.6232,0.4819,0.1413,0,0.6232,2021,95,4,1,90,57,0.6333,0,0.6333
00394200,University of Puerto Rico,2024,2023,139,22,117,0.1583,0,0,0.1583,23,0,140,72,,0.5143,0.4869,0.0274,0,0.5143,2021,137,11,0,126,101,0.8016,0,0.8016
00394700,"UC College of the Law, San Francisco",2024,2023,343,31,311,0.0904,1,0.0029,0.0933,12,3,323,233,,0.7214,0.7267,-0.0053,0,0.7214,2021,288,7,0,281,264,0.9395,0,0.9395
00396900,University of Minnesota,2024,2023,208,15,193,0.0721,0,0,0.0721,8,0,201,180,,0.8955,0.8023,0.0932,0,0.8955,2021,223,13,0,208,204,0.9808,2,0.981
00425090,Inter American University of Puerto Rico,2024,2023,134,47,74,0.3507,13,0.097,0.4478,69,0,143,65,,0.4545,0.4942,-0.0397,0,0.4545,2021,181,9,11,161,106,0.6584,0,0.6584
00497700,South Texas College of Law,2024,2023,258,44,214,0.1705,0,0,0.1705,76,0,290,233,,0.8034,0.7913,0.0121,0,0.8034,2021,264,4,0,260,235,0.9038,0,0.9038
00891600,New England Law | Boston,2024,2023,318,32,274,0.1006,12,0.0377,0.1384,21,0,295,211,,0.7153,0.7918,-0.0765,0,0.7153,2021,154,6,1,147,131,0.8912,0,0.8912
00927500,Northern Kentucky University,2024,2023,102,8,79,0.0784,15,0.1471,0.2255,8,0,87,71,,0.8161,0.7629,0.0532,0,0.8161,2021,102,2,12,90,84,0.9333,0,0.9333
00963500,Florida International University,2024,2023,162,32,130,0.1975,0,0,0.1975,18,0,148,128,,0.8649,0.6785,0.1864,0,0.8649,2021,158,6,0,152,143,0.9408,0,0.9408
01014205,Touro University,2024,2023,160,17,143,0.1063,0,0,0.1063,16,8,159,88,,0.5535,0.8207,-0.2672,0,0.5535,2021,134,3,0,131,101,0.771,0,0.771
01014913,Pepperdine University,2024,2023,165,20,145,0.1212,0,0,0.1212,11,0,156,130,,0.8333,0.7318,0.1015,0,0.8333,2021,148,11,0,137,125,0.9124,0,0.9124
01039501,University of San Diego,2024,2023,223,8,215,0.0359,0,0,0.0359,11,0,226,178,,0.7876,0.7252,0.0624,0,0.7876,2021,222,7,1,214,197,0.9206,0,0.9206
01164901,Loyola Marymount University-Los Angeles,2024,2023,318,37,281,0.1164,0,0,0.1164,25,0,306,241,,0.7876,0.7243,0.0633,0,0.7876,2021,309,18,,291,282,0.9691,,0.9691
01193400,Vermont Law School,2024,2023,113,8,98,0.0708,7,0.0619,0.1327,17,12,115,73,,0.6348,0.7312,-0.0964,0,0.6348,2021,162,11,10,141,106,0.7518,0,0.7518
01262700,Thomas M. Cooley Law School,2024,2023,161,47,114,0.2919,0,0,0.2919,90,0,204,76,,0.3725,0.674,-0.3015,0,0.3725,2021,429,37,0,392,219,0.5587,0,0.5587
01310300,California Western School of Law,2024,2023,183,64,119,0.3497,0,0,0.3497,63,0,182,88,,0.4835,0.7251,-0.2416,0,0.4835,2021,217,8,0,209,172,0.823,0,0.823
02053000,Liberty University,2024,2023,92,8,84,0.087,0,0,0.087,0,0,84,69,,0.8214,0.7523,0.0691,0,0.8214,2021,65,1,0,64,62,0.9688,0,0.9688
02179937,Western State College of Law,2024,2023,56,11,45,0.1964,0,0,0.1964,8,0,53,31,,0.5849,0.7224,-0.1375,0,0.5849,2021,76,0,0,76,52,0.6842,0,0.6842
03091300,Regent University,2024,2023,94,15,79,0.1596,0,0,0.1596,18,1,97,81,,0.8351,0.7546,0.0805,0,0.8351,2021,86,5,0,81,76,0.9383,2,0.9398
03173300,"Atlanta's John Marshall Law School",2024,2023,83,11,69,0.1325,3,0.0361,0.1687,8,0,77,50,,0.6494,0.7748,-0.1254,0,0.6494,2021,73,6,3,64,55,0.8594,0,0.8594
03191300,City University of New York,2024,2023,206,18,188,0.0874,0,0,0.0874,16,5,204,114,,0.5588,0.8194,-0.2606,0,0.5588,2021,188,0,3,185,167,0.9027,0,0.9027
03559300,Appalachian School of Law,2024,2023,50,8,42,0.16,0,0,0.16,7,0,49,30,,0.6122,0.7461,-0.1339,0,0.6122,2021,53,2,0,51,43,0.8431,0,0.8431
03691400,Ave Maria School of Law,2024,2023,75,10,65,0.1333,0,0,0.1333,28,0,93,63,,0.6774,0.6915,-0.0141,0,0.6774,2021,74,5,0,69,56,0.8116,0,0.8116
04096300,Charleston School of Law,2024,2023,168,34,128,0.2024,6,0.0357,0.2381,32,0,160,105,,0.6563,0.7721,-0.1158,0,0.6563,2021,180,3,5,172,132,0.7674,0,0.7674
04242101,UNT Dallas College Of Law,2024,2023,93,8,85,0.086,0,0,0.086,4,5,89,61,,0.6854,0.7887,-0.1033,0,0.6854,2021,110,6,0,104,92,0.8846,0,0.8846