schoolid,schoolname,Cohort,LT_Emp,Bar_FTLT,Bar_FTST,Bar_PTLT,Bar_PTST,Bar_Emp,JDA_FTLT,JDA_FTST,JDA_PTLT,JDA_PTST,JDA_Emp,Prof_FTLT,Prof_FTST,Prof_PTLT,Prof_PTST,Prof_Emp,Nprof_FTLT,Nprof_FTST,Nprof_PTLT,Nprof_PTST,Nprof_Emp,Undet_FTLT,Undet_FTST,Undet_PTLT,Undet_PTST,Undet_Emp,GradSch_FT,GradSch,Emp_Def,Unemp_NS,Unemp_Seek,Emp_Stat_Unk,Total_Grads,FundBar_FTLT,FundBar_FTST,FundBar_PTLT,FundBar_PTST,FundBar_Emp,LawFund_LT,LawFund_ST,FundJDA_FTLT,FundJDA_FTST,FundJDA_PTLT,FundJDA_PTST,FundJDA_Emp,FundProf_FTLT,FundProf_FTST,FundProf_PTLT,FundProf_PTST,FundProf_Emp,FundNprof_FTLT,FundNprof_FTST,FundNprof_PTLT,FundNprof_PTST,FundNprof_Emp,Funded_FTLT,Funded_FTST,Funded_PTLT,Funded_PTST,Funded_Emp,Solo_FTLT,Solo_FTST,Solo_PTLT,Solo_PTST,Solo_Emp,Solo_LT,Solo_ST,Sz_1_10_FTLT,Sz_1_10_FTST,Sz_1_10_PTLT,Sz_1_10_PTST,Sz_1_10_Emp,Sz_2_10_LT,Sz_2_10_ST,Sz_11_25_FTLT,Sz_11_25_FTST,Sz_11_25_PTLT,Sz_11_25_PTST,Sz_11_25_Emp,Sz_11_25_LT,Sz_11_25_ST,Sz_26_50_FTLT,Sz_26_50_FTST,Sz_26_50_PTLT,Sz_26_50_PTST,Sz_26_50_Emp,Sz_26_50_LT,Sz_26_50_ST,Sz_51_100_FTLT,Sz_51_100_FTST,Sz_51_100_PTLT,Sz_51_100_PTST,Sz_51_100_Emp,Sz_51_100_LT,Sz_51_100_ST,Sz_101_250_FTLT,Sz_101_250_FTST,Sz_101_250_PTLT,Sz_101_250_PTST,Sz_101_250_Emp,Sz_101_250_LT,Sz_101_250_ST,Sz_251_500_FTLT,Sz_251_500_FTST,Sz_251_500_PTLT,Sz_251_500_PTST,Sz_251_500_Emp,Sz_251_500_LT,Sz_251_500_ST,Sz_501up_FTLT,Sz_501up_FTST,Sz_501up_PTLT,Sz_501up_PTST,Sz_501up_Emp,Sz_501up_LT,Sz_501up_ST,Sz_Unk_FTLT,Sz_Unk_FTST,Sz_Unk_PTLT,Sz_Unk_PTST,Sz_Unk_Emp,Sz_Unk_LT,Sz_Unk_ST,BsInd_FTLT,BsInd_FTST,BsInd_PTLT,BsInd_PTST,BsInd_Emp,BsInd_LT,BsInd_ST,Gov_FTLT,Gov_FTST,Gov_PTLT,Gov_PTST,Gov_Emp,Gov_LT,Gov_St,Pub_FTLT,Pub_FTST,Pub_PTLT,Pub_PTST,Pub_Emp,Pub_LT,Pub_ST,FedClk_FTLT,FedClk_FTST,FedClk_PTLT,FedClk_PTST,FedClk_Emp,FedClk_LT,FedClk_ST,LocClk_FTLT,LocClk_FTST,LocClk_PTLT,LocClk_PTST,LocClk_Emp,LocClk_LT,LocClk_ST,IntlClk,IntlClk_FTLT,IntlClk_FTST,IntlClk_PTLT,IntlClk_PTST,TribalClk,TribalClk_FTLT,TribalClk_FTST,TribalClk_PTLT,TribalClk_PTST,OthClk_FTLT,OthClk_FTST,OthClk_PTLT,OthClk_PTST,OthClk_Emp,Acad_FTLT,Acad_FTST,Acad_PTLT,Acad_PTST,Acad_Emp,Acad_LT,Acad_ST,Unk_FTLT,Unk_FTST,Unk_PTLT,Unk_PTST,Unk_Emp,Total_FTLT,Total_FTST,Total_PTLT,Total_PTST,Total_Emp_Type,Total_LT,Total_ST,State_Emp1,State_Emp1_Num,State_Emp2,State_Emp2_Num,State_Emp3,State_Emp3_Num,Foreign_Emp_Num
00100300,Faulkner University,2024,,54,0,0,0,54,5,0,3,0,8,6,0,0,0,6,1,0,0,0,1,0,0,0,0,0,0,,1,0,4,0,74,0,0,0,0,0,,,0,0,0,0,0,0,0,0,0,0,0,0,0,0,0,0,0,0,0,0,2,0,0,0,2,,,25,0,2,0,27,,,2,0,0,0,2,,,3,0,0,0,3,,,0,0,0,0,0,,,1,0,0,0,1,,,1,0,0,0,1,,,0,0,0,0,0,,,0,0,0,0,0,,,5,0,0,0,5,,,19,0,0,0,19,,,4,0,1,0,5,,,0,0,0,0,0,,,1,0,0,0,1,,,0,0,0,0,0,0,0,0,0,0,,,,,,3,0,0,0,3,,,0,0,0,0,0,66,0,3,0,69,,,AL,46,GA,9,FL,5,0
00103600,Samford University,2024,,120,1,1,0,122,13,1,1,1,16,0,0,0,1,1,1,0,1,2,4,0,0,0,0,0,2,,0,2,8,0,155,0,0,0,0,0,,,0,0,0,0,0,0,0,0,0,0,0,0,0,0,0,0,0,0,0,0,0,0,0,0,0,,,40,0,0,0,40,,,15,0,0,0,15,,,5,0,0,0,5,,,8,0,0,0,8,,,9,0,0,0,9,,,8,0,0,0,8,,,10,0,0,0,10,,,2,0,0,0,2,,,9,1,2,3,15,,,10,0,1,1,12,,,8,0,0,0,8,,,3,1,0,0,4,,,5,0,0,0,5,,,0,0,0,0,0,0,0,0,0,0,,,,,,2,0,0,0,2,,,0,0,0,0,0,134,2,3,4,143,,,AL,102,FL,13,GA,9,0
00105100,University of Alabama,2024,,135,0,1,0,136,6,0,0,0,6,0,0,0,0,0,0,0,0,0,0,0,0,0,0,0,4,,1,1,6,0,154,0,0,0,0,0,,,0,0,0,0,0,0,0,0,0,0,0,0,0,0,0,0,0,0,0,0,1,0,0,0,1,,,17,0,1,0,18,,,12,0,0,0,12,,,7,0,0,0,7,,,3,0,0,0,3,,,11,0,0,0,11,,,7,0,0,0,7,,,31,0,0,0,31,,,0,0,0,0,0,,,7,0,0,0,7,,,10,0,0,0,10,,,12,0,0,0,12,,,17,0,0,0,17,,,5,0,0,0,5,,,0,0,0,0,0,0,0,0,0,0,,,,,,1,0,0,0,1,,,0,0,0,0,0,141,0,1,0,142,,,AL,70,DC,9,TX,9,1
00108100,Arizona State University,2024,,259,0,0,0,259,11,0,2,0,13,2,0,0,0,2,0,0,1,0,1,0,0,0,0,0,6,,0,2,6,2,291,0,0,0,0,0,,,0,0,0,0,0,0,0,0,0,0,0,0,0,0,0,0,0,0,0,0,0,0,0,0,0,,,33,0,1,0,34,,,18,0,0,0,18,,,14,0,0,0,14,,,9,0,0,0,9,,,13,0,0,0,13,,,15,0,0,0,15,,,32,0,0,0,32,,,3,0,0,0,3,,,17,0,2,0,19,,,49,0,0,0,49,,,19,0,0,0,19,,,9,0,0,0,9,,,36,0,0,0,36,,,0,0,0,0,0,1,1,0,0,0,,,,,,3,0,0,0,3,,,1,0,0,0,1,272,0,3,0,275,,,AZ,198,CA,18,DC,11,5
00108300,University of Arizona,2024,,95,0,1,0,96,9,0,0,0,9,2,0,0,0,2,1,0,0,0,1,0,0,0,0,0,1,,0,0,11,0,120,0,0,0,0,0,,,0,0,0,0,0,0,0,0,0,0,0,0,0,0,0,0,0,0,0,0,0,0,0,0,0,,,13,0,1,0,14,,,6,0,0,0,6,,,7,0,0,0,7,,,1,0,0,0,1,,,6,0,0,0,6,,,3,0,0,0,3,,,9,0,0,0,9,,,0,0,0,0,0,,,3,0,0,0,3,,,13,0,0,0,13,,,15,0,0,0,15,,,6,0,0,0,6,,,20,0,0,0,20,,,0,0,0,0,0,0,0,0,0,0,,,,,,5,0,0,0,5,,,0,0,0,0,0,107,0,1,0,108,,,AZ,69,CA,6,OR,4,1
00110101,University of Arkansas-Little Rock,2024,,93,1,1,0,95,16,0,0,0,16,2,1,0,0,3,0,0,0,0,0,0,0,0,0,0,9,,3,3,8,1,138,0,0,0,0,0,,,0,0,0,0,0,0,0,0,0,0,0,0,0,0,0,0,0,0,0,0,2,0,0,0,2,,,31,1,1,0,33,,,7,0,0,0,7,,,8,0,0,0,8,,,7,0,0,0,7,,,0,0,0,0,0,,,3,0,0,0,3,,,0,0,0,0,0,,,0,0,0,0,0,,,9,0,0,0,9,,,27,0,0,0,27,,,11,0,0,0,11,,,3,0,0,0,3,,,2,0,0,0,2,,,0,0,0,0,0,0,0,0,0,0,,,,,,1,1,0,0,2,,,0,0,0,0,0,111,2,1,0,114,,,AR,86,MO,5,TX,4,1
00110800,University of Arkansas-Fayetteville,2024,,88,1,2,1,92,10,1,0,0,11,2,0,1,0,3,1,0,1,0,2,0,0,0,0,0,8,,1,1,6,0,124,0,0,0,0,0,,,0,0,0,0,0,0,0,0,0,0,0,0,0,0,0,0,0,0,0,0,1,0,0,0,1,,,30,0,0,0,30,,,7,0,0,0,7,,,3,0,0,0,3,,,7,0,0,0,7,,,2,0,0,0,2,,,5,0,0,0,5,,,5,0,0,0,5,,,1,0,0,0,1,,,16,1,1,0,18,,,13,1,2,1,17,,,8,0,0,0,8,,,1,0,0,0,1,,,2,0,0,0,2,,,0,0,0,0,0,0,0,0,0,0,,,,,,0,0,1,0,1,,,0,0,0,0,0,101,2,4,1,108,,,AR,74,MO,9,TX,9,0
00116453,Chapman University,2024,,106,0,0,0,106,15,1,2,0,18,1,0,0,0,1,0,0,0,0,0,0,0,0,0,0,3,,3,1,13,0,145,0,0,0,0,0,,,0,0,0,0,0,0,0,0,0,0,0,0,0,0,0,0,0,0,0,0,1,0,0,0,1,,,38,0,1,0,39,,,18,1,0,0,19,,,11,0,0,0,11,,,6,0,0,0,6,,,4,0,0,0,4,,,3,0,0,0,3,,,9,0,0,0,9,,,0,0,0,0,0,,,11,0,1,0,12,,,8,0,0,0,8,,,9,0,0,0,9,,,2,0,0,0,2,,,1,0,0,0,1,,,0,0,0,0,0,0,0,0,0,0,,,,,,1,0,0,0,1,,,0,0,0,0,0,122,1,2,0,125,,,CA,121,IL,1,IN,1,0
00129500,Southwestern Law School,2024,,194,1,3,0,198,23,0,3,0,26,6,0,4,1,11,0,0,0,0,0,0,0,0,0,0,2,,3,15,31,4,290,0,0,0,0,0,,,0,0,0,0,0,0,0,0,0,0,0,0,0,0,0,0,0,0,0,0,1,0,0,0,1,,,58,0,3,0,61,,,36,0,0,0,36,,,27,0,1,0,28,,,4,0,0,0,4,,,3,0,0,0,3,,,6,0,0,0,6,,,20,0,0,0,20,,,1,0,0,0,1,,,21,0,5,1,27,,,18,0,0,0,18,,,22,1,1,0,24,,,0,0,0,0,0,,,4,0,0,0,4,,,0,0,0,0,0,0,0,0,0,0,,,,,,2,0,0,0,2,,,0,0,0,0,0,223,1,10,1,235,,,CA,222,NV,2,TX,2,0
00130503,Stanford University,2024,,164,0,0,0,164,6,1,0,0,7,1,0,0,0,1,0,0,0,0,0,0,0,0,0,0,6,,0,1,0,1,199,17,0,0,0,17,,,2,0,0,0,2,0,0,0,0,0,0,0,0,0,0,19,0,0,0,19,0,0,0,0,0,,,6,0,0,0,6,,,0,0,0,0,0,,,5,0,0,0,5,,,4,0,0,0,4,,,6,0,0,0,6,,,7,0,0,0,7,,,80,0,0,0,80,,,0,0,0,0,0,,,4,0,0,0,4,,,7,1,0,0,8,,,32,0,0,0,32,,,35,0,0,0,35,,,3,0,0,0,3,,,0,0,0,0,0,0,0,0,0,0,,,,,,1,0,0,0,1,,,0,0,0,0,0,190,1,0,0,191,,,CA,69,NY,37,DC,28,2
00131273,University of California-Berkeley,2024,,375,1,0,0,376,5,0,1,0,6,0,0,1,0,1,0,0,0,0,0,0,0,0,0,0,2,,0,1,0,1,408,19,2,0,0,21,,,0,0,0,0,0,0,0,0,0,0,0,0,0,0,0,19,2,0,0,21,0,0,0,0,0,,,5,0,0,0,5,,,5,0,0,0,5,,,2,0,0,0,2,,,6,0,0,0,6,,,8,0,0,0,8,,,20,0,0,0,20,,,213,0,0,0,213,,,0,0,0,0,0,,,3,0,2,0,5,,,19,0,0,0,19,,,66,2,0,0,68,,,36,1,0,0,37,,,14,0,0,0,14,,,0,0,0,0,0,0,0,0,0,0,,,,,,2,0,0,0,2,,,0,0,0,0,0,399,3,2,0,404,,,CA,244,NY,59,DC,26,2
00131373,University of California-Davis,2024,,213,0,0,0,213,4,0,0,0,4,0,0,0,0,0,0,0,1,0,1,0,0,0,0,0,2,,1,3,4,7,243,5,0,0,0,5,,,0,0,0,3,3,0,0,0,0,0,0,0,0,0,0,5,0,0,3,8,0,0,0,0,0,,,18,0,0,0,18,,,16,0,0,0,16,,,6,0,0,0,6,,,8,0,0,0,8,,,7,0,0,0,7,,,7,0,0,0,7,,,64,0,0,0,64,,,0,0,0,0,0,,,7,0,1,0,8,,,30,0,0,0,30,,,44,0,0,0,44,,,3,0,0,0,3,,,10,0,0,0,10,,,0,0,0,0,0,0,0,0,0,0,,,,,,2,0,0,3,5,,,0,0,0,0,0,222,0,1,3,226,,,CA,192,DC,7,AK,4,4
00131400,University of California-Irvine,2024,,150,0,0,0,150,1,0,0,1,2,0,0,0,0,0,1,0,0,0,1,0,0,0,0,0,2,,1,2,6,0,164,0,0,0,0,0,,,0,0,0,0,0,0,0,0,0,0,0,0,0,0,0,0,0,0,0,0,0,0,0,0,0,,,13,0,0,1,14,,,5,0,0,0,5,,,14,0,0,0,14,,,5,0,0,0,5,,,9,0,0,0,9,,,11,0,0,0,11,,,48,0,0,0,48,,,0,0,0,0,0,,,5,0,0,0,5,,,12,0,0,0,12,,,25,0,0,0,25,,,3,0,0,0,3,,,2,0,0,0,2,,,0,0,0,0,0,0,0,0,0,0,,,,,,0,0,0,0,0,,,0,0,0,0,0,152,0,0,1,153,,,CA,131,DC,6,NY,6,0
00131500,University of California-Los Angeles,2024,,341,1,1,0,343,8,0,0,0,8,0,0,0,0,0,0,0,0,0,0,0,0,0,0,0,1,,0,1,6,2,372,9,0,0,0,9,,,2,0,0,0,2,0,0,0,0,0,0,0,0,0,0,11,0,0,0,11,0,0,0,0,0,,,17,0,1,0,18,,,15,0,0,0,15,,,10,0,0,0,10,,,8,0,0,0,8,,,15,0,0,0,15,,,12,0,0,0,12,,,188,0,0,0,188,,,0,0,0,0,0,,,5,0,0,0,5,,,13,0,0,0,13,,,53,0,0,0,53,,,18,1,0,0,19,,,4,0,0,0,4,,,0,0,0,0,0,0,0,0,0,0,,,,,,2,0,0,0,2,,,0,0,0,0,0,360,1,1,0,362,,,CA,282,NY,37,WA,6,5
00132500,University of San Francisco,2024,,79,0,1,1,81,11,2,1,0,14,1,0,0,1,2,0,0,3,1,4,0,0,0,0,0,3,,1,1,13,0,120,0,0,0,0,0,,,1,0,0,0,1,0,0,0,0,0,0,0,0,0,0,1,0,0,0,1,0,0,0,0,0,,,11,1,2,0,14,,,9,0,0,0,9,,,9,0,0,0,9,,,5,0,0,1,6,,,1,0,0,0,1,,,4,0,0,0,4,,,16,0,0,0,16,,,0,0,0,0,0,,,10,0,3,0,13,,,19,0,0,0,19,,,7,1,0,0,8,,,1,0,0,0,1,,,0,0,0,0,0,,,0,0,0,0,0,0,0,0,0,0,,,,,,0,0,0,0,0,,,0,0,0,2,2,92,2,5,3,102,,,CA,89,DC,2,WA,2,1
00132600,Santa Clara University,2024,,138,0,1,1,140,21,2,0,3,26,1,0,0,0,1,0,0,0,0,0,0,0,0,0,0,0,,3,1,23,3,202,0,0,0,0,0,,,0,0,0,5,5,0,0,0,0,0,0,0,0,0,0,0,0,0,5,5,0,0,0,0,0,,,29,1,1,1,32,,,12,0,0,0,12,,,12,0,0,0,12,,,7,0,0,0,7,,,11,0,0,0,11,,,9,0,0,0,9,,,40,0,0,0,40,,,0,0,0,0,0,,,19,1,0,2,22,,,13,0,0,0,13,,,6,0,0,1,7,,,1,0,0,0,1,,,1,0,0,0,1,,,0,0,0,0,0,0,0,0,0,0,,,,,,0,0,0,5,5,,,0,0,0,0,0,160,2,1,9,172,,,CA,160,OH,2,TX,2,1
00132800,University of Southern California,2024,,199,1,1,1,202,7,0,0,2,9,0,1,0,0,1,1,0,0,0,1,0,0,0,0,0,0,,1,1,3,0,221,2,0,0,0,2,,,0,0,0,1,1,0,0,0,0,0,0,0,0,0,0,2,0,0,1,3,0,0,0,0,0,,,11,0,1,0,12,,,7,0,0,0,7,,,4,0,0,0,4,,,8,0,0,0,8,,,13,0,0,0,13,,,9,0,0,0,9,,,122,0,0,3,125,,,0,0,0,0,0,,,6,2,0,1,9,,,6,0,0,0,6,,,15,0,0,0,15,,,3,0,0,0,3,,,3,0,0,0,3,,,0,0,0,0,0,0,0,0,0,0,,,,,,2,0,0,0,2,,,0,0,0,0,0,209,2,1,4,216,,,CA,172,NY,23,TX,4,1
00132901,McGeorge School of Law,2024,,110,1,0,1,112,10,2,1,0,13,1,0,1,0,2,1,0,1,0,2,0,0,0,0,0,0,,2,1,14,0,146,0,0,0,0,0,,,0,0,0,0,0,0,0,0,0,0,0,0,0,0,0,0,0,0,0,0,3,0,0,0,3,,,27,0,2,0,29,,,21,0,0,0,21,,,15,0,0,0,15,,,9,0,0,0,9,,,3,0,0,0,3,,,0,0,0,0,0,,,8,0,0,0,8,,,0,0,0,0,0,,,3,0,0,0,3,,,19,0,0,0,19,,,13,3,1,1,18,,,0,0,0,0,0,,,0,0,0,0,0,,,0,0,0,0,0,0,0,0,0,0,,,,,,0,0,0,0,0,,,1,0,0,0,1,122,3,3,1,129,,,CA,122,DC,2,FL,1,1
00137000,University of Colorado,2024,,146,0,0,0,146,5,0,0,0,5,1,0,1,0,2,0,0,0,1,1,0,0,0,0,0,1,,0,3,7,1,168,2,0,0,0,2,,,0,0,0,0,0,0,0,0,0,0,0,0,0,0,0,2,0,0,0,2,0,0,0,0,0,,,12,0,0,0,12,,,7,0,0,0,7,,,8,0,0,0,8,,,3,0,0,0,3,,,6,0,0,0,6,,,10,0,0,0,10,,,31,0,0,0,31,,,0,0,0,0,0,,,7,0,0,1,8,,,25,0,0,0,25,,,14,0,0,0,14,,,3,0,0,0,3,,,28,0,0,0,28,,,0,0,0,0,0,0,0,0,0,0,,,,,,0,0,1,0,1,,,0,0,0,0,0,154,0,1,1,156,,,CO,121,DC,7,CA,6,0
00137100,University of Denver,2024,,177,0,2,0,179,12,0,2,0,14,6,0,2,0,8,0,0,0,1,1,0,0,0,0,0,3,,7,1,16,0,232,2,0,0,1,3,,,0,0,0,0,0,0,0,0,0,0,0,0,0,0,0,2,0,0,1,3,1,0,1,0,2,,,42,0,1,0,43,,,12,0,0,0,12,,,13,0,0,0,13,,,8,0,0,0,8,,,4,0,0,0,4,,,7,0,0,0,7,,,20,0,0,0,20,,,0,0,0,0,0,,,18,0,3,1,22,,,25,0,0,1,26,,,18,0,1,0,19,,,0,0,0,0,0,,,25,0,0,0,25,,,0,0,0,0,0,0,0,0,0,0,,,,,,4,0,0,0,4,,,0,0,0,0,0,197,0,6,2,205,,,CO,176,DC,4,IL,4,0
00140201,Quinnipiac University,2024,,89,0,0,0,89,15,0,3,0,18,1,0,0,0,1,1,0,1,0,2,0,0,0,0,0,0,,0,2,3,1,116,0,0,0,0,0,,,0,0,0,0,0,0,0,0,0,0,0,0,0,0,0,0,0,0,0,0,0,0,0,0,0,,,29,0,1,0,30,,,18,0,0,0,18,,,5,0,0,0,5,,,4,0,0,0,4,,,2,0,0,0,2,,,1,0,0,0,1,,,2,0,0,0,2,,,0,0,0,0,0,,,16,0,0,0,16,,,14,0,1,0,15,,,7,0,2,0,9,,,0,0,0,0,0,,,8,0,0,0,8,,,0,0,0,0,0,0,0,0,0,0,,,,,,0,0,0,0,0,,,0,0,0,0,0,106,0,4,0,110,,,CT,83,NY,10,MA,5,0
00141706,University of Connecticut,2024,,119,2,1,0,122,13,0,1,0,14,1,0,0,0,1,1,0,0,0,1,0,0,0,0,0,1,,1,2,7,1,150,0,0,0,0,0,,,0,0,0,0,0,0,0,0,0,0,0,0,0,0,0,0,0,0,0,0,0,0,0,0,0,,,16,0,0,0,16,,,8,0,1,0,9,,,7,0,0,0,7,,,14,0,0,0,14,,,2,0,0,0,2,,,7,0,0,0,7,,,17,0,0,0,17,,,1,0,0,0,1,,,19,0,1,0,20,,,15,1,0,0,16,,,9,1,0,0,10,,,0,0,0,0,0,,,18,0,0,0,18,,,0,0,0,0,0,0,0,0,0,0,,,,,,1,0,0,0,1,,,0,0,0,0,0,134,2,2,0,138,,,CT,95,NY,18,MA,11,1
00142600,Yale University,2024,,172,0,0,0,172,11,0,0,1,12,1,0,0,1,2,2,0,0,0,2,0,0,0,0,0,7,,0,1,1,1,215,11,2,0,0,13,,,3,1,0,0,4,0,0,0,0,0,0,0,0,0,0,14,3,0,0,17,0,0,0,0,0,,,2,0,0,0,2,,,1,0,0,0,1,,,2,0,0,0,2,,,4,0,0,0,4,,,3,0,0,0,3,,,8,0,0,0,8,,,66,0,0,0,66,,,0,0,0,0,0,,,10,0,0,1,11,,,7,1,0,0,8,,,33,1,0,0,34,,,56,0,0,0,56,,,4,0,0,0,4,,,2,1,1,0,0,0,0,0,0,0,,,,,,3,0,0,1,4,,,0,0,0,0,0,200,3,0,2,205,,,NY,68,DC,44,CA,21,4
00143401,American University,2024,,279,1,3,0,283,30,0,2,2,34,4,0,0,1,5,1,1,1,0,3,0,0,0,0,0,3,,4,1,46,2,382,1,0,0,0,1,,,0,0,0,0,0,0,0,0,0,0,0,0,0,0,0,1,0,0,0,1,0,0,0,0,0,,,31,0,2,0,33,,,9,0,0,0,9,,,18,0,0,0,18,,,4,0,0,0,4,,,6,0,1,1,8,,,7,0,1,0,8,,,51,0,0,0,51,,,0,0,0,0,0,,,25,1,2,2,30,,,73,0,0,0,73,,,36,0,0,0,36,,,7,0,0,0,7,,,46,0,0,0,46,,,0,0,0,0,0,0,0,0,0,0,,,,,,2,0,0,0,2,,,0,1,0,0,1,315,2,6,3,326,,,DC,146,MD,51,NY,27,4
00143711,Catholic University of America,2024,,94,0,0,0,94,18,0,1,0,19,1,0,0,0,1,0,0,0,0,0,0,0,0,0,0,0,,1,3,3,0,126,5,0,0,0,5,,,0,0,0,0,0,0,0,0,0,0,0,0,0,0,0,5,0,0,0,5,1,0,0,0,1,,,17,0,0,0,17,,,7,0,0,0,7,,,2,0,0,0,2,,,0,0,0,0,0,,,6,0,0,0,6,,,1,0,0,0,1,,,11,0,0,0,11,,,0,0,0,0,0,,,11,0,0,0,11,,,31,0,0,0,31,,,6,0,1,0,7,,,3,0,0,0,3,,,19,0,0,0,19,,,0,0,0,0,0,0,0,0,0,0,,,,,,3,0,0,0,3,,,0,0,0,0,0,118,0,1,0,119,,,DC,48,MD,22,VA,17,0
00144102,District of Columbia,2024,,33,1,0,0,34,11,0,1,1,13,2,1,0,0,3,0,0,1,0,1,0,0,0,0,0,1,,1,1,4,1,63,3,1,0,0,4,,,0,0,0,0,0,0,0,0,0,0,0,0,0,0,0,3,1,0,0,4,2,0,0,0,2,,,6,0,0,0,6,,,0,0,0,0,0,,,0,0,0,0,0,,,3,0,0,0,3,,,1,0,0,0,1,,,0,0,0,0,0,,,1,0,0,0,1,,,0,0,0,0,0,,,3,0,1,0,4,,,14,1,1,0,16,,,15,1,0,1,17,,,0,0,0,0,0,,,4,1,0,0,5,,,0,0,0,0,0,0,0,0,0,0,,,,,,0,0,0,0,0,,,0,0,0,0,0,49,3,2,1,55,,,DC,24,MD,10,VA,10,0
00144402,George Washington University,2024,,493,0,0,0,493,38,0,0,0,38,0,0,1,0,1,0,0,0,0,0,0,0,0,0,0,12,,1,1,1,0,550,3,0,0,0,3,,,0,0,0,0,0,0,0,0,0,0,0,0,0,0,0,3,0,0,0,3,0,0,0,0,0,,,42,0,0,0,42,,,21,0,0,0,21,,,13,0,0,0,13,,,22,0,0,0,22,,,18,0,0,0,18,,,28,0,0,0,28,,,165,0,0,0,165,,,0,0,0,0,0,,,34,0,0,0,34,,,84,0,0,0,84,,,39,0,1,0,40,,,16,0,0,0,16,,,42,0,0,0,42,,,0,0,0,0,0,0,0,0,0,0,,,,,,10,0,0,0,10,,,0,0,0,0,0,534,0,1,0,535,,,DC,249,NY,84,VA,61,9
00144503,Georgetown University,2024,,577,1,0,0,578,11,2,0,0,13,10,0,0,0,10,0,0,0,0,0,0,0,0,0,0,4,,5,2,7,2,661,24,1,0,0,25,,,12,0,0,2,14,0,0,0,1,1,0,0,0,0,0,36,1,0,3,40,0,0,0,0,0,,,7,0,0,0,7,,,10,0,0,0,10,,,7,0,0,0,7,,,11,0,0,0,11,,,21,1,0,0,22,,,24,0,0,0,24,,,361,0,0,0,361,,,1,0,0,0,1,,,18,0,0,0,18,,,44,0,0,2,46,,,58,2,0,1,61,,,32,1,0,0,33,,,26,0,0,0,26,,,0,0,0,0,0,0,0,0,0,0,,,,,,14,0,0,0,14,,,0,0,0,0,0,634,4,0,3,641,,,DC,255,NY,163,CA,57,10
00144802,Howard University,2024,,119,5,0,0,124,6,0,0,0,6,2,0,0,0,2,1,0,0,0,1,0,0,0,0,0,1,,1,1,9,1,147,1,0,0,0,1,,,0,0,0,0,0,0,0,0,0,0,0,0,0,0,0,1,0,0,0,1,0,0,0,0,0,,,6,0,0,0,6,,,4,0,0,0,4,,,2,0,0,0,2,,,5,0,0,0,5,,,2,0,0,0,2,,,8,0,0,0,8,,,58,0,0,0,58,,,0,0,0,0,0,,,5,0,0,0,5,,,10,0,0,0,10,,,13,1,0,0,14,,,2,2,0,0,4,,,13,2,0,0,15,,,0,0,0,0,0,0,0,0,0,0,,,,,,0,0,0,0,0,,,1,0,0,0,1,129,5,0,0,134,,,DC,46,NY,34,MD,12,1
00146601,Barry University,2024,,172,1,2,1,176,8,3,4,5,20,3,0,0,0,3,2,0,0,2,4,0,0,0,1,1,2,,1,6,11,10,236,0,0,0,0,0,,,0,1,0,0,1,0,0,0,0,0,0,0,1,0,1,0,1,1,0,2,0,0,2,0,2,,,48,1,3,4,56,,,11,0,0,0,11,,,8,0,0,0,8,,,6,0,0,0,6,,,9,0,0,0,9,,,10,0,0,0,10,,,11,0,0,0,11,,,1,0,0,0,1,,,12,2,1,3,18,,,48,0,0,2,50,,,16,1,0,0,17,,,1,0,0,0,1,,,1,0,0,0,1,,,0,0,0,0,0,0,0,0,0,0,,,,,,2,1,1,0,4,,,1,0,0,0,1,185,5,7,9,206,,,FL,179,NY,5,GA,4,0
00146800,St. Thomas University (Florida),2024,,165,2,0,2,169,22,1,2,1,26,5,0,1,1,7,0,0,1,0,1,0,0,0,0,0,22,,0,3,21,0,249,0,0,0,0,0,,,0,0,0,0,0,0,0,0,0,0,0,0,0,0,0,0,0,0,0,0,5,0,0,1,6,,,61,1,1,2,65,,,8,0,0,0,8,,,10,0,0,0,10,,,5,0,0,0,5,,,12,0,0,0,12,,,4,0,0,0,4,,,14,0,0,0,14,,,13,0,1,0,14,,,11,1,1,1,14,,,28,0,0,0,28,,,21,1,0,0,22,,,0,0,0,0,0,,,0,0,0,0,0,,,0,0,0,0,0,0,0,0,0,0,,,,,,0,0,1,0,1,,,0,0,0,0,0,192,3,4,4,203,,,FL,189,CA,2,NJ,2,2
00148001,Florida A&M University,2024,,65,0,1,0,66,6,0,2,0,8,2,0,2,0,4,0,0,0,0,0,0,0,0,0,0,4,,2,1,10,7,102,0,0,0,0,0,,,0,0,0,0,0,0,0,0,0,0,0,0,0,0,0,0,0,0,0,0,3,0,1,0,4,,,11,0,0,0,11,,,1,0,0,0,1,,,6,0,0,0,6,,,4,0,0,0,4,,,1,0,0,0,1,,,3,0,0,0,3,,,6,0,0,0,6,,,0,0,0,0,0,,,5,0,2,0,7,,,16,0,0,0,16,,,12,0,2,0,14,,,1,0,0,0,1,,,1,0,0,0,1,,,0,0,0,0,0,0,0,0,0,0,,,,,,3,0,0,0,3,,,0,0,0,0,0,73,0,5,0,78,,,FL,62,GA,4,NJ,4,0
00148900,Florida State University,2024,,170,0,0,0,170,4,0,0,0,4,0,0,0,0,0,0,0,0,0,0,0,0,0,0,0,10,,2,0,2,3,191,0,0,0,0,0,,,0,0,0,0,0,0,0,0,0,0,0,0,0,0,0,0,0,0,0,0,0,0,0,0,0,,,18,0,0,0,18,,,15,0,0,0,15,,,10,0,0,0,10,,,9,0,0,0,9,,,2,0,0,0,2,,,19,0,0,0,19,,,30,0,0,0,30,,,0,0,0,0,0,,,5,0,0,0,5,,,38,0,0,0,38,,,18,0,0,0,18,,,2,0,0,0,2,,,7,0,0,0,7,,,0,0,0,0,0,0,0,0,0,0,,,,,,1,0,0,0,1,,,0,0,0,0,0,174,0,0,0,174,,,FL,149,AL,3,DC,3,1
00149500,Jacksonville University,2024,,,,,,,,,,,,,,,,,,,,,,,,,,,,,,,,,,,,,,,,,,,,,,,,,,,,,,,,,,,,,,,,,,,,,,,,,,,,,,,,,,,,,,,,,,,,,,,,,,,,,,,,,,,,,,,,,,,,,,,,,,,,,,,,,,,,,,,,,,,,,,,,,,,,,,,,,,,,,,,,,,,,,,,,,,,,,,,,,,,,,,,,,,,,,,,,,,,,,,,
00150900,Nova Southeastern University,2024,,126,2,0,1,129,7,2,0,1,10,6,0,1,0,7,1,0,0,1,2,0,0,0,0,0,1,,0,3,33,5,191,1,0,0,0,1,,,0,0,0,0,0,0,0,0,0,0,0,0,0,0,0,1,0,0,0,1,1,0,0,0,1,,,33,2,0,2,37,,,6,1,0,0,7,,,7,0,0,0,7,,,7,0,0,0,7,,,6,0,0,0,6,,,15,0,0,0,15,,,13,0,0,0,13,,,0,0,0,0,0,,,16,0,1,1,18,,,27,0,0,0,27,,,9,1,0,0,10,,,0,0,0,0,0,,,0,0,0,0,0,,,0,0,0,0,0,0,0,0,0,0,,,,,,0,0,0,0,0,,,1,0,0,0,1,141,4,1,3,149,,,FL,139,NJ,2,CA,1,4
00153101,Stetson University,2024,,235,0,1,0,236,20,0,2,2,24,1,0,0,0,1,0,0,0,0,0,0,0,0,0,0,9,,1,3,11,0,285,0,0,0,0,0,,,0,0,0,0,0,0,0,0,0,0,0,0,0,0,0,0,0,0,0,0,1,0,0,0,1,,,41,0,1,1,43,,,21,0,0,0,21,,,10,0,0,0,10,,,11,0,0,0,11,,,24,0,0,0,24,,,13,0,0,0,13,,,22,0,0,0,22,,,2,0,1,1,4,,,21,0,1,0,22,,,52,0,0,0,52,,,29,0,0,0,29,,,4,0,0,0,4,,,2,0,0,0,2,,,0,0,0,0,0,0,0,0,0,0,,,,,,3,0,0,0,3,,,0,0,0,0,0,256,0,3,2,261,,,FL,222,CA,4,DC,4,2
00153505,University of Florida,2024,,238,0,0,0,238,12,0,0,0,12,0,0,0,0,0,0,0,1,0,1,0,0,0,0,0,6,,0,3,4,0,264,0,0,0,0,0,,,0,0,0,0,0,0,0,0,0,0,0,0,0,0,0,0,0,0,0,0,0,0,0,0,0,,,17,0,0,0,17,,,18,0,0,0,18,,,14,0,0,0,14,,,7,0,0,0,7,,,19,0,0,0,19,,,25,0,0,0,25,,,66,0,0,0,66,,,0,0,0,0,0,,,7,0,1,0,8,,,30,0,0,0,30,,,25,0,0,0,25,,,15,0,0,0,15,,,4,0,0,0,4,,,0,0,0,0,0,0,0,0,0,0,,,,,,3,0,0,0,3,,,0,0,0,0,0,250,0,1,0,251,,,FL,164,NY,16,DC,13,2
00153601,University of Miami,2024,,332,2,1,2,337,26,3,0,3,32,1,0,0,0,1,0,0,0,0,0,0,0,0,0,0,14,,0,4,11,3,404,2,0,0,0,2,,,0,0,0,0,0,0,0,0,0,0,0,0,0,0,0,2,0,0,0,2,2,0,0,0,2,,,57,2,0,3,62,,,49,0,0,1,50,,,13,0,0,0,13,,,6,0,0,0,6,,,24,0,0,0,24,,,22,0,0,0,22,,,77,2,0,0,79,,,0,0,0,0,0,,,36,1,1,0,38,,,31,0,0,0,31,,,32,0,0,1,33,,,5,0,0,0,5,,,3,0,0,0,3,,,0,0,0,0,0,0,0,0,0,0,,,,,,4,0,0,0,4,,,0,0,0,0,0,361,5,1,5,372,,,FL,283,NY,25,CA,9,1
00156400,Emory University,2024,,254,1,0,0,255,8,1,1,0,10,0,0,0,0,0,0,0,0,0,0,0,0,0,0,0,7,,0,6,8,1,288,0,1,0,0,1,,,0,0,0,0,0,0,0,0,0,0,0,0,0,0,0,0,1,0,0,1,0,0,0,0,0,,,25,0,1,0,26,,,22,0,0,0,22,,,8,0,0,0,8,,,11,0,0,0,11,,,15,0,0,0,15,,,18,0,0,0,18,,,96,1,0,0,97,,,0,0,0,0,0,,,8,1,0,0,9,,,21,1,0,0,22,,,19,0,0,0,19,,,11,0,0,0,11,,,7,0,0,0,7,,,0,0,0,0,0,0,0,0,0,0,,,,,,1,0,0,0,1,,,0,0,0,0,0,262,3,1,0,266,,,GA,123,NY,43,TX,14,2
00157400,Georgia State University,2024,,172,0,1,1,174,18,0,0,0,18,4,0,0,0,4,0,0,0,0,0,0,0,0,0,0,2,,1,1,11,0,211,0,0,0,0,0,,,0,0,0,0,0,0,0,0,0,0,0,0,0,0,0,0,0,0,0,0,0,0,0,0,0,,,42,0,0,0,42,,,14,0,0,0,14,,,11,0,0,0,11,,,16,0,0,0,16,,,16,0,0,0,16,,,9,0,0,0,9,,,20,0,0,0,20,,,1,0,0,0,1,,,18,0,0,0,18,,,27,0,1,0,28,,,12,0,0,1,13,,,2,0,0,0,2,,,4,0,0,0,4,,,0,0,0,0,0,0,0,0,0,0,,,,,,2,0,0,0,2,,,0,0,0,0,0,194,0,1,1,196,,,GA,178,TX,3,DC,2,0
00158015,Mercer University,2024,,92,0,0,0,92,4,0,1,0,5,0,0,0,0,0,0,0,0,0,0,0,0,0,0,0,1,,0,1,4,1,104,0,0,0,0,0,,,0,0,0,0,0,0,0,0,0,0,0,0,0,0,0,0,0,0,0,0,0,0,0,0,0,,,28,0,1,0,29,,,14,0,0,0,14,,,9,0,0,0,9,,,7,0,0,0,7,,,5,0,0,0,5,,,2,0,0,0,2,,,3,0,0,0,3,,,0,0,0,0,0,,,9,0,0,0,9,,,7,0,0,0,7,,,4,0,0,0,4,,,4,0,0,0,4,,,4,0,0,0,4,,,0,0,0,0,0,0,0,0,0,0,,,,,,0,0,0,0,0,,,0,0,0,0,0,96,0,1,0,97,,,GA,82,FL,6,NC,3,0
00159800,University of Georgia,2024,,172,0,0,0,172,3,0,0,0,3,1,0,1,0,2,0,0,0,0,0,0,0,0,0,0,4,,1,1,5,1,189,0,0,0,0,0,,,0,0,0,0,0,0,0,0,0,0,0,0,0,0,0,0,0,0,0,0,0,0,0,0,0,,,16,0,0,0,16,,,18,0,0,0,18,,,14,0,0,0,14,,,14,0,0,0,14,,,3,0,0,0,3,,,8,0,0,0,8,,,33,0,0,0,33,,,0,0,0,0,0,,,6,0,1,0,7,,,21,0,0,0,21,,,14,0,0,0,14,,,17,0,0,0,17,,,10,0,0,0,10,,,0,0,0,0,0,0,0,0,0,0,,,,,,2,0,0,0,2,,,0,0,0,0,0,176,0,1,0,177,,,GA,134,FL,6,TX,6,0
00161000,University of Hawaii,2024,,72,0,0,0,72,7,1,0,1,9,5,0,2,0,7,0,0,1,0,1,0,0,0,0,0,1,,0,4,2,0,96,0,0,0,0,0,,,0,0,0,0,0,0,0,0,0,0,0,0,0,0,0,0,0,0,0,0,0,0,0,0,0,,,7,0,0,0,7,,,9,0,0,0,9,,,3,0,0,0,3,,,4,0,0,0,4,,,0,0,0,0,0,,,0,0,0,0,0,,,0,0,0,0,0,,,0,0,0,0,0,,,2,0,2,0,4,,,17,1,0,1,19,,,9,0,0,0,9,,,6,0,0,0,6,,,23,0,0,0,23,,,0,0,0,0,0,0,0,0,0,0,,,,,,4,0,0,0,4,,,0,0,1,0,1,84,1,3,1,89,,,HI,77,VA,3,IL,2,0
00162600,University of Idaho,2024,,98,1,1,0,100,1,1,0,1,3,2,0,0,0,2,0,0,0,2,2,0,0,0,0,0,0,,1,1,4,7,120,0,0,0,0,0,,,0,0,0,0,0,0,0,0,0,0,0,0,0,0,0,0,0,0,0,0,0,0,0,0,0,,,36,0,1,0,37,,,9,0,0,0,9,,,1,0,0,0,1,,,1,0,0,0,1,,,3,0,0,0,3,,,2,0,0,0,2,,,0,0,0,0,0,,,0,0,0,0,0,,,3,1,0,2,6,,,25,1,0,0,26,,,5,0,0,1,6,,,3,0,0,0,3,,,12,0,0,0,12,,,0,0,0,0,0,0,0,0,0,0,,,,,,1,0,0,0,1,,,0,0,0,0,0,101,2,1,3,107,,,ID,63,WA,17,UT,6,0
00167100,Depaul University,2024,,131,1,2,0,134,18,0,1,2,21,1,0,0,0,1,1,0,1,0,2,0,0,0,0,0,0,,1,0,13,7,179,0,0,0,0,0,,,0,0,0,0,0,0,0,0,0,0,0,0,0,0,0,0,0,0,0,0,0,0,0,0,0,,,32,0,2,1,35,,,15,0,0,0,15,,,19,0,0,0,19,,,6,0,0,0,6,,,6,0,0,0,6,,,2,0,0,0,2,,,14,0,0,0,14,,,1,0,0,0,1,,,14,0,1,0,15,,,27,1,1,0,29,,,11,0,0,0,11,,,0,0,0,0,0,,,4,0,0,0,4,,,0,0,0,0,0,0,0,0,0,0,,,,,,0,0,0,0,0,,,0,0,0,1,1,151,1,4,2,158,,,IL,132,IN,5,MI,4,0
00169101,Chicago-Kent College of Law-IIT,2024,,188,1,0,0,189,12,0,3,0,15,3,0,1,0,4,0,0,1,0,1,0,0,0,0,0,0,,2,1,21,1,234,0,0,0,0,0,,,0,0,0,0,0,0,0,0,0,0,0,0,0,0,0,0,0,0,0,0,0,0,0,0,0,,,38,0,2,0,40,,,23,0,0,0,23,,,10,0,0,0,10,,,17,0,0,0,17,,,10,0,0,0,10,,,6,0,0,0,6,,,24,0,0,0,24,,,1,0,0,0,1,,,17,0,1,0,18,,,31,0,0,0,31,,,18,0,1,0,19,,,1,1,0,0,2,,,6,0,0,0,6,,,0,0,0,0,0,0,0,0,0,0,,,,,,1,0,1,0,2,,,0,0,0,0,0,203,1,5,0,209,,,IL,185,CO,3,GA,3,0
00171000,Loyola University-Chicago,2024,,277,1,0,0,278,47,0,0,0,47,1,0,0,0,1,0,0,0,0,0,0,0,0,0,0,4,,0,2,18,0,350,0,0,0,0,0,,,0,0,0,0,0,0,0,0,0,0,0,0,0,0,0,0,0,0,0,0,1,0,0,0,1,,,45,0,0,0,45,,,30,0,0,0,30,,,29,0,0,0,29,,,24,0,0,0,24,,,17,0,0,0,17,,,12,0,0,0,12,,,56,0,0,0,56,,,0,0,0,0,0,,,35,0,0,0,35,,,34,1,0,0,35,,,29,0,0,0,29,,,3,0,0,0,3,,,8,0,0,0,8,,,0,0,0,0,0,0,0,0,0,0,,,,,,2,0,0,0,2,,,0,0,0,0,0,325,1,0,0,326,,,IL,250,CA,13,IN,9,0
00173700,Northern Illinois University,2024,,69,0,0,0,69,10,1,0,0,11,0,0,0,0,0,0,0,0,0,0,0,0,0,0,0,1,,0,1,8,4,94,0,0,0,0,0,,,0,0,0,0,0,0,0,0,0,0,0,0,0,0,0,0,0,0,0,0,0,0,0,0,0,,,20,1,0,0,21,,,8,0,0,0,8,,,3,0,0,0,3,,,3,0,0,0,3,,,4,0,0,0,4,,,1,0,0,0,1,,,1,0,0,0,1,,,0,0,0,0,0,,,8,0,0,0,8,,,18,0,0,0,18,,,11,0,0,0,11,,,0,0,0,0,0,,,2,0,0,0,2,,,0,0,0,0,0,0,0,0,0,0,,,,,,0,0,0,0,0,,,0,0,0,0,0,79,1,0,0,80,,,IL,67,CA,2,MI,2,0
00173900,Northwestern University,2024,,252,0,0,1,253,5,0,0,0,5,0,0,0,0,0,0,0,0,0,0,0,0,0,0,0,1,,1,0,1,2,270,6,0,0,0,6,,,1,0,0,0,1,0,0,0,0,0,0,0,0,0,0,7,0,0,0,7,0,0,0,0,0,,,3,0,0,0,3,,,3,0,0,0,3,,,1,0,0,0,1,,,5,0,0,0,5,,,6,0,0,0,6,,,17,0,0,0,17,,,173,0,0,0,173,,,1,0,0,0,1,,,6,0,0,0,6,,,11,0,0,0,11,,,14,0,0,1,15,,,14,0,0,0,14,,,6,0,0,0,6,,,0,0,0,0,0,0,0,0,0,0,,,,,,4,0,0,0,4,,,0,0,0,0,0,264,0,0,1,265,,,IL,119,NY,67,CA,27,1
00175800,Southern Illinois University-Carbondale,2024,,63,0,3,0,66,4,0,0,0,4,1,0,0,0,1,1,1,0,0,2,0,0,0,0,0,1,,2,1,5,2,84,0,0,0,0,0,,,0,0,0,0,0,0,0,0,0,0,0,0,0,0,0,0,0,0,0,0,1,0,0,0,1,,,25,0,1,0,26,,,7,0,0,0,7,,,3,0,0,0,3,,,3,0,0,0,3,,,2,0,0,0,2,,,0,0,0,0,0,,,1,0,0,0,1,,,0,0,0,0,0,,,2,0,0,0,2,,,11,0,1,0,12,,,11,0,1,0,12,,,0,0,0,0,0,,,2,0,0,0,2,,,0,0,0,0,0,0,0,0,0,0,,,,,,1,1,0,0,2,,,0,0,0,0,0,69,1,3,0,73,,,IL,43,MO,12,IN,4,0
00177400,University of Chicago,2024,,187,0,0,1,188,5,0,0,0,5,0,0,0,0,0,0,0,0,0,0,0,0,0,0,0,1,,0,0,1,0,199,4,0,0,0,4,,,0,0,0,0,0,0,0,0,0,0,0,0,0,0,0,4,0,0,0,4,0,0,0,0,0,,,1,0,0,0,1,,,0,0,0,0,0,,,0,0,0,0,0,,,2,0,0,0,2,,,5,0,0,0,5,,,11,0,0,0,11,,,97,0,0,0,97,,,0,0,0,0,0,,,5,0,0,1,6,,,6,0,0,0,6,,,11,0,0,0,11,,,56,0,0,0,56,,,1,0,0,0,1,,,0,0,0,0,0,0,0,0,0,0,,,,,,1,0,0,0,1,,,0,0,0,0,0,196,0,0,1,197,,,IL,48,NY,41,CA,34,1
00177500,University of Illinois,2024,,191,1,0,1,193,3,0,0,0,3,0,0,0,0,0,0,0,0,0,0,0,0,0,0,0,0,,1,1,0,0,203,5,0,0,0,5,,,0,0,0,0,0,0,0,0,0,0,0,0,0,0,0,5,0,0,0,5,0,0,0,0,0,,,16,0,0,1,17,,,6,0,0,0,6,,,16,0,0,0,16,,,7,0,0,0,7,,,16,0,0,0,16,,,7,0,0,0,7,,,69,0,0,0,69,,,1,0,0,0,1,,,8,0,0,0,8,,,21,0,0,0,21,,,16,0,0,0,16,,,8,0,0,0,8,,,2,1,0,0,3,,,0,0,0,0,0,0,0,0,0,0,,,,,,6,0,0,0,6,,,0,0,0,0,0,199,1,0,1,201,,,IL,135,CA,13,TX,9,1
00177608,University of Illinois Chicago School of Law,2024,,215,0,0,0,215,18,3,4,1,26,10,0,1,1,12,0,0,0,0,0,0,0,0,1,1,1,,5,3,29,3,295,0,0,0,0,0,,,0,0,0,0,0,0,0,0,0,0,0,0,0,0,0,0,0,0,0,0,0,0,0,0,0,,,52,0,1,1,54,,,19,2,0,0,21,,,19,0,0,0,19,,,19,0,0,0,19,,,9,0,0,0,9,,,4,0,0,0,4,,,19,0,0,0,19,,,0,0,0,0,0,,,21,1,2,2,26,,,53,0,1,0,54,,,18,0,1,0,19,,,0,0,0,0,0,,,8,0,0,0,8,,,0,0,0,0,0,0,0,0,0,0,,,,,,2,0,0,0,2,,,0,0,0,0,0,243,3,5,3,254,,,IL,219,NY,6,CO,5,3
00180900,Indiana University - Bloomington,2024,,168,0,0,1,169,13,0,0,0,13,1,0,0,0,1,0,0,0,0,0,0,0,0,0,0,2,,0,2,5,0,198,2,2,0,0,4,,,2,0,0,0,2,0,0,0,0,0,0,0,0,0,0,4,2,0,0,6,0,0,0,0,0,,,17,1,0,0,18,,,16,0,0,0,16,,,9,0,0,0,9,,,9,0,0,0,9,,,12,0,0,0,12,,,6,0,0,0,6,,,34,0,0,0,34,,,0,0,0,0,0,,,10,0,0,1,11,,,28,1,0,0,29,,,17,0,0,0,17,,,7,0,0,0,7,,,17,0,0,0,17,,,0,0,0,0,0,0,0,0,0,0,,,,,,4,0,0,0,4,,,0,0,0,0,0,186,2,0,1,189,,,IN,66,IL,27,DC,12,8
00181300,Indiana University - Indianapolis,2024,,176,2,1,0,179,22,0,2,1,25,6,0,1,0,7,1,0,1,0,2,0,0,0,0,0,0,,0,4,14,1,232,0,0,0,0,0,,,0,0,0,0,0,0,0,0,0,0,0,0,0,0,0,0,0,0,0,0,2,0,0,0,2,,,44,0,2,1,47,,,7,0,0,0,7,,,14,0,0,0,14,,,5,0,0,0,5,,,9,0,0,0,9,,,2,0,0,0,2,,,19,0,0,0,19,,,0,0,0,0,0,,,23,0,3,0,26,,,45,1,0,0,46,,,28,0,0,0,28,,,1,0,0,0,1,,,2,1,0,0,3,,,0,0,0,0,0,0,0,0,0,0,,,,,,3,0,0,0,3,,,1,0,0,0,1,205,2,5,1,213,,,IN,191,IL,6,FL,4,0
00184000,University of Notre Dame,2024,,174,1,0,0,175,2,0,0,1,3,0,0,0,0,0,0,0,0,1,1,0,0,0,0,0,1,,0,0,1,0,187,3,0,0,0,3,,,1,2,0,0,3,0,0,0,0,0,0,0,0,0,0,4,2,0,0,6,0,0,0,0,0,,,1,0,0,1,2,,,7,0,0,0,7,,,3,0,0,0,3,,,4,0,0,0,4,,,8,0,0,0,8,,,7,0,0,0,7,,,74,0,0,0,74,,,0,0,0,0,0,,,5,0,0,0,5,,,23,0,0,0,23,,,8,2,0,0,10,,,31,1,0,0,32,,,9,0,0,0,9,,,0,0,0,0,0,0,0,0,0,0,,,,,,0,0,0,1,1,,,0,0,0,0,0,180,3,0,2,185,,,IL,41,NY,28,IN,16,2
00186000,Drake University,2024,,88,0,0,0,88,3,0,0,0,3,0,0,0,0,0,0,0,0,0,0,0,0,0,0,0,0,,3,1,5,0,100,0,0,0,0,0,,,0,0,0,0,0,0,0,0,0,0,0,0,0,0,0,0,0,0,0,0,0,0,0,0,0,,,16,0,0,0,16,,,10,0,0,0,10,,,8,0,0,0,8,,,7,0,0,0,7,,,2,0,0,0,2,,,1,0,0,0,1,,,7,0,0,0,7,,,0,0,0,0,0,,,4,0,0,0,4,,,15,0,0,0,15,,,7,0,0,0,7,,,1,0,0,0,1,,,13,0,0,0,13,,,0,0,0,0,0,0,0,0,0,0,,,,,,0,0,0,0,0,,,0,0,0,0,0,91,0,0,0,91,,,IA,72,MN,4,MO,4,0
00189200,University of Iowa,2024,,151,0,0,0,151,14,0,0,0,14,0,0,0,0,0,0,0,0,0,0,0,0,0,0,0,7,,0,1,0,0,176,0,0,0,0,0,,,0,0,3,0,3,0,0,0,0,0,0,0,0,0,0,0,0,3,0,3,1,0,0,0,1,,,21,0,0,0,21,,,11,0,0,0,11,,,7,0,0,0,7,,,6,0,0,0,6,,,9,0,0,0,9,,,8,0,0,0,8,,,28,0,0,0,28,,,0,0,0,0,0,,,11,0,0,0,11,,,16,0,0,0,16,,,15,0,0,0,15,,,9,0,0,0,9,,,21,0,0,0,21,,,0,0,0,0,0,0,0,0,0,0,,,,,,2,0,3,0,5,,,0,0,0,0,0,165,0,3,0,168,,,IA,57,IL,19,MN,10,1
00194800,University of Kansas,2024,,105,0,0,1,106,8,0,0,0,8,0,0,0,0,0,0,0,0,1,1,0,0,0,1,1,0,,1,0,0,0,118,0,0,0,0,0,,,1,0,0,0,1,0,0,0,0,0,0,0,0,0,0,1,0,0,0,1,0,0,0,0,0,,,12,0,0,0,12,,,15,0,0,0,15,,,11,0,0,0,11,,,4,0,0,0,4,,,3,0,0,0,3,,,4,0,0,0,4,,,12,0,0,0,12,,,0,0,0,0,0,,,8,0,0,1,9,,,23,0,0,0,23,,,9,0,0,0,9,,,7,0,0,0,7,,,3,0,0,0,3,,,0,0,0,0,0,0,0,0,0,0,,,,,,3,0,0,1,4,,,0,0,0,1,1,114,0,0,3,117,,,KS,49,MO,33,TX,5,0
00194900,Washburn University,2024,,81,0,0,0,81,8,0,0,0,8,1,1,0,0,2,0,0,0,1,1,0,0,0,0,0,0,,0,1,2,0,95,0,0,0,0,0,,,0,0,0,0,0,0,0,0,0,0,0,0,0,0,0,0,0,0,0,0,0,0,0,0,0,,,19,0,0,0,19,,,5,0,0,0,5,,,6,0,0,0,6,,,7,0,0,0,7,,,0,0,0,0,0,,,2,0,0,0,2,,,2,0,0,0,2,,,0,0,0,0,0,,,8,1,0,1,10,,,18,0,0,0,18,,,15,0,0,0,15,,,1,0,0,0,1,,,5,0,0,0,5,,,0,0,0,0,0,0,0,0,0,0,,,,,,2,0,0,0,2,,,0,0,0,0,0,90,1,0,1,92,,,KS,67,MO,8,CO,4,0
00198903,University of Kentucky,2024,,128,0,1,0,129,7,0,0,0,7,0,0,0,0,0,0,0,0,0,0,0,0,0,0,0,0,,1,1,1,0,139,0,0,0,0,0,,,0,0,0,0,0,0,0,0,0,0,0,0,0,0,0,0,0,0,0,0,0,0,0,0,0,,,21,0,1,0,22,,,14,0,0,0,14,,,6,0,0,0,6,,,5,0,0,0,5,,,6,0,0,0,6,,,7,0,0,0,7,,,9,0,0,0,9,,,0,0,0,0,0,,,13,0,0,0,13,,,18,0,0,0,18,,,14,0,0,0,14,,,8,0,0,0,8,,,13,0,0,0,13,,,0,0,0,0,0,0,0,0,0,0,,,,,,1,0,0,0,1,,,0,0,0,0,0,135,0,1,0,136,,,KY,83,TN,9,IL,8,0
00199900,University of Louisville,2024,,90,1,3,0,94,8,2,2,0,12,2,0,1,1,4,0,0,1,1,2,0,0,0,0,0,4,,1,0,7,2,126,0,0,0,0,0,,,0,0,0,0,0,0,0,0,0,0,0,0,0,0,0,0,0,0,0,0,3,0,0,0,3,,,26,0,4,0,30,,,11,1,0,0,12,,,4,0,0,0,4,,,1,0,0,0,1,,,2,0,0,0,2,,,3,0,0,0,3,,,4,0,0,0,4,,,5,0,0,0,5,,,9,0,2,0,11,,,19,2,1,0,22,,,7,0,0,0,7,,,2,0,0,0,2,,,2,0,0,0,2,,,0,0,0,0,0,0,0,0,0,0,,,,,,2,0,0,1,3,,,0,0,0,1,1,100,3,7,2,112,,,KY,80,IL,7,IN,6,0
00201000,Louisiana State University,2024,,171,0,0,0,171,12,0,0,0,12,0,0,2,0,2,0,0,0,0,0,0,0,0,0,0,7,,2,2,12,1,209,0,0,0,0,0,,,0,0,0,0,0,0,0,0,0,0,0,0,0,0,0,0,0,0,0,0,0,0,0,0,0,,,35,0,0,0,35,,,15,0,0,0,15,,,16,0,0,0,16,,,13,0,0,0,13,,,16,0,0,0,16,,,12,0,0,0,12,,,4,0,0,0,4,,,0,0,0,0,0,,,10,0,1,0,11,,,28,0,0,0,28,,,13,0,0,0,13,,,6,0,0,0,6,,,15,0,0,0,15,,,0,0,0,0,0,0,0,0,0,0,,,,,,0,0,1,0,1,,,0,0,0,0,0,183,0,2,0,185,,,LA,134,TX,19,FL,5,0
00201600,Loyola University-New Orleans,2024,,148,0,1,0,149,8,0,0,2,10,2,0,0,1,3,1,0,1,1,3,0,0,0,0,0,2,,0,0,11,0,179,1,0,0,0,1,,,0,0,0,0,0,0,0,0,0,0,0,0,0,0,0,1,0,0,0,1,0,0,0,0,0,,,38,0,0,2,40,,,25,0,1,0,26,,,18,0,0,0,18,,,12,0,0,0,12,,,6,0,0,0,6,,,6,0,0,0,6,,,2,0,0,0,2,,,4,0,0,0,4,,,8,0,0,2,10,,,16,0,0,0,16,,,12,0,1,0,13,,,8,0,0,0,8,,,4,0,0,0,4,,,0,0,0,0,0,0,0,0,0,0,,,,,,1,0,0,0,1,,,0,0,0,0,0,160,0,2,4,166,,,LA,117,TX,13,GA,7,0
00202500,Southern University,2024,,113,6,1,1,121,28,0,3,5,36,20,1,2,1,24,4,1,1,4,10,0,0,0,0,0,2,,0,5,60,2,261,1,0,0,0,1,,,0,0,0,0,0,0,0,0,0,0,0,0,0,0,0,1,0,0,0,1,1,0,0,0,1,,,23,3,1,3,30,,,6,1,0,0,7,,,6,0,0,0,6,,,6,0,0,0,6,,,5,0,0,0,5,,,0,0,0,0,0,,,6,0,0,0,6,,,4,0,0,0,4,,,22,2,2,1,27,,,42,0,2,1,45,,,17,0,0,1,18,,,2,1,0,0,3,,,19,1,0,0,20,,,0,0,0,0,0,0,0,0,0,0,,,,,,3,0,2,3,8,,,4,0,0,2,6,166,8,7,11,192,,,LA,104,TX,29,DC,10,0
00202900,Tulane University,2024,,174,1,3,0,178,13,0,2,1,16,3,1,2,0,6,1,0,0,0,1,0,0,0,0,0,5,,0,0,10,0,218,1,0,0,0,1,,,0,0,1,0,1,0,0,0,0,0,0,0,0,0,0,1,0,1,0,2,0,0,0,0,0,,,11,0,2,0,13,,,12,0,0,0,12,,,13,0,0,0,13,,,15,0,0,0,15,,,11,0,0,0,11,,,16,0,0,0,16,,,40,0,1,0,41,,,0,0,0,0,0,,,16,1,2,1,20,,,18,1,1,0,20,,,24,0,1,0,25,,,6,0,0,0,6,,,7,0,0,0,7,,,0,0,0,0,0,0,0,0,0,0,,,,,,3,0,1,0,4,,,0,0,0,0,0,192,2,8,1,203,,,LA,71,NY,39,TX,27,1
00205400,University of Maine,2024,,65,0,0,0,65,4,0,0,0,4,2,0,1,0,3,0,0,1,0,1,0,0,0,0,0,0,,1,0,8,0,82,0,0,0,0,0,,,0,0,0,0,0,0,0,0,0,0,0,0,0,0,0,0,0,0,0,0,2,0,0,0,2,,,17,0,0,0,17,,,3,0,0,0,3,,,4,0,0,0,4,,,2,0,0,0,2,,,6,0,0,0,6,,,3,0,0,0,3,,,1,0,0,0,1,,,0,0,0,0,0,,,5,0,2,0,7,,,7,0,0,0,7,,,7,0,0,0,7,,,1,0,0,0,1,,,12,0,0,0,12,,,0,0,0,0,0,0,0,0,0,0,,,,,,1,0,0,0,1,,,0,0,0,0,0,71,0,2,0,73,,,ME,56,NY,4,NC,3,0
00210200,University of Baltimore,2024,,154,2,2,0,158,20,0,1,0,21,7,0,1,0,8,1,0,2,0,3,0,0,0,0,0,2,,1,1,12,1,207,0,0,0,0,0,,,0,0,0,0,0,0,0,0,0,0,0,0,0,0,0,0,0,0,0,0,0,0,0,0,0,,,34,0,3,0,37,,,7,0,0,0,7,,,5,0,0,0,5,,,5,0,0,0,5,,,1,0,0,0,1,,,1,0,0,0,1,,,3,0,0,0,3,,,0,0,0,0,0,,,13,0,3,0,16,,,34,0,0,0,34,,,19,0,0,0,19,,,5,0,0,0,5,,,53,2,0,0,55,,,0,0,0,0,0,0,0,0,0,0,,,,,,2,0,0,0,2,,,0,0,0,0,0,182,2,6,0,190,,,MD,160,VA,8,DC,5,0
00210400,University of Maryland,2024,,189,2,0,1,192,24,5,1,6,36,2,1,0,0,3,0,0,0,0,0,0,0,0,0,0,1,,2,1,9,0,244,0,0,0,0,0,,,0,0,0,0,0,0,0,0,0,0,0,0,0,0,0,0,0,0,0,0,0,0,0,0,0,,,18,1,1,1,21,,,12,1,0,0,13,,,7,0,0,0,7,,,9,0,0,0,9,,,6,0,0,0,6,,,3,0,0,0,3,,,24,0,0,0,24,,,0,0,0,0,0,,,10,2,0,1,13,,,36,2,0,2,40,,,13,0,0,2,15,,,8,0,0,0,8,,,65,2,0,0,67,,,0,0,0,0,0,0,0,0,0,0,,,,,,4,0,0,1,5,,,0,0,0,0,0,215,8,1,7,231,,,MD,143,DC,34,VA,12,1
00212801,Boston College,2024,,314,0,0,0,314,7,0,2,0,9,1,0,0,1,2,0,0,1,0,1,0,0,0,0,0,0,,2,1,5,0,341,7,0,0,0,7,,,0,0,0,0,0,0,0,0,0,0,0,0,0,0,0,7,0,0,0,7,0,0,0,0,0,,,6,0,1,0,7,,,7,0,0,0,7,,,6,0,0,0,6,,,11,0,0,0,11,,,23,0,0,0,23,,,23,0,0,0,23,,,149,0,0,0,149,,,0,0,0,0,0,,,18,0,1,0,19,,,27,0,0,0,27,,,26,0,1,0,27,,,14,0,0,0,14,,,17,0,0,0,17,,,0,0,0,0,0,0,0,0,0,0,,,,,,2,0,0,1,3,,,0,0,0,0,0,329,0,3,1,333,,,MA,168,NY,54,CA,17,4
00213007,Boston University,2024,,256,0,0,0,256,14,0,0,1,15,1,0,0,0,1,0,0,0,0,0,0,0,0,0,0,0,,0,2,9,0,297,5,0,0,0,5,,,9,0,0,0,9,0,0,0,0,0,0,0,0,0,0,14,0,0,0,14,0,0,0,0,0,,,18,0,0,0,18,,,7,0,0,0,7,,,3,0,0,0,3,,,4,0,0,0,4,,,12,0,0,0,12,,,25,0,0,0,25,,,106,0,0,0,106,,,0,0,0,0,0,,,21,0,0,1,22,,,25,0,0,0,25,,,28,0,0,0,28,,,11,0,0,0,11,,,16,0,0,0,16,,,0,0,0,0,0,0,0,0,0,0,,,,,,9,0,0,0,9,,,0,0,0,0,0,285,0,0,1,286,,,MA,149,NY,57,DC,15,1
00215510,Harvard University,2024,,551,3,0,0,554,10,0,0,0,10,13,0,0,0,13,0,0,0,0,0,0,0,0,0,0,6,,0,4,11,0,622,17,0,0,0,17,,,6,0,0,0,6,1,0,0,0,1,0,0,0,0,0,24,0,0,0,24,0,0,0,0,0,,,5,0,0,0,5,,,10,0,0,0,10,,,11,0,0,0,11,,,9,0,0,0,9,,,6,0,0,0,6,,,13,0,0,0,13,,,320,0,0,0,320,,,0,0,0,0,0,,,17,0,0,0,17,,,21,0,0,0,21,,,47,0,0,0,47,,,109,3,0,0,112,,,19,0,0,0,19,,,2,2,0,0,0,0,0,0,0,0,,,,,,9,0,0,0,9,,,0,0,0,0,0,598,3,0,0,601,,,NY,197,DC,107,CA,75,12
00219900,Northeastern University,2024,,185,0,0,0,185,8,1,1,0,10,0,1,0,0,1,0,0,0,1,1,0,0,0,0,0,1,,0,0,14,0,214,2,0,0,0,2,,,0,0,0,0,0,0,0,0,0,0,0,0,0,0,0,2,0,0,0,2,1,0,0,0,1,,,15,0,0,0,15,,,7,0,0,0,7,,,6,0,0,0,6,,,10,0,0,0,10,,,15,0,0,0,15,,,8,0,0,0,8,,,42,0,0,0,42,,,0,0,0,0,0,,,7,0,1,1,9,,,17,0,0,0,17,,,50,2,0,0,52,,,3,0,0,0,3,,,10,0,0,0,10,,,0,0,0,0,0,0,0,0,0,0,,,,,,4,0,0,0,4,,,0,0,0,0,0,195,2,1,1,199,,,MA,104,NY,26,DC,13,2
00221007,University of Massachusetts Dartmouth,2024,,74,0,1,0,75,12,0,2,0,14,2,1,1,1,5,0,0,0,0,0,0,0,0,0,0,2,,0,0,15,0,111,0,0,0,0,0,,,0,0,0,0,0,0,0,0,0,0,0,0,0,0,0,0,0,0,0,0,1,0,0,0,1,,,16,0,2,0,18,,,13,0,0,0,13,,,3,0,0,0,3,,,1,0,0,0,1,,,1,0,0,0,1,,,0,0,0,0,0,,,0,0,0,0,0,,,0,0,0,0,0,,,5,1,1,0,7,,,22,0,1,0,23,,,12,0,0,0,12,,,0,0,0,0,0,,,11,0,0,0,11,,,0,0,0,0,0,0,0,0,0,0,,,,,,3,0,0,1,4,,,0,0,0,0,0,88,1,4,1,94,,,MA,44,RI,11,NJ,7,0
00221810,Suffolk University,2024,,297,1,0,0,298,50,0,0,2,52,6,1,0,0,7,3,0,4,4,11,0,0,0,0,0,5,,3,1,25,0,402,0,0,0,0,0,,,0,0,0,0,0,0,0,0,0,0,0,0,0,0,0,0,0,0,0,0,1,0,0,0,1,,,71,0,0,2,73,,,31,0,0,0,31,,,16,0,0,0,16,,,11,0,0,0,11,,,15,0,0,0,15,,,10,0,0,0,10,,,49,0,0,0,49,,,0,0,0,0,0,,,55,1,3,3,62,,,56,0,0,0,56,,,27,0,0,0,27,,,2,0,0,0,2,,,11,0,0,0,11,,,0,0,0,0,0,0,0,0,0,0,,,,,,1,1,1,1,4,,,0,0,0,0,0,356,2,4,6,368,,,MA,301,NY,13,RI,7,0
00222600,Western New England University,2024,,76,0,1,0,77,9,0,0,0,9,8,0,1,1,10,0,1,1,1,3,0,0,0,0,0,0,,0,1,5,4,110,0,0,0,1,1,,,0,0,0,0,0,0,0,0,0,0,0,0,0,0,0,0,0,0,1,1,2,0,0,0,2,,,22,0,1,0,23,,,10,0,0,0,10,,,8,0,0,0,8,,,1,0,0,0,1,,,1,0,0,0,1,,,0,0,0,0,0,,,0,0,0,0,0,,,0,0,0,0,0,,,11,1,1,0,13,,,14,0,1,1,16,,,17,0,0,2,19,,,1,0,0,0,1,,,3,0,0,0,3,,,0,0,0,0,0,0,0,0,0,0,,,,,,3,0,0,0,3,,,0,0,0,0,0,93,1,3,3,100,,,MA,63,CT,21,NY,5,1
00225400,Michigan State University,2024,,174,1,1,1,177,17,0,2,0,19,1,0,0,0,1,0,0,0,0,0,0,0,0,1,1,2,,3,0,7,5,220,0,0,0,0,0,,,0,5,0,0,5,0,0,0,0,0,0,0,0,0,0,0,5,0,0,5,0,0,0,0,0,,,37,0,1,1,39,,,22,0,0,0,22,,,17,0,0,0,17,,,12,0,0,0,12,,,15,0,0,0,15,,,4,0,0,0,4,,,9,0,0,0,9,,,0,0,0,0,0,,,11,1,1,0,13,,,32,0,1,0,33,,,21,4,0,0,25,,,2,0,0,0,2,,,8,1,0,0,9,,,0,0,0,0,0,0,0,0,0,0,,,,,,2,0,0,0,2,,,0,0,0,1,1,192,6,3,2,203,,,MI,136,IL,13,CA,7,1
00232300,University of Detroit Mercy,2024,,172,0,1,0,173,6,0,1,0,7,2,0,1,1,4,0,0,0,0,0,0,0,0,0,0,1,,2,3,9,0,199,0,0,0,0,0,,,0,0,0,0,0,0,0,0,0,0,0,0,0,0,0,0,0,0,0,0,0,0,0,0,0,,,45,0,2,0,47,,,20,0,0,0,20,,,14,0,0,0,14,,,22,0,0,0,22,,,13,0,0,0,13,,,11,0,0,0,11,,,8,0,0,0,8,,,1,0,0,0,1,,,17,0,0,1,18,,,14,0,0,0,14,,,13,0,0,0,13,,,0,0,0,0,0,,,1,0,0,0,1,,,1,1,0,0,0,0,0,0,0,0,,,,,,0,0,1,0,1,,,0,0,0,0,0,180,0,3,1,184,,,MI,114,IL,2,HI,1,62
00232503,University of Michigan,2024,,302,0,1,0,303,3,0,0,0,3,1,0,0,0,1,0,0,1,0,1,0,0,0,0,0,4,,0,2,3,0,322,5,0,0,0,5,,,0,0,0,0,0,0,0,0,0,0,0,0,0,0,0,5,0,0,0,5,0,0,0,0,0,,,2,0,1,0,3,,,4,0,0,0,4,,,2,0,0,0,2,,,0,0,0,0,0,,,10,0,0,0,10,,,19,0,0,0,19,,,162,0,0,0,162,,,0,0,0,0,0,,,3,0,1,0,4,,,19,0,0,0,19,,,35,0,0,0,35,,,33,0,0,0,33,,,21,0,0,0,21,,,1,1,0,0,0,0,0,0,0,0,,,,,,0,0,0,0,0,,,0,0,0,0,0,311,0,2,0,313,,,NY,75,IL,52,MI,43,3
00232902,Wayne State University,2024,,115,0,0,0,115,15,0,0,0,15,0,0,0,0,0,1,0,0,0,1,0,0,0,0,0,3,,1,0,2,0,138,0,0,0,0,0,,,1,0,0,0,1,0,0,0,0,0,0,0,0,0,0,1,0,0,0,1,2,0,0,0,2,,,31,0,0,0,31,,,14,0,0,0,14,,,3,0,0,0,3,,,9,0,0,0,9,,,10,0,0,0,10,,,5,0,0,0,5,,,7,0,0,0,7,,,0,0,0,0,0,,,10,0,0,0,10,,,12,0,0,0,12,,,14,0,0,0,14,,,6,0,0,0,6,,,1,0,0,0,1,,,0,0,0,0,0,0,0,0,0,0,,,,,,8,0,0,0,8,,,0,0,0,0,0,132,0,0,0,132,,,MI,122,CA,3,FL,1,0
00234500,University of St. Thomas (Minnesota),2024,,125,0,1,0,126,12,0,1,1,14,1,1,0,0,2,0,0,1,0,1,0,0,0,0,0,0,,2,0,8,0,159,3,0,0,0,3,,,3,0,0,0,3,0,0,0,0,0,0,0,0,0,0,6,0,0,0,6,0,0,0,0,0,,,28,0,0,0,28,,,16,0,0,0,16,,,11,0,0,0,11,,,5,0,0,0,5,,,3,0,0,0,3,,,6,0,0,0,6,,,4,0,0,0,4,,,0,0,0,0,0,,,11,0,1,1,13,,,6,1,0,0,7,,,14,0,2,0,16,,,0,0,0,0,0,,,35,0,0,0,35,,,0,0,0,0,0,0,0,0,0,0,,,,,,5,0,0,0,5,,,0,0,0,0,0,144,1,3,1,149,,,MN,127,WI,5,CO,3,1
00239101,Mitchell Hamline School of Law,2024,,240,2,5,0,247,40,3,3,1,47,48,0,5,0,53,4,1,5,0,10,0,0,0,0,0,1,,1,12,16,2,389,0,0,0,0,0,,,0,0,0,0,0,0,0,0,0,0,0,0,0,0,0,0,0,0,0,0,12,0,0,0,12,,,71,1,4,1,77,,,25,0,1,0,26,,,10,0,0,0,10,,,3,0,0,0,3,,,6,0,0,0,6,,,3,0,0,0,3,,,6,0,0,0,6,,,0,0,0,0,0,,,63,1,12,0,76,,,55,0,0,0,55,,,26,1,1,0,28,,,0,0,0,0,0,,,49,2,0,0,51,,,0,0,0,0,0,0,0,0,0,0,,,,,,3,1,0,0,4,,,0,0,0,0,0,332,6,18,1,357,,,MN,179,TX,24,FL,14,2
00241501,Mississippi College,2024,,90,3,1,0,94,4,4,0,2,10,2,0,0,0,2,1,0,0,0,1,0,0,0,0,0,0,,1,0,16,0,124,0,0,0,0,0,,,0,0,0,0,0,0,0,0,0,0,0,0,0,0,0,0,0,0,0,0,3,0,0,0,3,,,32,3,1,2,38,,,7,0,0,0,7,,,5,1,0,0,6,,,2,0,0,0,2,,,1,0,0,0,1,,,5,0,0,0,5,,,3,0,0,0,3,,,0,0,0,0,0,,,6,1,0,0,7,,,16,0,0,0,16,,,4,0,0,0,4,,,5,0,0,0,5,,,7,2,0,0,9,,,0,0,0,0,0,0,0,0,0,0,,,,,,0,0,0,0,0,,,1,0,0,0,1,97,7,1,2,107,,,MS,57,LA,8,TX,6,0
00244000,University of Mississippi,2024,,134,1,0,0,135,11,0,2,0,13,2,0,0,0,2,1,0,2,0,3,0,0,0,0,0,3,,1,0,15,3,175,0,0,0,0,0,,,0,0,0,0,0,0,0,0,0,0,0,0,0,0,0,0,0,0,0,0,1,1,0,0,2,,,34,0,2,0,36,,,11,0,0,0,11,,,7,0,0,0,7,,,6,0,0,0,6,,,9,0,0,0,9,,,15,0,0,0,15,,,10,0,0,0,10,,,0,0,0,0,0,,,12,0,2,0,14,,,23,0,0,0,23,,,6,0,0,0,6,,,9,0,0,0,9,,,5,0,0,0,5,,,0,0,0,0,0,0,0,0,0,0,,,,,,0,0,0,0,0,,,0,0,0,0,0,148,1,4,0,153,,,MS,49,TN,27,TX,13,0
00250609,Saint Louis University,2024,,158,0,0,0,158,7,0,0,1,8,0,0,0,0,0,1,2,1,0,4,0,0,0,0,0,4,,0,3,8,0,185,0,0,0,0,0,,,0,0,0,0,0,0,0,0,0,0,0,0,0,0,0,0,0,0,0,0,2,0,0,0,2,,,20,0,0,0,20,,,24,0,0,0,24,,,10,0,0,0,10,,,22,0,0,0,22,,,11,0,0,0,11,,,14,0,0,0,14,,,13,0,0,0,13,,,0,0,0,1,1,,,5,2,1,0,8,,,27,0,0,0,27,,,14,0,0,0,14,,,2,0,0,0,2,,,1,0,0,0,1,,,0,0,0,0,0,0,0,0,0,0,,,,,,1,0,0,0,1,,,0,0,0,0,0,166,2,1,1,170,,,MO,116,IL,20,NY,6,0
00251600,University of Missouri,2024,,108,0,0,0,108,14,0,1,1,16,1,0,0,0,1,0,0,0,0,0,0,0,0,0,0,2,,0,0,2,0,132,3,0,0,0,3,,,0,0,0,0,0,0,0,0,0,0,0,0,0,0,0,3,0,0,0,3,1,0,0,0,1,,,19,0,0,1,20,,,12,0,0,0,12,,,4,0,0,0,4,,,4,0,0,0,4,,,3,0,0,0,3,,,5,0,0,0,5,,,13,0,0,0,13,,,0,0,0,0,0,,,11,0,1,0,12,,,26,0,0,0,26,,,7,0,0,0,7,,,4,0,0,0,4,,,10,0,0,0,10,,,0,0,0,0,0,0,0,0,0,0,,,,,,7,0,0,0,7,,,0,0,0,0,0,126,0,1,1,128,,,MO,106,IL,4,FL,3,0
00251800,University of Missouri-Kansas City,2024,,111,1,1,0,113,4,1,2,1,8,2,0,0,0,2,0,0,0,0,0,0,0,0,0,0,1,,0,0,3,0,127,0,0,0,0,0,,,0,0,0,0,0,0,0,0,0,0,0,0,0,0,0,0,0,0,0,0,2,0,1,0,3,,,34,0,1,0,35,,,9,0,0,0,9,,,9,2,0,0,11,,,7,0,1,0,8,,,3,0,0,0,3,,,7,0,0,0,7,,,13,0,0,0,13,,,0,0,0,0,0,,,8,0,0,0,8,,,9,0,0,0,9,,,6,0,0,1,7,,,0,0,0,0,0,,,10,0,0,0,10,,,0,0,0,0,0,0,0,0,0,0,,,,,,0,0,0,0,0,,,0,0,0,0,0,117,2,3,1,123,,,MO,90,KS,27,CA,2,0
00252000,Washington University,2024,,271,0,0,0,271,5,0,0,0,5,0,0,0,0,0,0,0,0,0,0,0,0,0,0,0,3,,0,1,0,0,285,0,0,0,0,0,,,5,0,0,0,5,0,0,0,0,0,0,0,0,0,0,5,0,0,0,5,1,0,0,0,1,,,6,0,0,0,6,,,9,0,0,0,9,,,5,0,0,0,5,,,10,0,0,0,10,,,20,0,0,0,20,,,19,0,0,0,19,,,112,0,0,0,112,,,0,0,0,0,0,,,10,0,0,0,10,,,22,0,0,0,22,,,24,0,0,0,24,,,27,0,0,0,27,,,11,0,0,0,11,,,0,0,0,0,0,0,0,0,0,0,,,,,,5,0,0,0,5,,,0,0,0,0,0,281,0,0,0,281,,,IL,51,MO,51,NY,36,2
00253600,University of Montana,2024,,71,0,0,0,71,3,0,0,0,3,0,0,0,0,0,0,0,0,0,0,0,0,0,0,0,1,,1,0,1,1,78,0,0,0,0,0,,,0,0,0,0,0,0,0,0,0,0,0,0,0,0,0,0,0,0,0,0,0,0,0,0,0,,,24,0,0,0,24,,,4,0,0,0,4,,,1,0,0,0,1,,,2,0,0,0,2,,,4,0,0,0,4,,,0,0,0,0,0,,,2,0,0,0,2,,,0,0,0,0,0,,,0,0,0,0,0,,,10,0,0,0,10,,,8,0,0,0,8,,,7,0,0,0,7,,,11,0,0,0,11,,,0,0,0,0,0,0,0,0,0,0,,,,,,1,0,0,0,1,,,0,0,0,0,0,74,0,0,0,74,,,MT,60,CO,4,AK,2,0
00254200,Creighton University,2024,,116,0,0,0,116,7,0,0,0,7,3,0,0,0,3,1,0,1,1,3,0,0,0,0,0,4,,2,0,10,0,145,0,0,0,0,0,,,0,0,0,0,0,0,0,0,0,0,0,0,0,0,0,0,0,0,0,0,0,0,0,0,0,,,30,0,0,0,30,,,14,0,0,0,14,,,9,0,0,0,9,,,9,0,0,0,9,,,6,0,0,0,6,,,0,0,0,0,0,,,5,0,0,0,5,,,0,0,0,0,0,,,9,0,1,1,11,,,26,0,0,0,26,,,9,0,0,0,9,,,1,0,0,0,1,,,9,0,0,0,9,,,0,0,0,0,0,0,0,0,0,0,,,,,,0,0,0,0,0,,,0,0,0,0,0,127,0,1,1,129,,,NE,76,CO,8,IA,7,0
00256500,University of Nebraska,2024,,136,0,0,0,136,6,0,0,0,6,1,0,0,0,1,2,0,2,0,4,0,0,0,0,0,2,,1,0,3,0,153,0,0,0,0,0,,,0,0,0,0,0,0,0,0,0,0,0,0,0,0,0,0,0,0,0,0,0,0,0,0,0,,,30,0,0,0,30,,,14,0,0,0,14,,,17,0,0,0,17,,,1,0,0,0,1,,,4,0,0,0,4,,,1,0,0,0,1,,,8,0,0,0,8,,,0,0,0,0,0,,,16,0,2,0,18,,,30,0,0,0,30,,,16,0,0,0,16,,,0,0,0,0,0,,,7,0,0,0,7,,,0,0,0,0,0,0,0,0,0,0,,,,,,1,0,0,0,1,,,0,0,0,0,0,145,0,2,0,147,,,NE,97,MN,6,IL,5,1
00256900,University of Nevada - Las Vegas,2024,,140,2,0,1,143,8,1,0,1,10,3,0,0,0,3,8,0,0,0,8,1,0,0,0,1,2,,0,0,5,2,179,5,0,0,0,5,,,0,0,0,0,0,0,0,0,0,0,0,0,0,0,0,5,0,0,0,5,0,0,0,1,1,,,21,0,0,0,21,,,6,1,0,0,7,,,9,0,0,0,9,,,4,0,0,0,4,,,6,0,0,0,6,,,1,0,0,0,1,,,9,1,0,0,10,,,28,0,0,0,28,,,6,0,0,1,7,,,24,1,0,0,25,,,6,0,0,0,6,,,3,0,0,0,3,,,34,0,0,0,34,,,0,0,0,0,0,0,0,0,0,0,,,,,,3,0,0,0,3,,,5,0,0,0,5,165,3,0,2,170,,,NV,143,UT,7,CA,3,0
00258903,University of New Hampshire,2024,,130,0,0,0,130,25,0,6,0,31,8,0,0,0,8,0,0,1,0,1,0,0,0,0,0,2,,1,3,9,2,187,0,0,0,0,0,,,0,0,0,0,0,0,0,0,0,0,0,0,0,0,0,0,0,0,0,0,1,0,1,0,2,,,28,0,4,0,32,,,8,0,0,0,8,,,18,0,0,0,18,,,6,0,0,0,6,,,9,0,0,0,9,,,3,0,0,0,3,,,9,0,0,0,9,,,1,0,0,0,1,,,27,0,0,0,27,,,30,0,0,0,30,,,13,0,2,0,15,,,1,0,0,0,1,,,4,0,0,0,4,,,0,0,0,0,0,0,0,0,0,0,,,,,,5,0,0,0,5,,,0,0,0,0,0,163,0,7,0,170,,,NH,61,MA,24,NY,10,1
00262900,Rutgers University,2024,,386,4,0,0,390,43,1,3,1,48,11,0,2,0,13,0,0,0,0,0,0,0,0,0,0,1,,1,2,19,7,481,0,0,0,0,0,,,0,0,0,0,0,0,0,0,0,0,0,0,0,0,0,0,0,0,0,0,4,0,0,0,4,,,40,0,2,1,43,,,26,0,0,0,26,,,19,0,0,0,19,,,13,0,0,0,13,,,21,0,0,0,21,,,14,0,0,0,14,,,35,0,0,0,35,,,0,0,0,0,0,,,30,1,3,0,34,,,42,0,0,0,42,,,22,0,0,0,22,,,4,0,0,0,4,,,162,4,0,0,166,,,0,0,0,0,0,0,0,0,0,0,,,,,,8,0,0,0,8,,,0,0,0,0,0,440,5,5,1,451,,,NJ,304,NY,55,PA,43,0
00263201,Seton Hall University,2024,,262,4,0,1,267,17,1,1,1,20,10,0,0,1,11,1,0,0,0,1,0,0,0,0,0,2,,1,1,8,3,314,0,0,0,0,0,,,0,0,0,0,0,0,0,0,0,0,0,0,0,0,0,0,0,0,0,0,0,0,0,0,0,,,15,0,1,1,17,,,12,0,0,0,12,,,14,0,0,0,14,,,11,0,0,0,11,,,4,0,0,0,4,,,14,0,0,0,14,,,33,0,0,0,33,,,0,0,0,0,0,,,30,0,0,2,32,,,22,0,0,0,22,,,9,1,0,0,10,,,3,1,0,0,4,,,122,3,0,0,125,,,0,0,0,0,0,0,0,0,0,0,,,,,,1,0,0,0,1,,,0,0,0,0,0,290,5,1,3,299,,,NJ,201,NY,73,CA,5,1
00266300,University of New Mexico,2024,,94,1,1,0,96,1,0,1,0,2,1,0,0,0,1,0,0,0,0,0,0,0,0,0,0,0,,0,0,11,2,112,0,0,0,0,0,,,0,0,0,0,0,0,0,0,0,0,0,0,0,0,0,0,0,0,0,0,0,0,0,0,0,,,31,0,0,0,31,,,3,0,0,0,3,,,3,0,0,0,3,,,3,0,0,0,3,,,1,0,0,0,1,,,1,0,0,0,1,,,0,0,0,0,0,,,0,0,0,0,0,,,2,0,0,0,2,,,26,1,0,0,27,,,16,0,0,0,16,,,1,0,0,0,1,,,9,0,1,0,10,,,0,0,0,0,0,0,0,0,0,0,,,,,,0,0,0,0,0,,,0,0,1,0,1,96,1,2,0,99,,,NM,90,CO,2,AZ,1,1
00267700,Brooklyn Law School,2024,,331,1,1,0,333,25,0,0,2,27,5,0,0,0,5,1,0,1,0,2,0,0,0,0,0,3,,3,1,26,0,400,0,0,0,0,0,,,0,0,0,0,0,0,0,0,0,0,0,0,0,0,0,0,0,0,0,0,0,0,0,0,0,,,30,0,1,2,33,,,23,0,0,0,23,,,21,0,0,0,21,,,19,0,0,0,19,,,11,0,0,0,11,,,23,0,0,0,23,,,72,0,0,0,72,,,0,0,0,0,0,,,33,0,1,0,34,,,70,0,0,0,70,,,42,0,0,0,42,,,5,0,0,0,5,,,12,1,0,0,13,,,0,0,0,0,0,0,0,0,0,0,,,,,,1,0,0,0,1,,,0,0,0,0,0,362,1,2,2,367,,,NY,323,NJ,16,CA,3,2
00270711,Columbia University,2024,,493,1,0,0,494,6,0,0,0,6,5,0,0,0,5,0,0,0,0,0,0,0,0,0,0,1,,0,0,5,2,523,6,1,0,0,7,,,2,0,1,0,3,0,0,0,0,0,0,0,0,0,0,8,1,1,0,10,0,0,0,0,0,,,3,0,0,0,3,,,1,0,0,0,1,,,3,0,0,0,3,,,4,0,0,0,4,,,7,0,0,0,7,,,39,0,0,0,39,,,336,1,0,0,337,,,0,0,0,0,0,,,5,0,0,0,5,,,26,0,0,0,26,,,55,0,0,0,55,,,29,0,0,0,29,,,4,0,0,0,4,,,1,0,1,0,0,0,0,0,0,0,,,,,,0,0,1,0,1,,,0,0,0,0,0,512,2,1,0,515,,,NY,362,DC,44,CA,34,11
00271101,Cornell University,2024,,189,1,0,0,190,1,0,1,0,2,0,0,0,0,0,1,0,0,0,1,0,0,0,0,0,0,,0,0,1,1,196,1,0,0,0,1,,,0,0,0,0,0,0,0,0,0,0,0,0,0,0,0,1,0,0,0,1,0,0,0,0,0,,,3,0,0,0,3,,,3,0,0,0,3,,,1,0,0,0,1,,,2,0,0,0,2,,,3,0,0,0,3,,,12,0,0,0,12,,,141,0,0,0,141,,,1,0,0,0,1,,,4,0,0,0,4,,,3,0,1,0,4,,,6,0,0,0,6,,,13,0,0,0,13,,,0,0,0,0,0,,,1,0,1,0,0,0,0,0,0,0,,,,,,0,0,0,0,0,,,0,0,0,0,0,192,1,1,0,194,,,NY,131,CA,15,DC,8,4
00272203,Fordham University,2024,,407,0,0,1,408,22,1,0,1,24,0,0,1,0,1,0,0,0,0,0,0,0,0,0,0,1,,1,0,18,2,455,0,0,0,0,0,,,0,0,0,0,0,0,0,0,0,0,0,0,0,0,0,0,0,0,0,0,0,0,0,0,0,,,19,0,0,2,21,,,14,0,0,0,14,,,14,0,0,0,14,,,19,0,0,0,19,,,15,0,0,0,15,,,43,0,0,0,43,,,192,0,0,0,192,,,0,0,0,0,0,,,29,0,1,0,30,,,33,0,0,0,33,,,29,1,0,0,30,,,15,0,0,0,15,,,7,0,0,0,7,,,0,0,0,0,0,0,0,0,0,0,,,,,,0,0,0,0,0,,,0,0,0,0,0,429,1,1,2,433,,,NY,381,DC,10,NJ,9,3
00273200,Hofstra University,2024,,237,0,1,2,240,19,0,0,1,20,0,0,0,0,0,0,0,0,0,0,1,0,0,0,1,1,,2,1,12,1,278,0,0,0,0,0,,,0,0,0,0,0,0,0,0,0,0,0,0,0,0,0,0,0,0,0,0,1,0,0,0,1,,,44,0,1,2,47,,,27,0,0,0,27,,,13,0,0,0,13,,,19,0,0,0,19,,,11,0,0,0,11,,,6,0,0,0,6,,,36,0,0,0,36,,,2,0,0,1,3,,,22,0,0,0,22,,,53,0,0,0,53,,,12,0,0,0,12,,,1,0,0,0,1,,,6,0,0,0,6,,,0,0,0,0,0,0,0,0,0,0,,,,,,3,0,0,0,3,,,1,0,0,0,1,257,0,1,3,261,,,NY,245,NJ,5,FL,2,0
00278300,New York Law School,2024,,262,1,2,0,265,45,1,4,1,51,3,0,3,0,6,0,0,0,0,0,0,0,0,0,0,2,,3,2,14,0,345,2,0,0,0,2,,,0,0,0,0,0,0,0,0,0,0,0,0,0,0,0,2,0,0,0,2,0,0,0,0,0,,,49,1,5,0,55,,,18,0,0,0,18,,,13,0,0,0,13,,,13,0,0,0,13,,,5,0,0,0,5,,,8,0,0,0,8,,,45,0,0,0,45,,,0,0,0,0,0,,,45,1,4,1,51,,,53,0,0,0,53,,,34,0,0,0,34,,,1,0,0,0,1,,,28,0,0,0,28,,,0,0,0,0,0,0,0,0,0,0,,,,,,0,0,0,0,0,,,0,0,0,0,0,312,2,9,1,324,,,NY,258,NJ,32,CA,5,2
00278500,New York University,2024,,479,1,0,0,480,7,0,0,0,7,0,0,1,0,1,0,0,0,0,0,0,0,0,1,1,1,,1,1,4,2,524,20,0,0,0,20,,,6,0,0,0,6,0,0,0,0,0,0,0,0,0,0,26,0,0,0,26,0,0,0,0,0,,,1,0,0,0,1,,,2,0,0,0,2,,,8,0,0,0,8,,,4,0,0,0,4,,,5,0,0,0,5,,,27,0,0,0,27,,,284,0,0,0,284,,,0,0,0,0,0,,,4,0,0,0,4,,,23,0,0,1,24,,,115,0,1,0,116,,,26,1,0,0,27,,,10,0,0,0,10,,,0,0,0,0,0,0,0,0,0,0,,,,,,3,0,0,0,3,,,0,0,0,0,0,512,1,1,1,515,,,NY,366,DC,33,CA,30,4
00279102,Pace University,2024,,206,0,0,0,206,18,1,0,1,20,6,0,2,0,8,1,0,0,2,3,0,0,0,0,0,4,,1,2,8,0,252,0,0,0,0,0,,,0,0,0,0,0,0,0,0,0,0,0,0,0,0,0,0,0,0,0,0,0,0,0,0,0,,,36,1,0,0,37,,,25,0,0,0,25,,,12,0,0,0,12,,,5,0,0,0,5,,,5,0,0,0,5,,,3,0,0,0,3,,,16,0,0,0,16,,,1,0,0,0,1,,,20,0,2,2,24,,,46,0,0,0,46,,,23,0,0,0,23,,,3,0,0,0,3,,,29,0,0,0,29,,,0,0,0,0,0,0,0,0,0,0,,,,,,6,0,0,1,7,,,1,0,0,0,1,231,1,2,3,237,,,NY,161,NJ,34,CT,15,2
00282300,"St. John's University",2024,,223,0,0,0,223,21,0,1,0,22,1,0,1,0,2,0,0,0,0,0,0,0,0,0,0,1,,0,1,16,0,265,0,0,0,0,0,,,0,0,0,0,0,0,0,0,0,0,0,0,0,0,0,0,0,0,0,0,0,0,0,0,0,,,26,0,1,0,27,,,18,0,0,0,18,,,16,0,0,0,16,,,22,0,0,0,22,,,12,0,0,0,12,,,8,0,0,0,8,,,42,0,0,0,42,,,0,0,0,0,0,,,26,0,0,0,26,,,43,0,1,0,44,,,20,0,0,0,20,,,7,0,0,0,7,,,5,0,0,0,5,,,0,0,0,0,0,0,0,0,0,0,,,,,,0,0,0,0,0,,,0,0,0,0,0,245,0,2,0,247,,,NY,229,NJ,6,DE,3,0
00283700,University of Buffalo-SUNY,2024,,135,0,0,0,135,11,0,0,0,11,0,0,1,0,1,0,0,0,0,0,0,0,0,0,0,2,,0,2,4,0,160,0,0,0,0,0,,,5,0,0,0,5,0,0,0,0,0,0,0,0,0,0,5,0,0,0,5,0,0,0,0,0,,,33,0,0,0,33,,,16,0,0,0,16,,,12,0,0,0,12,,,10,0,0,0,10,,,14,0,0,0,14,,,7,0,0,0,7,,,5,0,0,0,5,,,0,0,0,0,0,,,5,0,1,0,6,,,20,0,0,0,20,,,19,0,0,0,19,,,1,0,0,0,1,,,4,0,0,0,4,,,0,0,0,0,0,0,0,0,0,0,,,,,,5,0,0,0,5,,,0,0,0,0,0,151,0,1,0,152,,,NY,142,,2,VA,2,0
00288200,Syracuse University,2024,,154,1,0,0,155,16,0,0,0,16,17,0,1,0,18,0,0,2,0,2,0,0,0,0,0,0,,3,3,5,0,202,0,0,0,0,0,,,0,0,0,0,0,0,0,0,0,0,0,0,0,0,0,0,0,0,0,0,2,0,0,0,2,,,23,0,0,0,23,,,19,0,0,0,19,,,8,0,0,0,8,,,11,0,0,0,11,,,5,0,0,0,5,,,11,0,0,0,11,,,10,0,0,0,10,,,0,0,0,0,0,,,20,0,3,0,23,,,38,1,0,0,39,,,17,0,0,0,17,,,4,0,0,0,4,,,9,0,0,0,9,,,0,0,0,0,0,0,0,0,0,0,,,,,,9,0,0,0,9,,,1,0,0,0,1,187,1,3,0,191,,,NY,94,DC,12,CA,10,1
00288600,Albany Law School of Union University,2024,,177,0,0,0,177,10,0,0,1,11,1,0,0,0,1,0,0,0,0,0,0,0,0,0,0,0,,1,1,12,2,205,0,0,0,0,0,,,0,0,0,0,0,0,0,0,0,0,0,0,0,0,0,0,0,0,0,0,0,0,0,0,0,,,27,0,0,1,28,,,23,0,0,0,23,,,11,0,0,0,11,,,4,0,0,0,4,,,8,0,0,0,8,,,6,0,0,0,6,,,4,0,0,0,4,,,0,0,0,0,0,,,4,0,0,0,4,,,55,0,0,0,55,,,34,0,0,0,34,,,3,0,0,0,3,,,8,0,0,0,8,,,0,0,0,0,0,0,0,0,0,0,,,,,,1,0,0,0,1,,,0,0,0,0,0,188,0,0,1,189,,,NY,170,DC,3,MA,3,1
00290301,Cardozo School of Law,2024,,275,1,4,1,281,12,0,3,1,16,1,0,0,0,1,0,0,0,0,0,0,0,0,0,0,0,,2,0,8,0,311,3,0,0,0,3,,,0,0,0,0,0,0,0,0,0,0,0,0,0,0,0,3,0,0,0,3,0,0,0,0,0,,,46,0,5,0,51,,,21,1,0,0,22,,,18,0,0,0,18,,,20,0,0,0,20,,,13,0,0,0,13,,,10,0,0,0,10,,,60,0,0,0,60,,,0,0,0,0,0,,,24,0,2,2,28,,,26,0,0,0,26,,,37,0,0,0,37,,,8,0,0,0,8,,,7,0,0,0,7,,,0,0,0,0,0,0,0,0,0,0,,,,,,1,0,0,0,1,,,0,0,0,0,0,291,1,7,2,301,,,NY,253,NJ,10,CA,8,2
00291300,Campbell University,2024,,133,2,0,0,135,5,2,0,0,7,2,0,0,0,2,2,0,0,0,2,0,0,0,0,0,3,,5,3,17,0,174,0,0,0,0,0,,,0,0,0,0,0,0,0,0,0,0,0,0,0,0,0,0,0,0,0,0,1,0,0,0,1,,,43,1,0,0,44,,,13,0,0,0,13,,,10,0,0,0,10,,,7,0,0,0,7,,,7,0,0,0,7,,,2,0,0,0,2,,,4,0,0,0,4,,,4,1,0,0,5,,,8,0,0,0,8,,,17,1,0,0,18,,,10,0,0,0,10,,,3,0,0,0,3,,,9,0,0,0,9,,,0,0,0,0,0,0,0,0,0,0,,,,,,2,1,0,0,3,,,2,0,0,0,2,142,4,0,0,146,,,NC,124,VA,4,CA,3,0
00292002,Duke University,2024,,271,0,0,0,271,1,0,0,0,1,0,0,0,0,0,0,0,0,0,0,0,0,0,0,0,0,,0,0,0,2,277,2,1,0,0,3,,,0,0,0,0,0,0,0,0,0,0,0,0,0,0,0,2,1,0,0,3,0,0,0,0,0,,,0,0,0,0,0,,,1,0,0,0,1,,,1,0,0,0,1,,,2,0,0,0,2,,,7,0,0,0,7,,,19,0,0,0,19,,,188,0,0,0,188,,,0,0,0,0,0,,,1,0,0,0,1,,,8,1,0,0,9,,,10,0,0,0,10,,,29,0,0,0,29,,,8,0,0,0,8,,,0,0,0,0,0,0,0,0,0,0,,,,,,0,0,0,0,0,,,0,0,0,0,0,274,1,0,0,275,,,NY,111,DC,29,CA,25,2
00292701,Elon University,2024,,121,0,0,0,121,11,0,1,0,12,1,0,0,0,1,0,0,0,0,0,0,0,0,0,0,0,,1,0,3,2,140,0,0,0,0,0,,,0,0,0,0,0,0,0,0,0,0,0,0,0,0,0,0,0,0,0,0,0,0,0,0,0,,,48,0,1,0,49,,,12,0,0,0,12,,,5,0,0,0,5,,,6,0,0,0,6,,,3,0,0,0,3,,,4,0,0,0,4,,,3,0,0,0,3,,,0,0,0,0,0,,,7,0,0,0,7,,,21,0,0,0,21,,,14,0,0,0,14,,,2,0,0,0,2,,,7,0,0,0,7,,,0,0,0,0,0,0,0,0,0,0,,,,,,1,0,0,0,1,,,0,0,0,0,0,133,0,1,0,134,,,NC,90,SC,10,GA,6,0
00295000,North Carolina Central University,2024,,90,2,1,1,94,7,2,0,5,14,6,0,1,2,9,2,0,0,1,3,0,0,0,0,0,3,,3,0,24,0,150,0,0,0,0,0,,,0,0,0,0,0,0,0,0,0,0,0,0,0,0,0,0,0,0,0,0,2,0,0,0,2,,,20,0,0,2,22,,,6,0,0,0,6,,,3,0,0,0,3,,,7,0,0,0,7,,,3,0,0,1,4,,,1,0,0,0,1,,,6,0,0,0,6,,,4,0,0,0,4,,,12,0,0,3,15,,,11,2,1,1,15,,,24,1,1,0,26,,,0,1,0,0,1,,,1,0,0,1,2,,,0,0,0,0,0,0,0,0,0,0,,,,,,5,0,0,1,6,,,0,0,0,0,0,105,4,2,9,120,,,NC,64,NY,13,DC,11,0
00297400,University of North Carolina,2024,,190,0,0,0,190,13,0,0,0,13,0,0,0,0,0,0,0,0,0,0,0,0,0,0,0,4,,0,0,0,0,210,0,0,0,0,0,,,2,0,1,0,3,0,0,0,0,0,0,0,0,0,0,2,0,1,0,3,0,0,0,0,0,,,21,0,0,0,21,,,6,0,0,0,6,,,11,0,0,0,11,,,9,0,0,0,9,,,11,0,0,0,11,,,10,0,0,0,10,,,52,0,0,0,52,,,0,0,0,0,0,,,12,0,0,0,12,,,28,0,0,0,28,,,19,0,0,0,19,,,12,0,0,0,12,,,9,0,0,0,9,,,0,0,0,0,0,0,0,0,0,0,,,,,,5,0,1,0,6,,,0,0,0,0,0,205,0,1,0,206,,,NC,116,DC,21,NY,13,0
00297805,Wake Forest University,2024,,139,0,0,0,139,12,0,0,0,12,0,0,0,0,0,0,0,0,0,0,0,0,0,0,0,2,,0,0,2,0,155,0,0,0,0,0,,,0,0,0,0,0,0,0,0,0,0,0,0,0,0,0,0,0,0,0,0,0,0,0,0,0,,,19,0,0,0,19,,,9,0,0,0,9,,,5,0,0,0,5,,,11,0,0,0,11,,,13,0,0,0,13,,,9,0,0,0,9,,,38,0,0,0,38,,,0,0,0,0,0,,,15,0,0,0,15,,,18,0,0,0,18,,,3,0,0,0,3,,,3,0,0,0,3,,,8,0,0,0,8,,,0,0,0,0,0,0,0,0,0,0,,,,,,0,0,0,0,0,,,0,0,0,0,0,151,0,0,0,151,,,NC,71,FL,15,VA,10,0
00300500,University of North Dakota,2024,,68,0,0,0,68,4,0,0,0,4,0,0,0,0,0,1,0,0,0,1,0,0,0,0,0,0,,0,0,7,1,81,0,0,0,0,0,,,0,0,0,0,0,0,0,0,0,0,0,0,0,0,0,0,0,0,0,0,0,0,0,0,0,,,20,0,0,0,20,,,2,0,0,0,2,,,6,0,0,0,6,,,1,0,0,0,1,,,1,0,0,0,1,,,0,0,0,0,0,,,0,0,0,0,0,,,0,0,0,0,0,,,3,0,0,0,3,,,18,0,0,0,18,,,8,0,0,0,8,,,4,0,0,0,4,,,10,0,0,0,10,,,0,0,0,0,0,0,0,0,0,0,,,,,,0,0,0,0,0,,,0,0,0,0,0,73,0,0,0,73,,,ND,46,MN,11,SD,5,2
00302302,Capital University,2024,,93,0,0,0,93,10,3,0,1,14,4,1,0,2,7,0,0,0,0,0,0,0,0,0,0,1,,0,1,23,5,144,0,0,0,0,0,,,0,0,0,0,0,0,0,0,0,0,0,0,0,0,0,0,0,0,0,0,3,0,0,0,3,,,40,0,0,0,40,,,9,0,0,0,9,,,7,0,0,0,7,,,3,0,0,0,3,,,0,0,0,1,1,,,4,0,0,0,4,,,3,0,0,0,3,,,0,0,0,0,0,,,10,1,0,1,12,,,17,3,0,1,21,,,9,0,0,0,9,,,0,0,0,0,0,,,1,0,0,0,1,,,0,0,0,0,0,0,0,0,0,0,,,,,,1,0,0,0,1,,,0,0,0,0,0,107,4,0,3,114,,,OH,104,FL,3,DC,2,0
00302400,Case Western Reserve University,2024,,128,0,0,0,128,7,1,0,2,10,1,0,0,0,1,0,0,0,0,0,0,0,0,0,0,1,,2,0,2,1,155,0,1,0,0,1,,,1,0,0,8,9,0,0,0,0,0,0,0,0,0,0,1,1,0,8,10,1,0,0,1,2,,,22,0,0,2,24,,,3,0,0,1,4,,,9,0,0,0,9,,,5,0,0,0,5,,,3,0,0,0,3,,,11,0,0,0,11,,,20,0,0,0,20,,,0,0,0,0,0,,,6,1,0,3,10,,,32,1,0,1,34,,,17,0,0,1,18,,,1,0,0,0,1,,,4,0,0,0,4,,,0,0,0,0,0,0,0,0,0,0,,,,,,3,0,0,1,4,,,0,0,0,0,0,137,2,0,10,149,,,OH,97,NY,17,DC,4,4
00303200,Cleveland State University,2024,,92,0,3,0,95,5,0,2,1,8,0,0,0,0,0,1,0,0,0,1,0,0,0,0,0,0,,0,0,7,0,111,0,0,0,0,0,,,0,0,0,0,0,0,0,0,0,0,0,0,0,0,0,0,0,0,0,0,1,0,0,0,1,,,22,0,3,1,26,,,4,0,0,0,4,,,9,0,0,0,9,,,8,0,0,0,8,,,8,0,0,0,8,,,4,0,0,0,4,,,8,0,0,0,8,,,0,0,0,0,0,,,6,0,1,0,7,,,17,0,0,0,17,,,9,0,1,0,10,,,2,0,0,0,2,,,0,0,0,0,0,,,0,0,0,0,0,0,0,0,0,0,,,,,,0,0,0,0,0,,,0,0,0,0,0,98,0,5,1,104,,,OH,92,NY,4,PA,2,0
00308900,Ohio Northern University,2024,,44,0,1,1,46,5,2,0,0,7,1,0,0,0,1,0,0,0,0,0,0,0,0,0,0,1,,0,3,1,3,62,0,0,0,0,0,,,0,0,0,0,0,0,0,0,0,0,0,0,0,0,0,0,0,0,0,0,0,0,0,0,0,,,13,0,1,0,14,,,8,0,0,0,8,,,3,0,0,0,3,,,1,0,0,0,1,,,1,0,0,0,1,,,2,0,0,0,2,,,0,0,0,0,0,,,0,0,0,0,0,,,4,0,0,0,4,,,10,1,0,1,12,,,2,0,0,0,2,,,0,0,0,0,0,,,3,1,0,0,4,,,0,0,0,0,0,0,0,0,0,0,,,,,,2,0,0,0,2,,,0,0,0,0,0,49,2,1,1,53,,,OH,22,IN,10,PA,4,0
00309000,The Ohio State University,2024,,153,1,1,0,155,11,0,2,0,13,2,0,0,0,2,0,0,0,0,0,0,0,0,0,0,0,,0,1,6,0,179,1,0,0,0,1,,,0,0,0,1,1,0,0,0,0,0,0,0,0,0,0,1,0,0,1,2,0,0,0,0,0,,,24,0,1,0,25,,,9,0,0,0,9,,,11,0,0,0,11,,,7,0,0,0,7,,,11,0,0,0,11,,,22,0,0,0,22,,,23,0,0,0,23,,,0,0,0,0,0,,,14,0,1,0,15,,,23,0,0,0,23,,,10,0,1,1,12,,,8,1,0,0,9,,,3,0,0,0,3,,,0,0,0,0,0,0,0,0,0,0,,,,,,2,0,0,0,2,,,0,0,0,0,0,167,1,3,1,172,,,OH,120,CA,5,DC,5,1
00312300,University of Akron,2024,,103,0,0,0,103,12,0,1,1,14,5,0,0,0,5,0,0,0,1,1,0,0,0,0,0,0,,0,2,6,0,131,0,0,0,0,0,,,0,0,0,0,0,0,0,0,0,0,0,0,0,0,0,0,0,0,0,0,2,0,0,0,2,,,34,0,1,1,36,,,12,0,0,0,12,,,6,0,0,0,6,,,3,0,0,0,3,,,8,0,0,0,8,,,5,0,0,0,5,,,4,0,0,0,4,,,0,0,0,0,0,,,13,0,0,1,14,,,19,0,0,0,19,,,10,0,0,0,10,,,0,0,0,0,0,,,0,0,0,0,0,,,0,0,0,0,0,0,0,0,0,0,,,,,,4,0,0,0,4,,,0,0,0,0,0,120,0,1,2,123,,,OH,105,PA,3,IL,2,0
00312500,University of Cincinnati,2024,,103,2,0,0,105,6,2,0,2,10,3,0,1,0,4,0,0,0,0,0,0,0,0,0,0,2,,0,0,6,3,130,0,0,0,0,0,,,0,0,0,0,0,0,0,0,0,0,0,0,0,0,0,0,0,0,0,0,0,0,0,0,0,,,19,0,0,0,19,,,13,0,0,0,13,,,6,0,0,0,6,,,3,0,0,0,3,,,3,0,0,0,3,,,3,0,0,0,3,,,8,0,0,0,8,,,4,0,0,0,4,,,12,1,0,2,15,,,16,2,0,0,18,,,17,0,1,0,18,,,3,0,0,0,3,,,4,1,0,0,5,,,0,0,0,0,0,0,0,0,0,0,,,,,,1,0,0,0,1,,,0,0,0,0,0,112,4,1,2,119,,,OH,83,KY,8,IN,4,0
00312700,University of Dayton,2024,,86,0,0,0,86,11,0,0,0,11,0,0,1,0,1,1,0,0,2,3,0,0,0,0,0,0,,0,3,3,1,108,0,0,0,0,0,,,0,0,0,0,0,0,0,0,0,0,0,0,0,0,0,0,0,0,0,0,2,0,0,0,2,,,27,0,0,0,27,,,6,0,0,0,6,,,1,0,0,0,1,,,1,0,0,0,1,,,1,0,0,0,1,,,2,0,0,0,2,,,8,0,0,0,8,,,0,0,0,0,0,,,8,0,0,2,10,,,27,0,1,0,28,,,6,0,0,0,6,,,2,0,0,0,2,,,2,0,0,0,2,,,0,0,0,0,0,0,0,0,0,0,,,,,,5,0,0,0,5,,,0,0,0,0,0,98,0,1,2,101,,,OH,58,IN,8,CO,4,1
00313100,University of Toledo,2024,,90,0,0,0,90,13,0,1,0,14,3,0,1,0,4,0,0,0,0,0,0,0,0,0,0,1,,1,1,14,0,125,0,0,0,0,0,,,0,0,0,0,0,0,0,0,0,0,0,0,0,0,0,0,0,0,0,0,2,0,0,0,2,,,28,0,1,0,29,,,10,0,0,0,10,,,5,0,0,0,5,,,10,0,0,0,10,,,2,0,0,0,2,,,4,0,0,0,4,,,0,0,0,0,0,,,0,0,0,0,0,,,9,0,0,0,9,,,17,0,1,0,18,,,14,0,0,0,14,,,4,0,0,0,4,,,0,0,0,0,0,,,0,0,0,0,0,0,0,0,0,0,,,,,,1,0,0,0,1,,,0,0,0,0,0,106,0,2,0,108,,,OH,49,MI,32,NY,5,0
00316614,Oklahoma City University,2024,,100,1,0,1,102,12,2,2,1,17,1,0,2,1,4,0,0,0,0,0,0,0,0,0,0,0,,1,2,5,0,132,0,1,0,0,1,,,0,0,0,0,0,0,0,0,0,0,0,0,0,0,0,0,1,0,0,1,3,0,0,0,3,,,27,0,1,2,30,,,13,0,0,0,13,,,10,0,0,0,10,,,1,1,0,0,2,,,2,0,0,0,2,,,2,0,0,0,2,,,0,0,0,0,0,,,0,0,0,0,0,,,10,1,1,0,12,,,29,0,0,0,29,,,12,2,2,0,16,,,3,0,0,0,3,,,0,0,0,0,0,,,0,0,0,0,0,0,0,0,0,0,,,,,,1,0,0,1,2,,,0,0,0,0,0,113,4,4,3,124,,,OK,89,TX,19,CO,3,1
00318400,University of Oklahoma,2024,,170,0,1,0,171,7,0,0,0,7,0,0,0,0,0,1,0,1,0,2,0,0,0,1,1,1,,0,3,6,2,193,0,0,0,0,0,,,0,0,0,0,0,0,0,0,0,0,0,0,0,0,0,0,0,0,0,0,0,0,0,0,0,,,49,0,1,0,50,,,26,0,0,0,26,,,12,0,0,0,12,,,13,0,0,0,13,,,11,0,0,0,11,,,5,0,0,0,5,,,11,0,0,0,11,,,0,0,0,0,0,,,8,0,1,0,9,,,27,0,0,0,27,,,11,0,0,0,11,,,4,0,0,0,4,,,1,0,0,0,1,,,0,0,0,0,0,0,0,0,0,0,,,,,,0,0,0,0,0,,,0,0,0,1,1,178,0,2,1,181,,,OK,111,TX,52,CO,4,0
00318500,University of Tulsa,2024,,103,0,0,0,103,9,0,1,0,10,0,0,0,0,0,0,0,0,0,0,0,0,0,0,0,3,,1,1,6,0,124,0,0,0,0,0,,,0,0,0,0,0,0,0,0,0,0,0,0,0,0,0,0,0,0,0,0,3,0,0,0,3,,,43,0,1,0,44,,,15,0,0,0,15,,,5,0,0,0,5,,,4,0,0,0,4,,,4,0,0,0,4,,,1,0,0,0,1,,,1,0,0,0,1,,,1,0,0,0,1,,,5,0,0,0,5,,,17,0,0,0,17,,,10,0,0,0,10,,,2,0,0,0,2,,,0,0,0,0,0,,,0,0,0,0,0,0,0,0,0,0,,,,,,1,0,0,0,1,,,0,0,0,0,0,112,0,1,0,113,,,OK,81,TX,20,IL,2,1
00319700,Lewis and Clark College,2024,,140,1,1,1,143,11,2,2,1,16,4,0,1,0,5,0,0,3,1,4,0,0,0,0,0,1,,3,0,19,0,194,3,0,0,0,3,,,0,0,0,0,0,0,0,0,0,0,0,0,0,0,0,3,0,0,0,3,1,0,0,0,1,,,39,1,0,2,42,,,14,0,1,0,15,,,9,0,0,0,9,,,6,0,0,0,6,,,4,0,0,0,4,,,1,0,0,0,1,,,5,0,0,0,5,,,1,0,0,0,1,,,5,0,4,0,9,,,30,1,2,0,33,,,23,0,0,1,24,,,2,0,0,0,2,,,14,1,0,0,15,,,0,0,0,0,0,0,0,0,0,0,,,,,,4,0,0,0,4,,,0,0,0,0,0,158,3,7,3,171,,,OR,115,WA,22,AK,9,2
00322300,University of Oregon,2024,,131,0,0,0,131,11,0,1,0,12,1,0,1,1,3,1,0,0,0,1,0,0,0,0,0,0,,2,0,13,0,164,1,0,0,0,1,,,0,0,0,1,1,0,0,0,0,0,0,0,0,0,0,1,0,0,1,2,1,0,0,0,1,,,29,0,1,0,30,,,13,0,0,0,13,,,10,0,0,0,10,,,2,0,0,0,2,,,6,0,0,0,6,,,4,0,0,0,4,,,5,0,0,0,5,,,0,0,0,0,0,,,10,0,1,0,11,,,17,0,0,0,17,,,22,0,0,0,22,,,4,0,0,0,4,,,17,0,0,0,17,,,0,0,0,0,0,0,0,0,0,0,,,,,,5,0,0,2,7,,,0,0,0,0,0,145,0,2,2,149,,,OR,85,CA,17,WA,9,2
00322700,Willamette University,2024,,82,1,0,0,83,5,4,0,1,10,0,0,0,1,1,0,1,0,0,1,0,0,0,0,0,0,,1,0,16,0,112,0,0,0,0,0,,,0,0,0,0,0,0,0,0,0,0,0,0,0,0,0,0,0,0,0,0,3,0,0,0,3,,,35,3,0,1,39,,,4,0,0,0,4,,,4,0,0,0,4,,,1,0,0,0,1,,,2,0,0,0,2,,,1,0,0,0,1,,,0,0,0,0,0,,,1,1,0,0,2,,,4,1,0,0,5,,,13,0,0,0,13,,,11,0,0,0,11,,,1,0,0,0,1,,,6,1,0,0,7,,,0,0,0,0,0,0,0,0,0,0,,,,,,1,0,0,0,1,,,0,0,0,1,1,87,6,0,2,95,,,OR,62,WA,13,CA,4,1
00325600,Drexel University,2024,,116,3,1,0,120,8,0,0,0,8,0,0,0,0,0,0,0,0,0,0,0,0,0,0,0,2,,1,1,4,0,136,0,0,0,0,0,,,0,0,0,0,0,0,0,0,0,0,0,0,0,0,0,0,0,0,0,0,1,0,1,0,2,,,8,0,0,0,8,,,6,0,0,0,6,,,7,0,0,0,7,,,12,0,0,0,12,,,7,0,0,0,7,,,4,0,0,0,4,,,23,0,0,0,23,,,0,0,0,0,0,,,7,0,0,0,7,,,12,0,0,0,12,,,21,0,0,0,21,,,1,0,0,0,1,,,15,3,0,0,18,,,0,0,0,0,0,0,0,0,0,0,,,,,,0,0,0,0,0,,,0,0,0,0,0,124,3,1,0,128,,,PA,81,NJ,14,DE,9,0
00325800,Duquesne University,2024,,136,0,0,0,136,8,0,0,0,8,3,0,0,0,3,1,0,0,0,1,0,0,0,0,0,1,,0,1,7,0,157,0,0,0,0,0,,,0,0,0,0,0,0,0,0,0,0,0,0,0,0,0,0,0,0,0,0,0,0,0,0,0,,,30,0,0,0,30,,,16,0,0,0,16,,,7,0,0,0,7,,,6,0,0,0,6,,,14,0,0,0,14,,,2,0,0,0,2,,,11,0,0,0,11,,,0,0,0,0,0,,,10,0,0,0,10,,,20,0,0,0,20,,,17,0,0,0,17,,,2,0,0,0,2,,,11,0,0,0,11,,,0,0,0,0,0,0,0,0,0,0,,,,,,2,0,0,0,2,,,0,0,0,0,0,148,0,0,0,148,,,PA,126,MD,3,VA,3,0
00331301,Widener University-Delaware,2024,,162,0,0,0,162,6,2,0,1,9,10,0,0,0,10,1,0,1,0,2,0,0,0,1,1,1,,0,0,11,0,196,0,0,0,0,0,,,0,0,0,0,0,0,0,0,0,0,0,0,0,0,0,0,0,0,0,0,0,0,0,0,0,,,34,0,0,1,35,,,13,0,0,0,13,,,7,0,0,0,7,,,5,0,0,0,5,,,15,0,0,0,15,,,2,0,0,0,2,,,5,0,0,0,5,,,1,0,0,0,1,,,15,0,1,0,16,,,15,2,0,1,18,,,7,0,0,0,7,,,0,0,0,0,0,,,58,0,0,0,58,,,0,0,0,0,0,0,0,0,0,0,,,,,,2,0,0,0,2,,,0,0,0,0,0,179,2,1,2,184,,,PA,72,DE,45,NJ,44,0
00331302,Widener Commonwealth,2024,,66,0,1,0,67,6,1,3,0,10,3,0,2,0,5,0,0,0,0,0,0,0,0,0,0,0,,0,0,12,3,97,0,0,0,0,0,,,0,0,0,0,0,0,0,0,0,0,0,0,0,0,0,0,0,0,0,0,0,0,0,0,0,,,13,1,2,0,16,,,7,0,0,0,7,,,3,0,0,0,3,,,4,0,0,0,4,,,6,0,0,0,6,,,0,0,0,0,0,,,0,0,0,0,0,,,0,0,0,0,0,,,5,0,0,0,5,,,21,0,1,0,22,,,8,0,3,0,11,,,0,0,0,0,0,,,7,0,0,0,7,,,0,0,0,0,0,0,0,0,0,0,,,,,,1,0,0,0,1,,,0,0,0,0,0,75,1,6,0,82,,,PA,63,NY,5,DC,3,0
00332900,Pennsylvania State University-Penn State Law,2024,,,,,,,,,,,,,,,,,,,,,,,,,,,,,,,,,,,,,,,,,,,,,,,,,,,,,,,,,,,,,,,,,,,,,,,,,,,,,,,,,,,,,,,,,,,,,,,,,,,,,,,,,,,,,,,,,,,,,,,,,,,,,,,,,,,,,,,,,,,,,,,,,,,,,,,,,,,,,,,,,,,,,,,,,,,,,,,,,,,,,,,,,,,,,,,,,,,,,,,
00332922,Pennsylvania State University,2024,,203,0,0,0,203,10,0,0,0,10,2,0,0,0,2,0,0,0,0,0,0,0,0,0,0,0,,0,1,13,0,229,0,0,0,0,0,,,0,0,0,0,0,0,0,0,0,0,0,0,0,0,0,0,0,0,0,0,0,0,0,0,0,,,19,0,0,0,19,,,24,0,0,0,24,,,10,0,0,0,10,,,11,0,0,0,11,,,20,0,0,0,20,,,5,0,0,0,5,,,19,0,0,0,19,,,0,0,0,0,0,,,16,0,0,0,16,,,52,0,0,0,52,,,20,0,0,0,20,,,1,0,0,0,1,,,15,0,0,0,15,,,0,0,0,0,0,0,0,0,0,0,,,,,,3,0,0,0,3,,,0,0,0,0,0,215,0,0,0,215,,,PA,90,NY,20,DC,13,1
00332923,Pennsylvania State University-Dickinson School of Law,2024,,,,,,,,,,,,,,,,,,,,,,,,,,,,,,,,,,,,,,,,,,,,,,,,,,,,,,,,,,,,,,,,,,,,,,,,,,,,,,,,,,,,,,,,,,,,,,,,,,,,,,,,,,,,,,,,,,,,,,,,,,,,,,,,,,,,,,,,,,,,,,,,,,,,,,,,,,,,,,,,,,,,,,,,,,,,,,,,,,,,,,,,,,,,,,,,,,,,,,,
00337101,Temple University,2024,,191,0,0,0,191,19,0,0,1,20,2,0,1,0,3,0,0,0,1,1,0,0,0,0,0,1,,0,0,7,2,225,0,0,0,0,0,,,0,0,0,0,0,0,0,0,0,0,0,0,0,0,0,0,0,0,0,0,0,0,0,0,0,,,19,0,0,0,19,,,14,0,0,0,14,,,4,0,0,0,4,,,7,0,0,0,7,,,14,0,0,0,14,,,8,0,0,0,8,,,41,0,0,0,41,,,0,0,0,0,0,,,12,0,1,0,13,,,34,0,0,0,34,,,20,0,0,1,21,,,6,0,0,0,6,,,29,0,0,0,29,,,0,0,0,0,0,0,0,0,0,0,,,,,,4,0,0,0,4,,,0,0,0,1,1,212,0,1,2,215,,,PA,134,NJ,20,NY,17,0
00337800,University of Pennsylvania,2024,,279,0,0,0,279,3,0,0,0,3,3,0,0,0,3,1,0,0,0,1,0,0,0,0,0,0,,0,0,0,1,304,17,0,0,0,17,,,0,0,0,0,0,0,0,0,0,0,0,0,0,0,0,17,0,0,0,17,0,0,0,0,0,,,1,0,0,0,1,,,2,0,0,0,2,,,2,0,0,0,2,,,3,0,0,0,3,,,3,0,0,0,3,,,13,0,0,0,13,,,195,0,0,0,195,,,0,0,0,0,0,,,7,0,0,0,7,,,13,0,0,0,13,,,33,0,0,0,33,,,25,0,0,0,25,,,5,0,0,0,5,,,0,0,0,0,0,0,0,0,0,0,,,,,,1,0,0,0,1,,,0,0,0,0,0,303,0,0,0,303,,,NY,118,PA,59,DC,41,5
00337900,University of Pittsburgh,2024,,120,0,0,0,120,8,0,0,0,8,1,0,0,0,1,0,0,0,0,0,0,0,0,0,0,2,,0,0,11,3,145,0,0,0,0,0,,,0,0,0,0,0,0,0,0,0,0,0,0,0,0,0,0,0,0,0,0,0,0,0,0,0,,,14,0,0,0,14,,,12,0,0,0,12,,,7,0,0,0,7,,,3,0,0,0,3,,,8,0,0,0,8,,,3,0,0,0,3,,,21,0,0,0,21,,,0,0,0,0,0,,,6,0,0,0,6,,,21,0,0,0,21,,,17,0,0,0,17,,,4,0,0,0,4,,,11,0,0,0,11,,,0,0,0,0,0,0,0,0,0,0,,,,,,2,0,0,0,2,,,0,0,0,0,0,129,0,0,0,129,,,PA,99,NY,6,DC,4,0
00338801,Villanova University,2024,,185,0,0,0,185,13,0,0,0,13,1,0,0,0,1,0,0,0,0,0,0,0,0,0,0,2,,1,1,9,2,214,0,0,0,0,0,,,0,0,0,0,0,0,0,0,0,0,0,0,0,0,0,0,0,0,0,0,0,0,0,0,0,,,10,0,0,0,10,,,14,0,0,0,14,,,22,0,0,0,22,,,5,0,0,0,5,,,18,0,0,0,18,,,8,0,0,0,8,,,43,0,0,0,43,,,0,0,0,0,0,,,19,0,0,0,19,,,24,0,0,0,24,,,10,0,0,0,10,,,4,0,0,0,4,,,21,0,0,0,21,,,0,0,0,0,0,0,0,0,0,0,,,,,,1,0,0,0,1,,,0,0,0,0,0,199,0,0,0,199,,,PA,111,NY,21,NJ,20,1
00341001,Roger Williams University,2024,,118,0,3,0,121,11,0,2,0,13,3,0,2,0,5,4,0,10,0,14,0,0,0,1,1,2,,0,0,16,0,172,0,0,0,0,0,,,0,0,0,0,0,0,0,0,0,0,0,0,0,0,0,0,0,0,0,0,1,0,0,0,1,,,28,0,3,0,31,,,7,0,0,0,7,,,5,0,0,0,5,,,5,0,0,0,5,,,6,0,0,0,6,,,0,0,0,0,0,,,2,0,0,0,2,,,1,0,0,0,1,,,11,0,11,0,22,,,20,0,2,1,23,,,23,0,1,0,24,,,1,0,0,0,1,,,26,0,0,0,26,,,0,0,0,0,0,0,0,0,0,0,,,,,,0,0,0,0,0,,,0,0,0,0,0,136,0,17,1,154,,,RI,76,MA,19,NY,14,3
00344800,University of South Carolina,2024,,176,0,0,0,176,8,0,2,0,10,1,0,0,0,1,0,0,0,1,1,0,0,0,0,0,4,,1,0,9,0,202,0,0,0,0,0,,,0,0,0,0,0,0,0,0,0,0,0,0,0,0,0,0,0,0,0,0,1,0,0,0,1,,,34,0,1,0,35,,,12,0,0,0,12,,,8,0,0,0,8,,,11,0,0,0,11,,,7,0,0,0,7,,,10,0,0,0,10,,,16,0,0,0,16,,,0,0,0,0,0,,,7,0,1,1,9,,,23,0,0,0,23,,,14,0,0,0,14,,,4,0,0,0,4,,,35,0,0,0,35,,,0,0,0,0,0,0,0,0,0,0,,,,,,3,0,0,0,3,,,0,0,0,0,0,185,0,2,1,188,,,SC,143,NC,13,GA,9,1
00347400,University of South Dakota,2024,,65,0,0,0,65,4,0,0,0,4,0,0,0,0,0,0,0,0,0,0,0,0,0,0,0,1,,0,0,5,0,75,0,0,0,0,0,,,0,0,0,0,0,0,0,0,0,0,0,0,0,0,0,0,0,0,0,0,0,0,0,0,0,,,19,0,0,0,19,,,7,0,0,0,7,,,5,0,0,0,5,,,0,0,0,0,0,,,0,0,0,0,0,,,0,0,0,0,0,,,1,0,0,0,1,,,0,0,0,0,0,,,2,0,0,0,2,,,10,0,0,0,10,,,5,0,0,0,5,,,7,0,0,0,7,,,12,0,0,0,12,,,0,0,0,0,0,0,0,0,0,0,,,,,,0,0,0,0,0,,,1,0,0,0,1,69,0,0,0,69,,,SD,46,IA,4,CO,3,0
00347900,Belmont University,2024,,101,1,2,0,104,3,0,1,3,7,0,0,0,1,1,0,0,0,0,0,0,0,0,0,0,0,,0,0,3,0,116,1,0,0,0,1,,,0,0,0,0,0,0,0,0,0,0,0,0,0,0,0,1,0,0,0,1,2,0,1,0,3,,,22,0,1,0,23,,,14,0,0,0,14,,,4,0,0,0,4,,,6,0,0,0,6,,,2,0,0,0,2,,,5,0,0,0,5,,,9,0,0,0,9,,,0,0,0,0,0,,,12,1,1,3,17,,,10,0,0,0,10,,,7,0,0,0,7,,,1,0,0,0,1,,,10,0,0,0,10,,,0,0,0,0,0,0,0,0,0,0,,,,,,1,0,0,1,2,,,0,0,0,0,0,105,1,3,4,113,,,TN,82,FL,4,CO,3,0
00350200,Lincoln Memorial University,2024,,67,0,0,0,67,5,0,0,0,5,8,1,2,1,12,0,0,0,2,2,0,0,0,0,0,0,,0,3,12,0,101,0,0,0,0,0,,,0,0,0,0,0,0,0,0,0,0,0,0,0,0,0,0,0,0,0,0,1,0,0,0,1,,,35,1,0,1,37,,,5,0,0,0,5,,,1,0,0,0,1,,,4,0,0,0,4,,,2,0,0,0,2,,,1,0,0,0,1,,,2,0,0,0,2,,,0,0,0,0,0,,,7,0,1,2,10,,,12,0,1,0,13,,,8,0,0,0,8,,,0,0,0,0,0,,,2,0,0,0,2,,,0,0,0,0,0,0,0,0,0,0,,,,,,0,0,0,0,0,,,0,0,0,0,0,80,1,2,3,86,,,TN,63,KY,6,FL,2,0
00350900,University of Memphis,2024,,70,1,1,0,72,12,0,0,1,13,0,0,1,1,2,1,1,1,0,3,0,0,0,1,1,1,,0,2,3,0,97,0,0,0,0,0,,,0,0,0,0,0,0,0,0,0,0,0,0,0,0,0,0,0,0,0,0,2,0,0,0,2,,,21,1,1,1,24,,,7,0,0,0,7,,,3,0,0,0,3,,,3,0,0,0,3,,,1,0,0,0,1,,,4,0,0,0,4,,,1,0,0,0,1,,,2,0,0,0,2,,,10,1,2,0,13,,,10,0,0,0,10,,,8,0,0,0,8,,,3,0,0,0,3,,,7,0,0,0,7,,,0,0,0,0,0,0,0,0,0,0,,,,,,1,0,0,1,2,,,0,0,0,1,1,83,2,3,3,91,,,TN,74,AR,2,CO,2,0
00353000,University of Tennessee,2024,,111,1,1,0,113,2,2,0,0,4,1,1,1,1,4,0,0,0,1,1,0,0,0,0,0,0,,0,1,3,0,127,0,0,0,0,0,,,0,0,0,0,0,1,0,0,0,1,0,0,0,0,0,1,0,0,0,1,1,0,1,0,2,,,32,2,0,0,34,,,11,0,0,0,11,,,13,0,0,0,13,,,6,0,0,0,6,,,4,0,0,0,4,,,4,0,0,0,4,,,13,0,0,0,13,,,0,0,0,0,0,,,3,2,1,2,8,,,8,0,0,0,8,,,10,0,0,0,10,,,3,0,0,0,3,,,4,0,0,0,4,,,0,0,0,0,0,0,0,0,0,0,,,,,,3,0,0,0,3,,,0,0,0,0,0,115,4,2,2,123,,,TN,95,NC,6,GA,4,0
00353500,Vanderbilt University,2024,,153,0,0,0,153,4,0,0,0,4,1,0,0,0,1,0,0,0,0,0,0,0,0,0,0,1,,0,0,1,1,166,3,0,0,0,3,,,2,0,0,0,2,0,0,0,0,0,0,0,0,0,0,5,0,0,0,5,0,0,0,0,0,,,6,0,0,0,6,,,4,0,0,0,4,,,8,0,0,0,8,,,2,0,0,0,2,,,9,0,0,0,9,,,10,0,0,0,10,,,79,0,0,0,79,,,0,0,0,0,0,,,4,0,0,0,4,,,9,0,0,0,9,,,10,0,0,0,10,,,15,0,0,0,15,,,4,0,0,0,4,,,0,0,0,0,0,0,0,0,0,0,,,,,,3,0,0,0,3,,,0,0,0,0,0,163,0,0,0,163,,,TN,38,NY,35,TX,24,1
00354500,Baylor University,2024,,189,0,0,0,189,3,0,0,0,3,2,0,0,0,2,0,0,0,0,0,0,0,0,0,0,1,,0,0,3,0,198,0,0,0,0,0,,,0,0,0,0,0,0,0,0,0,0,0,0,0,0,0,0,0,0,0,0,1,0,0,0,1,,,40,0,0,0,40,,,24,0,0,0,24,,,14,0,0,0,14,,,10,0,0,0,10,,,10,0,0,0,10,,,2,0,0,0,2,,,14,0,0,0,14,,,0,0,0,0,0,,,6,0,0,0,6,,,45,0,0,0,45,,,6,0,0,0,6,,,13,0,0,0,13,,,6,0,0,0,6,,,0,0,0,0,0,0,0,0,0,0,,,,,,3,0,0,0,3,,,0,0,0,0,0,194,0,0,0,194,,,TX,172,CO,3,DC,3,0
00361300,Southern Methodist University,2024,,218,0,0,0,218,22,0,1,0,23,0,0,0,0,0,0,0,0,0,0,0,0,0,0,0,4,,1,0,1,0,247,0,0,0,0,0,,,0,0,0,0,0,0,0,0,0,0,0,0,0,0,0,0,0,0,0,0,0,0,0,0,0,,,38,0,0,0,38,,,25,0,0,0,25,,,17,0,0,0,17,,,16,0,0,0,16,,,8,0,0,0,8,,,14,0,0,0,14,,,69,0,0,0,69,,,0,0,0,0,0,,,22,0,1,0,23,,,19,0,0,0,19,,,3,0,0,0,3,,,6,0,0,0,6,,,2,0,0,0,2,,,0,0,0,0,0,0,0,0,0,0,,,,,,1,0,0,0,1,,,0,0,0,0,0,240,0,1,0,241,,,TX,222,CO,3,CA,2,0
00362300,"St. Mary's University",2024,,193,2,1,0,196,7,1,3,0,11,8,0,0,0,8,0,0,0,0,0,0,0,0,0,0,1,,0,1,26,0,243,0,0,0,0,0,,,0,0,0,0,0,0,0,0,0,0,0,0,0,0,0,0,0,0,0,0,4,0,0,0,4,,,65,1,2,0,68,,,24,0,0,0,24,,,16,0,0,0,16,,,5,0,0,0,5,,,11,0,0,0,11,,,5,0,0,0,5,,,1,0,0,0,1,,,0,0,0,0,0,,,17,0,0,0,17,,,34,0,2,0,36,,,15,0,0,0,15,,,7,1,0,0,8,,,2,1,0,0,3,,,0,0,0,0,0,0,0,0,0,0,,,,,,2,0,0,0,2,,,0,0,0,0,0,208,3,4,0,215,,,TX,196,CO,3,CA,2,0
00363221,Texas A&M University,2024,,167,0,0,0,167,11,0,0,0,11,0,0,0,0,0,0,0,0,0,0,0,0,0,0,0,0,,0,0,0,0,178,0,0,0,0,0,,,0,0,0,0,0,0,0,0,0,0,0,0,0,0,0,0,0,0,0,0,2,0,0,0,2,,,34,0,0,0,34,,,15,0,0,0,15,,,9,0,0,0,9,,,17,0,0,0,17,,,9,0,0,0,9,,,2,0,0,0,2,,,34,0,0,0,34,,,0,0,0,0,0,,,9,0,0,0,9,,,28,0,0,0,28,,,13,0,0,0,13,,,3,0,0,0,3,,,0,0,0,0,0,,,0,0,0,0,0,0,0,0,0,0,,,,,,3,0,0,0,3,,,0,0,0,0,0,178,0,0,0,178,,,TX,151,DC,5,NC,3,0
00364200,Texas Southern University,2024,,93,5,3,6,107,0,4,0,4,8,1,0,1,0,2,0,0,0,3,3,0,0,0,3,3,0,,1,2,29,28,183,0,0,0,0,0,,,0,0,0,0,0,0,0,0,0,0,0,0,0,0,0,0,0,0,0,0,2,0,2,0,4,,,39,1,0,5,45,,,6,1,0,0,7,,,7,0,0,0,7,,,7,0,0,0,7,,,5,0,0,0,5,,,6,0,0,0,6,,,4,0,0,0,4,,,0,0,0,1,1,,,1,3,1,3,8,,,14,2,0,3,19,,,2,2,1,2,7,,,0,0,0,2,2,,,0,0,0,0,0,,,0,0,0,0,0,0,0,0,0,0,,,,,,0,0,0,0,0,,,1,0,0,0,1,94,9,4,16,123,,,TX,106,MD,3,CA,2,1
00364400,Texas Tech University,2024,,128,0,0,1,129,2,0,0,0,2,2,0,0,0,2,0,0,0,0,0,0,0,0,0,0,1,,0,1,9,0,145,1,0,0,0,1,,,0,0,0,0,0,0,0,0,0,0,0,0,0,0,0,1,0,0,0,1,1,0,0,0,1,,,31,0,0,1,32,,,19,0,0,0,19,,,19,0,0,0,19,,,13,0,0,0,13,,,5,0,0,0,5,,,1,0,0,0,1,,,12,0,0,0,12,,,0,0,0,0,0,,,4,0,0,0,4,,,16,0,0,0,16,,,9,0,0,0,9,,,1,0,0,0,1,,,1,0,0,0,1,,,0,0,0,0,0,0,0,0,0,0,,,,,,1,0,0,0,1,,,0,0,0,0,0,133,0,0,1,134,,,TX,121,CO,3,NM,3,0
00365200,University of Houston,2024,,231,0,2,0,233,10,0,0,0,10,1,0,1,0,2,0,0,0,0,0,0,0,0,0,0,3,,0,4,7,0,260,1,0,0,0,1,,,0,0,0,0,0,0,0,0,0,0,0,0,0,0,0,1,0,0,0,1,2,0,0,0,2,,,44,0,2,0,46,,,21,0,0,0,21,,,19,0,0,0,19,,,16,0,0,0,16,,,20,0,0,0,20,,,8,0,0,0,8,,,58,0,0,0,58,,,0,0,0,0,0,,,10,0,1,0,11,,,29,0,0,0,29,,,7,0,0,0,7,,,4,0,0,0,4,,,2,0,0,0,2,,,0,0,0,0,0,0,0,0,0,0,,,,,,3,0,0,0,3,,,0,0,0,0,0,243,0,3,0,246,,,TX,226,NY,4,CA,3,1
00365800,University of Texas at Austin,2024,,383,1,0,0,384,10,3,0,0,13,1,0,0,0,1,0,0,1,0,1,0,0,0,0,0,1,,2,0,4,1,412,5,0,0,0,5,,,0,0,0,0,0,0,0,0,0,0,0,0,0,0,0,5,0,0,0,5,0,0,0,0,0,,,14,0,0,0,14,,,15,0,0,0,15,,,12,1,0,0,13,,,9,0,0,0,9,,,10,0,0,0,10,,,20,0,0,0,20,,,175,0,0,0,175,,,0,0,0,0,0,,,13,1,1,0,15,,,31,1,0,0,32,,,32,1,0,0,33,,,50,0,0,0,50,,,15,0,0,0,15,,,0,0,0,0,0,0,0,0,0,0,,,,,,3,0,0,0,3,,,0,0,0,0,0,399,4,1,0,404,,,TX,290,NY,30,DC,24,1
00367000,Brigham Young University,2024,,116,1,6,0,123,10,0,1,0,11,0,0,0,0,0,0,0,0,0,0,0,0,0,0,0,2,,0,2,1,0,142,2,0,1,0,3,,,0,0,0,0,0,0,0,0,0,0,0,0,0,0,0,2,0,1,0,3,0,0,0,0,0,,,16,0,3,0,19,,,10,0,2,0,12,,,4,0,0,0,4,,,7,0,0,0,7,,,3,0,1,0,4,,,5,0,0,0,5,,,33,0,0,0,33,,,0,0,0,0,0,,,11,0,0,0,11,,,14,0,0,0,14,,,9,0,1,0,10,,,6,1,0,0,7,,,9,0,0,0,9,,,0,0,0,0,0,0,0,0,0,0,,,,,,1,0,1,0,2,,,0,0,0,0,0,128,1,8,0,137,,,UT,79,TX,12,CA,11,0
00367500,University of Utah,2024,,84,0,2,0,86,3,0,0,0,3,0,0,0,0,0,0,0,0,0,0,0,0,0,0,0,0,,0,1,4,0,95,1,0,0,0,1,,,0,0,0,0,0,0,0,0,0,0,0,0,0,0,0,1,0,0,0,1,0,0,0,0,0,,,17,0,1,0,18,,,11,0,0,0,11,,,2,0,0,0,2,,,9,0,0,0,9,,,4,0,0,0,4,,,4,0,0,0,4,,,8,0,0,0,8,,,1,0,0,0,1,,,1,0,0,0,1,,,6,0,0,0,6,,,7,0,1,0,8,,,2,0,0,0,2,,,10,0,0,0,10,,,1,1,0,0,0,0,0,0,0,0,,,,,,5,0,0,0,5,,,0,0,0,0,0,88,0,2,0,90,,,UT,75,FL,3,AK,2,0
00370500,William and Mary Law School,2024,,148,1,0,0,149,7,0,0,0,7,1,0,0,0,1,0,0,0,1,1,0,0,0,0,0,4,,1,0,4,3,170,0,0,0,0,0,,,0,0,0,0,0,0,0,0,0,0,0,0,0,0,0,0,0,0,0,0,1,0,0,0,1,,,20,0,0,0,20,,,10,0,0,0,10,,,4,0,0,0,4,,,6,0,0,0,6,,,11,0,0,0,11,,,4,0,0,0,4,,,30,0,0,0,30,,,0,0,0,0,0,,,6,0,0,1,7,,,25,0,0,0,25,,,15,0,0,0,15,,,6,0,0,0,6,,,17,1,0,0,18,,,0,0,0,0,0,0,0,0,0,0,,,,,,1,0,0,0,1,,,0,0,0,0,0,156,1,0,1,158,,,VA,55,DC,27,NY,17,1
00374400,University of Richmond,2024,,133,2,0,1,136,7,0,0,0,7,1,0,1,0,2,0,0,0,0,0,0,0,0,0,0,1,,0,0,5,0,151,0,0,0,0,0,,,0,0,0,0,0,0,0,0,0,0,0,0,0,0,0,0,0,0,0,0,0,0,0,0,0,,,17,0,0,0,17,,,10,0,0,0,10,,,10,0,0,0,10,,,9,0,0,0,9,,,4,0,0,1,5,,,8,0,0,0,8,,,18,0,0,0,18,,,0,0,0,0,0,,,8,0,1,0,9,,,21,0,0,0,21,,,14,1,0,0,15,,,6,0,0,0,6,,,14,1,0,0,15,,,0,0,0,0,0,0,0,0,0,0,,,,,,2,0,0,0,2,,,0,0,0,0,0,141,2,1,1,145,,,VA,91,DC,14,FL,5,0
00374500,University of Virginia,2024,,283,0,0,0,283,2,0,0,0,2,0,0,0,0,0,0,0,0,0,0,0,0,0,0,0,0,,1,0,2,1,299,10,0,0,0,10,,,0,0,0,0,0,0,0,0,0,0,0,0,0,0,0,10,0,0,0,10,0,0,0,0,0,,,2,0,0,0,2,,,3,0,0,0,3,,,3,0,0,0,3,,,5,0,0,0,5,,,4,0,0,0,4,,,11,0,0,0,11,,,180,0,0,0,180,,,0,0,0,0,0,,,2,0,0,0,2,,,19,0,0,0,19,,,17,0,0,0,17,,,45,0,0,0,45,,,4,0,0,0,4,,,0,0,0,0,0,0,0,0,0,0,,,,,,0,0,0,0,0,,,0,0,0,0,0,295,0,0,0,295,,,NY,86,DC,83,VA,23,0
00374900,George Mason University,2024,,185,0,0,0,185,34,0,2,0,36,0,0,0,0,0,2,0,0,0,2,0,0,0,0,0,6,,0,1,1,0,236,1,0,0,0,1,,,2,0,2,0,4,0,0,0,0,0,0,0,0,0,0,3,0,2,0,5,0,0,0,0,0,,,33,0,2,0,35,,,13,0,0,0,13,,,6,0,0,0,6,,,4,0,0,0,4,,,5,0,0,0,5,,,9,0,0,0,9,,,26,0,0,0,26,,,1,0,0,0,1,,,15,0,0,0,15,,,53,0,0,0,53,,,11,0,0,0,11,,,15,0,0,0,15,,,33,0,0,0,33,,,0,0,0,0,0,0,0,0,0,0,,,,,,0,0,2,0,2,,,0,0,0,0,0,224,0,4,0,228,,,VA,90,DC,70,MD,11,1
00376800,Washington and Lee University,2024,,129,0,0,0,129,5,0,0,0,5,0,0,1,0,1,0,0,0,0,0,0,0,0,0,0,3,,0,1,2,0,141,0,0,0,0,0,,,0,0,0,0,0,0,0,0,0,0,0,0,0,0,0,0,0,0,0,0,0,0,0,0,0,,,6,0,0,0,6,,,7,0,0,0,7,,,4,0,0,0,4,,,8,0,0,0,8,,,12,0,0,0,12,,,12,0,0,0,12,,,30,0,0,0,30,,,2,0,0,0,2,,,4,0,0,0,4,,,14,0,1,0,15,,,14,0,0,0,14,,,7,0,0,0,7,,,12,0,0,0,12,,,1,1,0,0,0,0,0,0,0,0,,,,,,1,0,0,0,1,,,0,0,0,0,0,134,0,1,0,135,,,VA,35,DC,18,NY,15,1
00377800,Gonzaga University,2024,,121,2,0,0,123,2,0,0,0,2,1,0,1,0,2,2,0,1,0,3,0,0,0,0,0,6,,0,0,23,7,166,0,0,0,0,0,,,0,0,0,0,0,0,0,0,0,0,0,0,0,0,0,0,0,0,0,0,0,0,0,0,0,,,41,0,0,0,41,,,23,0,0,0,23,,,2,0,0,0,2,,,3,0,0,0,3,,,4,0,0,0,4,,,1,0,0,0,1,,,4,0,0,0,4,,,0,0,0,0,0,,,1,0,0,0,1,,,24,0,1,0,25,,,14,0,1,0,15,,,0,0,0,0,0,,,7,2,0,0,9,,,0,0,0,0,0,0,0,0,0,0,,,,,,2,0,0,0,2,,,0,0,0,0,0,126,2,2,0,130,,,WA,90,CA,8,NV,4,0
00379001,Seattle University,2024,,160,2,0,2,164,12,2,3,0,17,3,1,1,0,5,1,0,0,2,3,0,0,0,0,0,3,,1,4,9,0,206,0,0,0,0,0,,,0,0,0,0,0,0,0,0,0,0,0,0,0,0,0,0,0,0,0,0,0,0,0,0,0,,,38,2,1,1,42,,,14,0,1,0,15,,,12,0,0,0,12,,,1,0,0,0,1,,,8,1,0,0,9,,,5,0,0,0,5,,,6,0,0,0,6,,,0,0,0,0,0,,,10,0,0,1,11,,,28,0,2,1,31,,,39,2,0,0,41,,,2,0,0,0,2,,,12,0,0,0,12,,,0,0,0,0,0,1,1,0,0,0,,,,,,0,0,0,1,1,,,0,0,0,0,0,176,5,4,4,189,,,WA,162,CA,6,DC,3,0
00379800,University of Washington,2024,,139,2,1,0,142,12,0,0,0,12,1,0,0,0,1,0,0,0,0,0,0,0,0,0,0,3,,0,0,11,0,171,0,1,1,0,2,,,0,0,0,0,0,0,0,0,0,0,0,0,0,0,0,0,1,1,0,2,0,0,0,0,0,,,15,0,0,0,15,,,8,0,0,0,8,,,12,0,1,0,13,,,8,1,0,0,9,,,5,0,0,0,5,,,5,0,0,0,5,,,27,0,0,0,27,,,0,0,0,0,0,,,10,0,0,0,10,,,24,0,0,0,24,,,20,0,0,0,20,,,5,0,0,0,5,,,13,1,0,0,14,,,0,0,0,0,0,0,0,0,0,0,,,,,,0,1,1,0,2,,,0,0,0,0,0,152,3,2,0,157,,,WA,122,CA,12,DC,5,1
00382700,West Virginia University,2024,,86,0,0,0,86,5,0,1,0,6,0,0,0,0,0,1,0,0,0,1,0,0,0,0,0,0,,1,1,7,3,107,2,0,0,0,2,,,0,0,0,0,0,0,0,0,0,0,0,0,0,0,0,2,0,0,0,2,3,0,0,0,3,,,18,0,1,0,19,,,9,0,0,0,9,,,5,0,0,0,5,,,3,0,0,0,3,,,4,0,0,0,4,,,9,0,0,0,9,,,3,0,0,0,3,,,0,0,0,0,0,,,6,0,0,0,6,,,9,0,0,0,9,,,13,0,0,0,13,,,7,0,0,0,7,,,3,0,0,0,3,,,0,0,0,0,0,0,0,0,0,0,,,,,,2,0,0,0,2,,,0,0,0,0,0,94,0,1,0,95,,,WV,63,PA,8,FL,4,0
00386300,Marquette University,2024,,169,1,2,0,172,19,0,0,1,20,0,0,0,0,0,0,0,1,0,1,0,0,0,0,0,0,,2,0,6,1,202,0,0,0,0,0,,,0,0,0,0,0,0,0,0,0,0,0,0,0,0,0,0,0,0,0,0,2,0,0,0,2,,,52,0,1,1,54,,,26,0,0,0,26,,,12,0,0,0,12,,,5,0,0,0,5,,,7,0,0,0,7,,,7,0,0,0,7,,,13,0,0,0,13,,,0,0,0,0,0,,,18,1,1,0,20,,,22,0,1,0,23,,,17,0,0,0,17,,,1,0,0,0,1,,,3,0,0,0,3,,,0,0,0,0,0,0,0,0,0,0,,,,,,3,0,0,0,3,,,0,0,0,0,0,188,1,3,1,193,,,WI,156,IL,11,NY,4,0
00389500,University of Wisconsin,2024,,233,0,0,0,233,13,0,0,0,13,1,0,1,0,2,0,0,0,0,0,0,0,0,0,0,2,,1,0,4,0,263,3,0,0,0,3,,,5,0,0,0,5,0,0,0,0,0,0,0,0,0,0,8,0,0,0,8,2,0,0,0,2,,,43,0,0,0,43,,,23,0,0,0,23,,,7,0,0,0,7,,,12,0,0,0,12,,,15,0,0,0,15,,,8,0,0,0,8,,,33,0,0,0,33,,,0,0,0,0,0,,,10,0,1,0,11,,,44,0,0,0,44,,,31,0,0,0,31,,,8,0,0,0,8,,,7,0,0,0,7,,,0,0,0,0,0,0,0,0,0,0,,,,,,12,0,0,0,12,,,0,0,0,0,0,255,0,1,0,256,,,WI,148,IL,32,DC,14,1
00393200,University of Wyoming,2024,,64,0,1,0,65,6,0,0,0,6,2,0,0,0,2,1,0,0,0,1,0,0,0,0,0,3,,0,0,8,0,86,0,0,0,0,0,,,1,0,0,0,1,0,0,0,0,0,0,0,0,0,0,1,0,0,0,1,0,0,0,0,0,,,16,0,0,0,16,,,11,0,0,0,11,,,2,0,0,0,2,,,2,0,0,0,2,,,5,0,0,0,5,,,1,0,0,0,1,,,1,0,0,0,1,,,0,0,0,0,0,,,3,0,0,0,3,,,15,0,1,0,16,,,13,0,0,0,13,,,1,0,0,0,1,,,3,0,0,0,3,,,0,0,0,0,0,0,0,0,0,0,,,,,,1,0,0,0,1,,,0,0,0,0,0,74,0,1,0,75,,,WY,25,CO,20,AK,3,0
00393600,Pontifical Catholic University of P.R.,2024,,29,0,1,0,30,13,0,2,0,15,12,0,1,0,13,3,0,1,0,4,0,0,0,0,0,1,,2,2,38,8,113,0,0,0,0,0,,,0,0,0,0,0,0,0,0,0,0,0,0,0,0,0,0,0,0,0,0,3,0,0,0,3,,,16,0,2,0,18,,,2,0,0,0,2,,,1,0,0,0,1,,,3,0,0,0,3,,,0,0,0,0,0,,,2,0,0,0,2,,,0,0,0,0,0,,,0,0,0,0,0,,,9,0,1,0,10,,,13,0,2,0,15,,,5,0,0,0,5,,,0,0,0,0,0,,,1,0,0,0,1,,,0,0,0,0,0,0,0,0,0,0,,,,,,2,0,0,0,2,,,0,0,0,0,0,57,0,5,0,62,,,PR,52,FL,4,TX,3,0
00394200,University of Puerto Rico,2024,,51,2,0,1,54,20,0,2,1,23,20,2,1,0,23,1,0,0,0,1,0,0,0,0,0,2,,2,0,23,2,130,0,0,0,0,0,,,0,0,0,0,0,0,0,0,0,0,0,0,0,0,0,0,0,0,0,0,0,0,0,0,0,,,13,1,1,1,16,,,0,0,0,0,0,,,15,0,0,0,15,,,0,0,0,0,0,,,8,0,0,0,8,,,1,0,0,0,1,,,1,0,0,0,1,,,0,0,0,0,0,,,27,1,0,0,28,,,10,2,0,0,12,,,3,0,2,1,6,,,1,0,0,0,1,,,11,0,0,0,11,,,0,0,0,0,0,0,0,0,0,0,,,,,,2,0,0,0,2,,,0,0,0,0,0,92,4,3,2,101,,,PR,92,NY,4,CA,1,0
00394700,"UC College of the Law, San Francisco",2024,,282,3,7,0,292,21,1,2,4,28,3,0,1,1,5,1,0,1,0,2,0,0,0,0,0,3,,3,5,9,3,366,7,0,0,0,7,,,2,1,0,6,9,0,0,0,0,0,0,0,0,0,0,9,1,0,6,16,0,0,0,0,0,,,35,1,7,1,44,,,18,0,1,0,19,,,17,0,0,1,18,,,14,0,0,0,14,,,24,0,0,1,25,,,11,0,0,0,11,,,90,0,0,0,90,,,1,0,0,0,1,,,24,0,2,0,26,,,34,1,1,0,36,,,36,2,0,2,40,,,5,0,0,0,5,,,4,0,0,0,4,,,0,0,0,0,0,0,0,0,0,0,,,,,,3,1,0,6,10,,,0,0,0,0,0,316,5,11,11,343,,,CA,316,NY,6,DC,4,3
00396900,University of Minnesota,2024,,206,2,0,1,209,10,0,0,0,10,0,0,1,0,1,0,0,0,0,0,0,0,0,0,0,1,,0,0,5,0,230,1,0,0,2,3,,,0,1,0,0,1,0,0,0,0,0,0,0,0,0,0,1,1,0,2,4,1,0,0,0,1,,,18,0,0,1,19,,,14,0,0,0,14,,,5,0,0,0,5,,,9,0,0,0,9,,,5,0,0,0,5,,,18,0,0,0,18,,,37,0,0,0,37,,,0,0,0,0,0,,,15,0,0,0,15,,,16,0,0,0,16,,,26,1,0,2,29,,,11,1,0,0,12,,,42,1,0,0,43,,,0,0,0,0,0,0,0,0,0,0,,,,,,0,0,1,0,1,,,0,0,0,0,0,217,3,1,3,224,,,MN,142,CA,11,IL,10,1
00425090,Inter American University of Puerto Rico,2024,,27,1,4,0,32,40,0,10,0,50,7,0,3,0,10,4,0,1,0,5,0,0,0,1,1,2,,1,7,26,1,135,0,0,0,0,0,,,0,0,0,0,0,0,0,0,0,0,0,0,0,0,0,0,0,0,0,0,0,0,0,0,0,,,14,1,11,0,26,,,3,0,0,0,3,,,4,0,0,0,4,,,2,0,0,0,2,,,2,0,0,0,2,,,1,0,0,0,1,,,0,0,0,0,0,,,0,0,0,0,0,,,21,0,4,0,25,,,22,0,3,0,25,,,3,0,0,0,3,,,0,0,0,0,0,,,5,0,0,0,5,,,0,0,0,0,0,0,0,0,0,0,,,,,,1,0,0,0,1,,,0,0,0,1,1,78,1,18,1,98,,,PR,88,CA,2,FL,2,0
00497700,South Texas College of Law,2024,,247,0,1,0,248,16,1,1,2,20,2,0,0,0,2,0,0,0,0,0,0,0,0,0,0,4,,0,0,11,0,286,0,0,0,0,0,,,0,0,0,1,1,0,0,0,0,0,0,0,0,0,0,0,0,0,1,1,4,0,0,0,4,,,84,1,1,0,86,,,28,0,0,0,28,,,14,0,0,0,14,,,21,0,0,0,21,,,24,0,0,0,24,,,9,0,0,0,9,,,16,0,0,0,16,,,1,0,0,0,1,,,21,0,0,1,22,,,30,0,1,0,31,,,7,0,0,1,8,,,3,0,0,0,3,,,2,0,0,0,2,,,0,0,0,0,0,0,0,0,0,0,,,,,,1,0,0,1,2,,,0,0,0,0,0,265,1,2,3,271,,,TX,256,CO,2,VA,2,0
00891600,New England Law | Boston,2024,,180,3,1,1,185,45,3,0,2,50,10,0,1,2,13,5,1,4,0,10,0,0,0,0,0,3,,0,3,34,9,307,0,0,0,0,0,,,0,0,0,0,0,0,0,0,0,0,0,0,0,0,0,0,0,0,0,0,2,0,0,0,2,,,74,3,1,3,81,,,31,0,0,0,31,,,9,0,0,0,9,,,11,0,0,0,11,,,4,0,0,0,4,,,1,0,0,0,1,,,7,0,0,0,7,,,1,0,0,0,1,,,25,0,3,1,29,,,51,1,0,0,52,,,8,2,1,0,11,,,0,0,0,0,0,,,14,0,0,0,14,,,0,0,0,0,0,0,0,0,0,0,,,,,,2,1,0,1,4,,,0,0,1,0,1,240,7,6,5,258,,,MA,148,CA,15,NY,14,2
00927500,Northern Kentucky University,2024,,98,0,2,1,101,10,1,0,0,11,1,0,2,0,3,1,1,1,0,3,0,0,0,0,0,0,,0,0,5,1,124,0,0,0,0,0,,,0,0,0,0,0,0,0,0,0,0,0,0,0,0,0,0,0,0,0,0,2,0,0,1,3,,,25,1,1,0,27,,,13,0,0,0,13,,,3,0,0,0,3,,,1,0,0,0,1,,,5,0,0,0,5,,,2,0,0,0,2,,,8,0,0,0,8,,,0,0,0,0,0,,,14,1,3,0,18,,,18,0,1,0,19,,,13,0,0,0,13,,,0,0,0,0,0,,,6,0,0,0,6,,,0,0,0,0,0,0,0,0,0,0,,,,,,0,0,0,0,0,,,0,0,0,0,0,110,2,5,1,118,,,KY,58,OH,51,IN,3,0
00963500,Florida International University,2024,,140,0,1,0,141,16,0,0,0,16,0,0,1,0,1,0,0,0,0,0,0,0,0,0,0,3,,0,4,4,1,172,0,0,0,0,0,,,2,0,0,0,2,0,0,0,0,0,0,0,0,0,0,2,0,0,0,2,2,0,0,0,2,,,41,0,1,0,42,,,19,0,0,0,19,,,9,0,0,0,9,,,4,0,0,0,4,,,6,0,0,0,6,,,4,0,0,0,4,,,18,0,0,0,18,,,0,0,0,0,0,,,8,0,1,0,9,,,26,0,0,0,26,,,13,0,0,0,13,,,2,0,0,0,2,,,4,0,0,0,4,,,0,0,0,0,0,0,0,0,0,0,,,,,,1,0,0,0,1,,,1,0,0,0,1,158,0,2,0,160,,,FL,144,DC,3,NY,3,1
01014205,Touro University,2024,,112,0,2,0,114,7,0,0,0,7,11,0,1,0,12,1,0,0,1,2,0,0,0,0,0,1,,1,5,4,1,147,0,0,0,0,0,,,0,0,0,0,0,0,0,0,0,0,0,0,0,0,0,0,0,0,0,0,1,0,0,0,1,,,23,0,2,0,25,,,14,0,0,0,14,,,9,0,0,0,9,,,6,0,0,0,6,,,7,0,0,0,7,,,2,0,0,0,2,,,2,0,0,0,2,,,0,0,0,0,0,,,15,0,1,1,17,,,25,0,0,0,25,,,12,0,0,0,12,,,0,0,0,0,0,,,12,0,0,0,12,,,0,0,0,0,0,0,0,0,0,0,,,,,,3,0,0,0,3,,,0,0,0,0,0,131,0,3,1,135,,,NY,120,NJ,7,DC,2,0
01014913,Pepperdine University,2024,,171,0,0,0,171,13,0,1,0,14,0,0,0,0,0,0,0,0,0,0,0,0,0,0,0,5,,0,0,0,0,197,5,0,0,0,5,,,2,0,0,0,2,0,0,0,0,0,0,0,0,0,0,7,0,0,0,7,5,0,0,0,5,,,33,0,0,0,33,,,30,0,1,0,31,,,23,0,0,0,23,,,8,0,0,0,8,,,3,0,0,0,3,,,6,0,0,0,6,,,23,0,0,0,23,,,0,0,0,0,0,,,13,0,0,0,13,,,19,0,0,0,19,,,10,0,0,0,10,,,8,0,0,0,8,,,6,0,0,0,6,,,0,0,0,0,0,0,0,0,0,0,,,,,,4,0,0,0,4,,,0,0,0,0,0,191,0,1,0,192,,,CA,143,TX,11,CO,4,2
01039501,University of San Diego,2024,,212,1,0,0,213,13,0,0,1,14,1,0,0,1,2,0,0,0,0,0,0,0,0,0,0,0,,0,0,1,0,249,4,0,0,0,4,,,15,0,0,0,15,0,0,0,0,0,0,0,0,0,0,19,0,0,0,19,0,0,0,0,0,,,49,0,0,0,49,,,20,0,0,0,20,,,15,0,0,0,15,,,21,0,0,0,21,,,11,0,0,0,11,,,11,0,0,0,11,,,33,0,0,0,33,,,0,0,0,1,1,,,20,0,0,1,21,,,21,0,0,0,21,,,22,1,0,0,23,,,3,0,0,0,3,,,0,0,0,0,0,,,0,0,0,0,0,0,0,0,0,0,,,,,,19,0,0,0,19,,,0,0,0,0,0,245,1,0,2,248,,,CA,221,CO,3,DC,3,0
01164901,Loyola Marymount University-Los Angeles,2024,,292,0,2,1,295,17,0,0,1,18,2,0,0,0,2,0,0,0,0,0,0,0,0,0,0,0,,1,2,9,4,336,5,0,0,0,5,,,0,0,0,0,0,0,0,0,0,0,0,0,0,0,0,5,0,0,0,5,1,0,0,0,1,,,67,0,2,1,70,,,34,0,0,1,35,,,29,0,0,0,29,,,12,0,0,0,12,,,19,0,0,0,19,,,13,0,0,0,13,,,56,0,0,0,56,,,0,0,0,0,0,,,29,0,0,0,29,,,16,0,0,0,16,,,29,0,0,0,29,,,5,0,0,0,5,,,3,0,0,0,3,,,0,0,0,0,0,0,0,0,0,0,,,,,,3,0,0,0,3,,,0,0,0,0,0,316,0,2,2,320,,,CA,305,DC,3,NY,2,1
01193400,Vermont Law School,2024,,93,2,0,2,97,21,1,2,1,25,0,0,1,2,3,2,0,1,0,3,0,0,0,0,0,6,,0,1,10,0,146,0,0,0,0,0,,,1,0,0,0,1,0,0,0,0,0,0,0,0,0,0,1,0,0,0,1,1,0,0,0,1,,,9,0,0,2,11,,,5,0,0,0,5,,,3,0,0,0,3,,,2,0,0,0,2,,,2,0,0,0,2,,,2,0,0,0,2,,,2,0,0,0,2,,,0,0,0,0,0,,,8,0,3,2,13,,,20,1,0,0,21,,,27,1,0,0,28,,,3,0,0,0,3,,,32,1,0,0,33,,,0,0,0,0,0,0,0,0,0,0,,,,,,1,0,1,1,3,,,0,0,0,0,0,117,3,4,5,129,,,VT,18,MD,11,NY,11,0
01262700,Thomas M. Cooley Law School,2024,,79,2,2,0,83,5,0,2,0,7,7,1,2,0,10,2,0,0,2,4,0,0,0,0,0,0,,0,0,13,7,124,0,0,0,0,0,,,0,0,0,0,0,0,0,0,0,0,0,0,0,0,0,0,0,0,0,0,2,0,0,0,2,,,35,0,1,0,36,,,4,0,0,0,4,,,3,0,1,0,4,,,2,0,0,0,2,,,2,0,0,0,2,,,1,0,0,0,1,,,2,0,0,0,2,,,1,0,0,0,1,,,8,1,1,1,11,,,17,1,1,1,20,,,12,0,1,0,13,,,0,0,0,0,0,,,2,1,0,0,3,,,0,0,0,0,0,0,0,0,0,0,,,,,,2,0,1,0,3,,,0,0,0,0,0,93,3,6,2,104,,,MI,39,FL,35,IN,9,0
01310300,California Western School of Law,2024,,145,0,4,0,149,12,0,1,0,13,4,0,2,0,6,0,0,1,0,1,2,0,0,0,2,4,,0,6,32,3,216,0,0,0,0,0,,,0,0,0,0,0,0,0,0,0,0,0,0,0,0,0,0,0,0,0,0,4,0,0,0,4,,,57,0,4,0,61,,,16,0,0,0,16,,,10,0,0,0,10,,,10,0,0,0,10,,,11,0,0,0,11,,,3,0,0,0,3,,,2,0,0,0,2,,,0,0,0,0,0,,,5,0,1,0,6,,,20,0,0,0,20,,,20,0,1,0,21,,,3,0,0,0,3,,,1,0,0,0,1,,,0,0,0,0,0,0,0,0,0,0,,,,,,1,0,1,0,2,,,0,0,1,0,1,163,0,8,0,171,,,CA,149,AZ,5,NV,5,0
02053000,Liberty University,2024,,82,4,1,2,89,2,2,0,1,5,1,0,0,0,1,0,0,0,0,0,0,0,0,1,1,1,,1,2,7,5,112,0,0,0,0,0,,,0,0,0,0,0,0,0,0,0,0,0,0,0,0,0,0,0,0,0,0,0,0,0,1,1,,,29,1,0,0,30,,,3,0,0,0,3,,,1,0,0,0,1,,,3,0,0,0,3,,,3,0,0,0,3,,,0,0,0,0,0,,,2,0,0,0,2,,,0,0,0,0,0,,,4,1,0,0,5,,,30,3,0,1,34,,,4,0,1,1,6,,,0,0,0,0,0,,,6,1,0,0,7,,,0,0,0,0,0,0,0,0,0,0,,,,,,0,0,0,0,0,,,0,0,0,1,1,85,6,1,4,96,,,VA,27,TX,12,FL,9,0
02179937,Western State College of Law,2024,,42,0,1,0,43,18,0,2,1,21,5,0,0,0,5,0,0,1,0,1,0,0,0,0,0,0,,1,0,3,2,76,0,0,0,0,0,,,0,0,0,0,0,0,0,0,0,0,0,0,0,0,0,0,0,0,0,0,2,0,0,0,2,,,25,0,1,1,27,,,10,0,0,0,10,,,6,0,1,0,7,,,0,0,0,0,0,,,3,0,0,0,3,,,1,0,0,0,1,,,0,0,0,0,0,,,1,0,0,0,1,,,3,0,2,0,5,,,8,0,0,0,8,,,6,0,0,0,6,,,0,0,0,0,0,,,0,0,0,0,0,,,0,0,0,0,0,0,0,0,0,0,,,,,,0,0,0,0,0,,,0,0,0,0,0,65,0,4,1,70,,,CA,68,MD,1,NV,1,0
03091300,Regent University,2024,,100,0,0,0,100,4,0,1,0,5,0,0,1,0,1,0,0,0,0,0,0,0,0,0,0,0,,0,2,3,1,112,0,0,0,0,0,,,0,0,0,0,0,0,0,0,0,0,0,0,0,0,0,0,0,0,0,0,2,0,0,0,2,,,29,0,1,0,30,,,7,0,0,0,7,,,3,0,0,0,3,,,4,0,0,0,4,,,0,0,0,0,0,,,1,0,0,0,1,,,0,0,0,0,0,,,0,0,0,0,0,,,3,0,1,0,4,,,30,0,0,0,30,,,7,0,0,0,7,,,2,0,0,0,2,,,14,0,0,0,14,,,0,0,0,0,0,0,0,0,0,0,,,,,,2,0,0,0,2,,,0,0,0,0,0,104,0,2,0,106,,,VA,40,PA,11,FL,7,0
03173300,"Atlanta's John Marshall Law School",2024,,39,0,2,0,41,9,0,3,0,12,5,1,1,0,7,1,0,0,0,1,6,0,0,0,6,1,,3,3,9,0,83,0,0,0,0,0,,,0,0,0,0,0,0,0,0,0,0,0,0,0,0,0,0,0,0,0,0,3,0,0,0,3,,,15,0,2,0,17,,,4,1,0,0,5,,,5,0,0,0,5,,,3,0,0,0,3,,,4,0,0,0,4,,,0,0,0,0,0,,,0,0,0,0,0,,,0,0,1,0,1,,,7,0,2,0,9,,,13,0,0,0,13,,,5,0,1,0,6,,,0,0,0,0,0,,,0,0,0,0,0,,,0,0,0,0,0,0,0,0,0,0,,,,,,1,0,0,0,1,,,0,0,0,0,0,60,1,6,0,67,,,GA,52,,4,FL,3,0
03191300,City University of New York,2024,,144,0,5,0,149,9,1,0,1,11,6,0,0,2,8,1,0,0,0,1,0,0,0,0,0,0,,1,0,37,4,213,0,0,0,0,0,,,0,0,0,0,0,1,0,0,1,2,0,0,0,0,0,1,0,0,1,2,0,0,1,0,1,,,15,0,3,0,18,,,1,0,0,0,1,,,2,0,0,0,2,,,0,0,0,0,0,,,2,0,0,0,2,,,2,0,0,0,2,,,5,0,0,0,5,,,0,0,0,0,0,,,7,0,0,0,7,,,23,0,0,0,23,,,93,1,1,0,95,,,1,0,0,0,1,,,8,0,0,0,8,,,0,0,0,0,0,0,0,0,0,0,,,,,,2,0,0,4,6,,,0,0,0,0,0,161,1,5,4,171,,,NY,150,NJ,5,CA,4,0
03559300,Appalachian School of Law,2024,,24,1,0,0,25,5,0,0,1,6,0,0,0,0,0,2,0,0,0,2,0,0,0,0,0,0,,0,0,2,4,39,0,0,0,0,0,,,0,0,0,0,0,0,0,0,0,0,0,0,0,0,0,0,0,0,0,0,1,0,0,0,1,,,10,1,0,0,11,,,3,0,0,0,3,,,1,0,0,0,1,,,0,0,0,0,0,,,0,0,0,1,1,,,1,0,0,0,1,,,0,0,0,0,0,,,0,0,0,0,0,,,3,0,0,0,3,,,5,0,0,0,5,,,4,0,0,0,4,,,0,0,0,0,0,,,3,0,0,0,3,,,0,0,0,0,0,0,0,0,0,0,,,,,,0,0,0,0,0,,,0,0,0,0,0,31,1,0,1,33,,,VA,13,WV,8,KY,3,0
03691400,Ave Maria School of Law,2024,,66,0,0,0,66,4,0,2,0,6,0,0,0,0,0,0,0,0,0,0,0,0,0,0,0,1,,2,3,5,2,85,0,0,0,0,0,,,0,0,0,0,0,0,0,0,0,0,0,0,0,0,0,0,0,0,0,0,1,0,0,0,1,,,20,0,0,0,20,,,5,0,0,0,5,,,0,0,0,0,0,,,2,0,0,0,2,,,7,0,0,0,7,,,4,0,0,0,4,,,2,0,0,0,2,,,0,0,0,0,0,,,5,0,0,0,5,,,17,0,2,0,19,,,5,0,0,0,5,,,0,0,0,0,0,,,1,0,0,0,1,,,0,0,0,0,0,0,0,0,0,0,,,,,,1,0,0,0,1,,,0,0,0,0,0,70,0,2,0,72,,,FL,54,NY,3,IN,2,0
04096300,Charleston School of Law,2024,,178,4,3,0,185,11,2,1,1,15,2,2,1,0,5,0,2,0,0,2,0,0,0,0,0,0,,0,6,20,0,233,0,0,0,0,0,,,0,0,0,0,0,0,0,0,0,0,0,0,0,0,0,0,0,0,0,0,1,0,0,0,1,,,66,2,4,1,73,,,16,0,0,0,16,,,13,0,0,0,13,,,9,0,0,0,9,,,5,0,0,0,5,,,8,0,0,0,8,,,9,0,0,0,9,,,0,0,0,0,0,,,13,5,1,0,19,,,25,0,0,0,25,,,15,0,0,0,15,,,0,0,0,0,0,,,10,3,0,0,13,,,0,0,0,0,0,0,0,0,0,0,,,,,,1,0,0,0,1,,,0,0,0,0,0,191,10,5,1,207,,,SC,119,GA,15,NC,13,0
04242101,UNT Dallas College Of Law,2024,,63,3,0,0,66,5,3,0,0,8,5,0,0,0,5,0,1,0,0,1,0,0,0,0,0,0,,1,1,9,2,93,0,0,0,0,0,,,0,0,0,0,0,0,0,0,0,0,0,0,0,0,0,0,0,0,0,0,1,0,0,0,1,,,31,1,0,0,32,,,6,0,0,0,6,,,3,0,0,0,3,,,2,0,0,0,2,,,5,1,0,0,6,,,3,0,0,0,3,,,1,0,0,0,1,,,0,0,0,0,0,,,10,2,0,0,12,,,10,1,0,0,11,,,1,0,0,0,1,,,0,1,0,0,1,,,0,1,0,0,1,,,0,0,0,0,0,0,0,0,0,0,,,,,,0,0,0,0,0,,,0,0,0,0,0,73,7,0,0,80,,,TX,75,DC,2,IL,1,0