schoolid,schoolname,CalendarYear,AcademicYear,FacTotal,FacMen,FacWomen,FacAGI,FacPNR,FacMinority,FTFacTotal,FTFacMen,FTFacWomen,FTFacAGI,FTFacPNR,FTFacMinority,NonFTFacTotal,NonFTFacMen,NonFTFacWomen,NonFTFacAGI,NonFTFacPNR,NonFTFacMinority,TotalLibrarian,FTLibrarian,PTLibrarian,TotalAdmin,FTAdmin,PTAdmin
00100300,Faulkner University,2024,2023,40,22,18,0,0,5,19,13,6,0,0,3,21,9,12,0,0,2,5,5,0,,,
00103600,Samford University,2024,2023,86,53,33,0,0,12,28,13,15,0,0,4,58,40,18,0,0,8,3,3,0,,,
00105100,University of Alabama,2024,2023,106,69,37,0,0,16,48,29,19,0,0,6,58,40,18,0,0,10,8,7,1,,,
00108100,Arizona State University,2024,2023,220,142,78,0,0,38,74,41,33,0,0,16,146,101,45,0,0,22,13,11,2,,,
00108300,University of Arizona,2024,2023,178,95,83,0,0,55,75,36,39,0,0,28,103,59,44,0,0,27,9,8,1,,,
00110101,University of Arkansas-Little Rock,2024,2023,70,33,36,0,0,13,29,12,17,0,0,5,40,21,19,0,0,8,5,5,0,,,
00110800,University of Arkansas-Fayetteville,2024,2023,72,38,34,0,0,10,32,14,18,0,0,5,40,24,16,0,0,5,5,5,0,,,
00116453,Chapman University,2024,2023,98,58,40,0,0,17,41,25,16,0,0,6,57,33,24,0,0,11,5,5,0,,,
00129500,Southwestern Law School,2024,2023,183,94,89,0,0,56,67,27,40,0,0,20,116,67,49,0,0,36,8,8,0,,,
00130503,Stanford University,2024,2023,204,108,96,0,0,46,100,55,45,0,0,26,104,53,51,0,0,20,17,17,0,,,
00131273,University of California-Berkeley,2024,2023,338,176,162,0,0,80,111,55,56,0,0,30,227,121,106,0,0,50,13,13,0,,,
00131373,University of California-Davis,2024,2023,121,62,59,0,0,39,46,25,21,0,0,20,75,37,38,0,0,19,6,6,0,,,
00131400,University of California-Irvine,2024,2023,137,52,66,2,17,47,53,23,25,1,4,16,84,29,41,1,13,31,11,10,1,,,
00131500,University of California-Los Angeles,2024,2023,266,148,115,0,3,77,143,71,72,0,0,43,123,77,43,0,3,34,21,21,0,,,
00132500,University of San Francisco,2024,2023,86,42,42,1,1,32,43,16,26,0,1,16,43,26,16,1,0,16,4,4,0,,,
00132600,Santa Clara University,2024,2023,148,58,67,0,23,27,55,30,24,0,1,12,93,28,43,0,22,15,5,4,1,,,
00132800,University of Southern California,2024,2023,208,127,78,1,2,48,63,33,30,0,0,19,145,94,48,1,2,29,6,6,0,,,
00132901,McGeorge School of Law,2024,2023,110,60,50,0,0,26,36,24,12,0,0,6,74,36,38,0,0,20,3,3,0,,,
00137000,University of Colorado,2024,2023,125,70,52,0,3,18,67,31,36,0,0,14,58,39,16,0,3,4,9,9,0,,,
00137100,University of Denver,2024,2023,182,101,81,0,0,22,77,36,41,0,0,16,105,65,40,0,0,6,7,4,3,,,
00140201,Quinnipiac University,2024,2023,144,82,62,0,0,18,34,18,16,0,0,7,110,64,46,0,0,11,4,3,1,,,
00141706,University of Connecticut,2024,2023,152,83,69,0,0,24,56,25,31,0,0,13,96,58,38,0,0,11,11,11,0,,,
00142600,Yale University,2024,2023,269,174,95,0,0,43,80,49,31,0,0,20,189,125,64,0,0,23,29,29,0,,,
00143401,American University,2024,2023,313,165,148,0,0,78,79,38,41,0,0,28,234,127,107,0,0,50,8,7,1,,,
00143711,Catholic University of America,2024,2023,110,68,42,0,0,14,36,19,17,0,0,6,74,49,25,0,0,8,10,9,1,,,
00144102,District of Columbia,2024,2023,58,30,28,0,0,32,24,11,13,0,0,17,34,19,15,0,0,15,1,1,0,,,
00144402,George Washington University,2024,2023,626,384,224,0,18,140,125,53,54,0,18,20,501,331,170,0,0,120,19,19,0,,,
00144503,Georgetown University,2024,2023,755,466,289,0,0,150,236,114,122,0,0,58,519,352,167,0,0,92,22,22,0,,,
00144802,Howard University,2024,2023,114,55,59,0,0,92,34,15,19,0,0,28,80,40,40,0,0,64,3,3,0,,,
00146601,Barry University,2024,2023,78,37,41,0,0,24,32,13,19,0,0,11,46,24,22,0,0,13,8,8,0,,,
00146800,St. Thomas University (Florida),2024,2023,112,66,46,0,0,36,39,23,16,0,0,10,73,43,30,0,0,26,5,5,0,,,
00148001,Florida A&M University,2024,2023,47,24,23,0,0,31,34,16,18,0,0,23,13,8,5,0,0,8,6,4,2,,,
00148900,Florida State University,2024,2023,153,90,63,0,0,28,69,33,36,0,0,15,84,57,27,0,0,13,9,9,0,,,
00149500,Jacksonville University,2024,2023,13,5,8,0,0,1,12,5,7,0,0,1,1,0,1,0,0,0,2,2,0,,,
00150900,Nova Southeastern University,2024,2023,91,44,47,0,0,33,41,21,20,0,0,16,50,23,27,0,0,17,7,7,0,,,
00153101,Stetson University,2024,2023,191,89,93,0,7,21,56,26,29,0,1,8,133,63,64,0,6,13,7,6,1,,,
00153505,University of Florida,2024,2023,130,67,62,1,0,28,79,35,43,1,0,20,51,32,19,0,0,8,6,6,0,,,
00153601,University of Miami,2024,2023,368,235,133,0,0,113,86,43,43,0,0,23,282,192,90,0,0,90,11,7,4,,,
00156400,Emory University,2024,2023,215,109,106,0,0,46,64,28,36,0,0,16,151,81,70,0,0,30,12,12,0,,,
00157400,Georgia State University,2024,2023,159,72,87,0,0,34,73,27,46,0,0,20,86,45,41,0,0,14,9,9,0,,,
00158015,Mercer University,2024,2023,69,41,28,0,0,7,25,14,11,0,0,2,44,27,17,0,0,5,2,2,0,,,
00159800,University of Georgia,2024,2023,130,65,54,0,11,18,66,28,37,0,1,9,64,37,17,0,10,9,10,10,0,,,
00161000,University of Hawaii,2024,2023,115,66,49,0,0,55,43,23,20,0,0,22,72,43,29,0,0,33,7,7,0,,,
00162600,University of Idaho,2024,2023,100,50,49,0,1,0,39,17,22,0,0,0,61,33,27,0,1,0,4,4,0,,,
00167100,Depaul University,2024,2023,132,68,59,0,5,29,36,23,13,0,0,9,96,45,46,0,5,20,6,6,0,,,
00169101,Chicago-Kent College of Law-IIT,2024,2023,156,99,54,0,3,15,52,27,25,0,0,8,104,72,29,0,3,7,4,4,0,,,
00171000,Loyola University-Chicago,2024,2023,265,122,142,1,0,67,60,22,37,1,0,20,205,100,105,0,0,47,3,3,0,,,
00173700,Northern Illinois University,2024,2023,57,32,25,0,0,17,30,14,16,0,0,6,27,18,9,0,0,11,3,3,0,,,
00173900,Northwestern University,2024,2023,278,160,118,0,0,58,128,62,66,0,0,28,150,98,52,0,0,30,12,12,0,,,
00175800,Southern Illinois University-Carbondale,2024,2023,36,14,22,0,0,5,22,9,13,0,0,2,14,5,9,0,0,3,2,2,0,,,
00177400,University of Chicago,2024,2023,198,131,63,0,4,32,89,55,34,0,0,18,109,76,29,0,4,14,10,10,0,,,
00177500,University of Illinois,2024,2023,132,74,58,0,0,29,50,23,27,0,0,10,82,51,31,0,0,19,5,5,0,,,
00177608,University of Illinois Chicago School of Law,2024,2023,205,109,96,0,0,61,53,27,26,0,0,20,152,82,70,0,0,41,7,6,1,,,
00180900,Indiana University - Bloomington,2024,2023,127,77,50,0,0,20,64,38,26,0,0,13,63,39,24,0,0,7,9,9,0,,,
00181300,Indiana University - Indianapolis,2024,2023,169,88,81,0,0,25,44,23,21,0,0,4,125,65,60,0,0,21,6,6,0,,,
00184000,University of Notre Dame,2024,2023,151,112,38,0,1,28,58,39,19,0,0,14,93,73,19,0,1,14,6,6,0,,,
00186000,Drake University,2024,2023,88,45,43,0,0,10,34,18,16,0,0,4,54,27,27,0,0,6,4,4,0,,,
00189200,University of Iowa,2024,2023,97,48,49,0,0,18,41,20,21,0,0,8,56,28,28,0,0,10,14,12,2,,,
00194800,University of Kansas,2024,2023,72,41,31,0,0,11,26,13,13,0,0,4,46,28,18,0,0,7,2,2,0,,,
00194900,Washburn University,2024,2023,68,37,30,0,1,6,26,14,12,0,0,3,42,23,18,0,1,3,6,6,0,,,
00198903,University of Kentucky,2024,2023,76,41,34,1,0,8,30,18,12,0,0,3,46,23,22,1,0,5,5,5,0,,,
00199900,University of Louisville,2024,2023,63,35,28,0,0,15,29,16,13,0,0,8,34,19,15,0,0,7,6,5,1,,,
00201000,Louisiana State University,2024,2023,105,63,42,0,0,14,35,19,16,0,0,4,70,44,26,0,0,10,9,9,0,,,
00201600,Loyola University-New Orleans,2024,2023,104,60,44,0,0,29,50,25,25,0,0,18,54,35,19,0,0,11,4,4,0,,,
00202500,Southern University,2024,2023,111,54,57,0,0,77,71,30,41,0,0,49,40,24,16,0,0,28,4,3,1,,,
00202900,Tulane University,2024,2023,126,84,42,0,0,15,54,30,24,0,0,7,72,54,18,0,0,8,6,6,0,,,
00205400,University of Maine,2024,2023,73,41,32,0,0,9,24,11,13,0,0,2,49,30,19,0,0,7,4,4,0,,,
00210200,University of Baltimore,2024,2023,171,93,76,0,2,20,57,28,29,0,0,10,114,65,47,0,2,10,7,6,1,,,
00210400,University of Maryland,2024,2023,194,106,88,0,0,48,67,31,36,0,0,24,127,75,52,0,0,24,13,12,1,,,
00212801,Boston College,2024,2023,220,127,93,0,0,46,82,38,44,0,0,27,138,89,49,0,0,19,12,12,0,,,
00213007,Boston University,2024,2023,217,123,93,0,1,32,88,46,42,0,0,22,129,77,51,0,1,10,13,13,0,,,
00215510,Harvard University,2024,2023,377,219,156,1,1,90,203,114,88,1,0,42,174,105,68,0,1,48,20,19,1,,,
00219900,Northeastern University,2024,2023,141,58,78,1,4,39,63,18,44,0,1,21,78,40,34,1,3,18,4,4,0,,,
00221007,University of Massachusetts Dartmouth,2024,2023,59,36,23,0,0,10,28,14,14,0,0,4,31,22,9,0,0,6,4,4,0,,,
00221810,Suffolk University,2024,2023,160,92,68,0,0,27,80,41,39,0,0,14,80,51,29,0,0,13,6,6,0,,,
00222600,Western New England University,2024,2023,78,32,46,0,0,10,25,7,18,0,0,7,53,25,28,0,0,3,4,4,0,,,
00225400,Michigan State University,2024,2023,127,71,55,0,0,23,48,26,22,0,0,10,78,45,33,0,0,13,5,5,0,,,
00232300,University of Detroit Mercy,2024,2023,107,49,58,0,0,19,36,15,21,0,0,10,71,34,37,0,0,9,7,7,0,,,
00232503,University of Michigan,2024,2023,208,127,81,0,0,41,119,71,48,0,0,26,89,56,33,0,0,15,11,11,0,,,
00232902,Wayne State University,2024,2023,100,52,48,0,0,19,51,26,25,0,0,9,49,26,23,0,0,10,3,2,1,,,
00234500,University of St. Thomas (Minnesota),2024,2023,180,88,90,0,2,34,26,17,9,0,0,3,154,71,81,0,2,31,4,4,0,,,
00239101,Mitchell Hamline School of Law,2024,2023,144,64,79,0,1,29,54,24,30,0,0,16,90,40,49,0,1,13,4,4,0,,,
00241501,Mississippi College,2024,2023,53,30,22,0,0,10,22,9,13,0,0,5,30,21,9,0,0,5,3,3,0,,,
00244000,University of Mississippi,2024,2023,73,44,28,0,1,11,38,22,15,0,1,5,35,22,13,0,0,6,7,7,0,,,
00250609,Saint Louis University,2024,2023,126,62,64,0,0,22,50,19,31,0,0,9,76,43,33,0,0,13,9,4,5,,,
00251600,University of Missouri,2024,2023,74,44,30,0,0,12,42,23,19,0,0,8,32,21,11,0,0,4,3,3,0,,,
00251800,University of Missouri-Kansas City,2024,2023,104,60,44,0,0,12,43,22,21,0,0,7,61,38,23,0,0,5,5,4,1,,,
00252000,Washington University,2024,2023,236,123,100,0,13,39,129,63,64,0,2,21,107,60,36,0,11,18,15,14,1,,,
00253600,University of Montana,2024,2023,49,18,31,0,0,7,19,6,13,0,0,2,30,12,18,0,0,5,2,2,0,,,
00254200,Creighton University,2024,2023,62,36,26,0,0,6,27,14,13,0,0,1,35,22,13,0,0,5,4,4,0,,,
00256500,University of Nebraska,2024,2023,94,53,41,0,0,9,34,21,13,0,0,4,60,32,28,0,0,5,5,5,0,,,
00256900,University of Nevada - Las Vegas,2024,2023,104,50,54,0,0,27,49,20,29,0,0,14,55,30,25,0,0,13,6,6,0,,,
00258903,University of New Hampshire,2024,2023,115,61,52,0,2,11,29,16,13,0,0,3,86,45,39,0,2,8,4,4,0,,,
00262900,Rutgers University,2024,2023,242,138,103,0,0,60,121,59,62,0,0,33,120,79,41,0,0,27,11,11,0,,,
00263201,Seton Hall University,2024,2023,153,83,68,1,1,25,59,27,31,1,0,12,94,56,37,0,1,13,5,5,0,,,
00266300,University of New Mexico,2024,2023,103,43,60,0,0,39,42,17,25,0,0,21,61,26,35,0,0,18,8,8,0,,,
00267700,Brooklyn Law School,2024,2023,231,134,92,0,5,43,66,25,40,0,1,17,165,109,52,0,4,26,10,9,1,,,
00270711,Columbia University,2024,2023,455,279,173,3,0,99,120,68,50,2,0,27,335,211,123,1,0,72,19,19,0,,,
00271101,Cornell University,2024,2023,207,123,83,0,1,37,76,42,34,0,0,19,131,81,49,0,1,18,7,6,1,,,
00272203,Fordham University,2024,2023,427,235,192,0,0,83,88,46,42,0,0,21,339,189,150,0,0,62,12,12,0,,,
00273200,Hofstra University,2024,2023,173,93,79,1,0,34,53,24,29,0,0,11,120,69,50,1,0,23,7,7,0,,,
00278300,New York Law School,2024,2023,245,127,113,0,5,49,50,24,26,0,0,9,195,103,87,0,5,40,10,8,2,,,
00278500,New York University,2024,2023,435,260,175,0,0,90,162,100,62,0,0,42,273,160,113,0,0,48,16,16,0,,,
00279102,Pace University,2024,2023,172,95,76,1,0,27,43,20,22,1,0,7,129,75,54,0,0,20,4,4,0,,,
00282300,"St. John's University",2024,2023,169,81,87,1,0,33,42,18,23,1,0,10,127,63,64,0,0,23,4,4,0,,,
00283700,University of Buffalo-SUNY,2024,2023,136,73,63,0,0,19,65,35,30,0,0,12,71,38,33,0,0,7,9,9,0,,,
00288200,Syracuse University,2024,2023,102,57,45,0,0,17,57,26,31,0,0,11,45,31,14,0,0,6,6,5,1,,,
00288600,Albany Law School of Union University,2024,2023,93,44,48,1,0,21,49,19,30,0,0,13,44,25,18,1,0,8,7,6,1,,,
00290301,Cardozo School of Law,2024,2023,301,153,142,0,5,54,64,34,30,0,0,11,236,119,112,0,5,43,7,7,0,,,
00291300,Campbell University,2024,2023,100,50,50,0,0,13,33,18,15,0,0,2,67,32,35,0,0,11,5,5,0,,,
00292002,Duke University,2024,2023,221,121,99,1,0,36,98,52,46,0,0,23,123,69,53,1,0,13,15,14,1,,,
00292701,Elon University,2024,2023,81,37,44,0,0,20,40,21,19,0,0,7,41,16,25,0,0,13,5,5,0,,,
00295000,North Carolina Central University,2024,2023,61,25,36,0,0,41,34,14,20,0,0,25,27,11,16,0,0,16,6,6,0,,,
00297400,University of North Carolina,2024,2023,149,74,75,0,0,21,64,30,34,0,0,11,85,44,41,0,0,10,12,12,0,,,
00297805,Wake Forest University,2024,2023,106,65,41,0,0,14,45,23,22,0,0,8,61,42,19,0,0,6,7,7,0,,,
00300500,University of North Dakota,2024,2023,31,18,12,0,1,2,20,9,11,0,0,2,11,9,1,0,1,0,3,3,0,,,
00302302,Capital University,2024,2023,76,49,27,0,0,10,24,12,12,0,0,3,52,37,15,0,0,7,4,4,0,,,
00302400,Case Western Reserve University,2024,2023,119,77,42,0,0,14,49,27,22,0,0,7,70,50,20,0,0,7,8,8,0,,,
00303200,Cleveland State University,2024,2023,222,133,89,0,0,26,31,14,17,0,0,7,191,119,72,0,0,19,7,7,0,,,
00308900,Ohio Northern University,2024,2023,25,14,11,0,0,3,20,12,8,0,0,3,5,2,3,0,0,0,3,2,1,,,
00309000,The Ohio State University,2024,2023,147,75,72,0,0,28,52,23,29,0,0,13,95,52,43,0,0,15,9,8,1,,,
00312300,University of Akron,2024,2023,74,43,31,0,0,8,31,16,15,0,0,5,43,27,16,0,0,3,4,4,0,,,
00312500,University of Cincinnati,2024,2023,118,60,58,0,0,16,45,21,24,0,0,5,73,39,34,0,0,11,7,7,0,,,
00312700,University of Dayton,2024,2023,61,34,27,0,0,12,26,12,14,0,0,4,35,22,13,0,0,8,3,3,0,,,
00313100,University of Toledo,2024,2023,52,28,24,0,0,7,21,12,9,0,0,2,31,16,15,0,0,5,2,2,0,,,
00316614,Oklahoma City University,2024,2023,75,40,35,0,0,19,27,18,9,0,0,7,48,22,26,0,0,12,7,7,0,,,
00318400,University of Oklahoma,2024,2023,82,48,32,0,0,15,36,16,20,0,0,8,44,32,12,0,0,7,7,7,0,,,
00318500,University of Tulsa,2024,2023,60,34,26,0,0,12,21,9,12,0,0,8,39,25,14,0,0,4,3,3,0,,,
00319700,Lewis and Clark College,2024,2023,174,102,62,0,0,28,37,22,15,0,0,8,127,80,47,0,0,20,5,5,0,,,
00322300,University of Oregon,2024,2023,101,48,53,0,0,19,41,17,24,0,0,9,60,31,29,0,0,10,7,7,0,,,
00322700,Willamette University,2024,2023,54,26,25,0,3,8,30,13,16,0,1,4,24,13,9,0,2,4,2,2,0,,,
00325600,Drexel University,2024,2023,140,62,78,0,0,28,39,14,25,0,0,9,101,48,53,0,0,19,5,5,0,,,
00325800,Duquesne University,2024,2023,103,53,50,0,0,10,35,15,20,0,0,3,68,38,30,0,0,7,5,4,1,,,
00331301,Widener University-Delaware,2024,2023,95,47,48,0,0,9,35,12,23,0,0,6,60,35,25,0,0,3,5,5,0,,,
00331302,Widener Commonwealth,2024,2023,59,31,28,0,0,6,18,6,12,0,0,2,41,25,16,0,0,4,3,3,0,,,
00332900,Pennsylvania State University-Penn State Law,2024,2023,65,33,31,0,1,11,46,24,22,0,0,9,19,9,9,0,1,2,3,3,0,,,
00332922,Pennsylvania State University,2024,2023,,,,,,,,,,,,,,,,,,,,,,,,
00332923,Pennsylvania State University-Dickinson School of Law,2024,2023,62,30,32,0,0,21,30,12,18,0,0,9,32,18,14,0,0,12,3,3,0,,,
00337101,Temple University,2024,2023,244,130,113,1,0,60,69,31,38,0,0,21,175,99,75,1,0,39,7,7,0,,,
00337800,University of Pennsylvania,2024,2023,302,176,124,0,2,55,104,53,50,0,1,24,198,123,74,0,1,31,19,19,0,,,
00337900,University of Pittsburgh,2024,2023,161,101,60,0,0,25,44,22,22,0,0,12,117,79,38,0,0,13,6,5,1,,,
00338801,Villanova University,2024,2023,127,77,50,0,0,19,51,26,25,0,0,11,76,51,25,0,0,8,9,9,0,,,
00341001,Roger Williams University,2024,2023,104,48,56,0,0,17,38,10,28,0,0,10,66,38,28,0,0,7,5,5,0,,,
00344800,University of South Carolina,2024,2023,149,89,60,0,0,30,60,28,32,0,0,10,89,61,28,0,0,20,7,7,0,,,
00347400,University of South Dakota,2024,2023,44,25,19,0,0,3,20,10,10,0,0,2,24,15,9,0,0,1,3,3,0,,,
00347900,Belmont University,2024,2023,51,32,18,0,1,8,24,13,11,0,0,4,27,19,7,0,1,4,3,3,0,,,
00350200,Lincoln Memorial University,2024,2023,56,26,30,0,0,12,21,10,11,0,0,2,35,16,19,0,0,10,3,3,0,,,
00350900,University of Memphis,2024,2023,69,37,32,0,0,17,23,9,14,0,0,5,46,28,18,0,0,12,5,5,0,,,
00353000,University of Tennessee,2024,2023,115,66,49,0,0,19,39,20,19,0,0,10,76,46,30,0,0,9,7,7,0,,,
00353500,Vanderbilt University,2024,2023,154,96,58,0,0,25,57,32,25,0,0,9,97,64,33,0,0,16,8,8,0,,,
00354500,Baylor University,2024,2023,195,111,84,0,0,47,37,19,18,0,0,6,158,92,66,0,0,41,4,4,0,,,
00361300,Southern Methodist University,2024,2023,186,117,69,0,0,35,61,28,33,0,0,12,125,89,36,0,0,23,7,7,0,,,
00362300,"St. Mary's University",2024,2023,113,75,38,0,0,31,51,29,22,0,0,16,62,46,16,0,0,15,3,3,0,,,
00363221,Texas A&M University,2024,2023,155,93,62,0,0,26,67,37,30,0,0,15,88,56,32,0,0,11,6,6,0,,,
00364200,Texas Southern University,2024,2023,93,39,54,0,0,79,45,19,26,0,0,36,48,20,28,0,0,43,5,5,0,,,
00364400,Texas Tech University,2024,2023,73,46,27,0,0,13,40,24,16,0,0,8,33,22,11,0,0,5,5,5,0,,,
00365200,University of Houston,2024,2023,254,151,103,0,0,62,59,31,28,0,0,12,195,120,75,0,0,50,9,8,1,,,
00365800,University of Texas at Austin,2024,2023,285,185,100,0,0,46,96,59,37,0,0,17,189,126,63,0,0,29,14,13,1,,,
00367000,Brigham Young University,2024,2023,121,77,44,0,0,11,49,30,19,0,0,6,72,47,25,0,0,5,10,10,0,,,
00367500,University of Utah,2024,2023,95,56,39,0,0,17,43,21,22,0,0,7,52,35,17,0,0,10,5,5,0,,,
00370500,William and Mary Law School,2024,2023,155,100,55,0,0,24,45,24,21,0,0,6,110,76,34,0,0,18,10,10,0,,,
00374400,University of Richmond,2024,2023,131,65,66,0,0,22,57,25,32,0,0,12,74,40,34,0,0,10,8,8,0,,,
00374500,University of Virginia,2024,2023,266,168,98,0,0,38,105,64,41,0,0,22,161,104,57,0,0,16,16,16,0,,,
00374900,George Mason University,2024,2023,252,161,90,1,0,46,55,37,17,1,0,11,197,124,73,0,0,35,15,9,6,,,
00376800,Washington and Lee University,2024,2023,96,62,34,0,0,17,38,19,19,0,0,9,58,43,15,0,0,8,6,5,1,,,
00377800,Gonzaga University,2024,2023,77,38,39,0,0,17,31,16,15,0,0,11,46,22,24,0,0,6,5,5,0,,,
00379001,Seattle University,2024,2023,169,93,76,0,0,49,66,29,37,0,0,21,103,64,39,0,0,28,5,5,0,,,
00379800,University of Washington,2024,2023,157,86,71,0,0,24,50,23,27,0,0,12,107,63,44,0,0,12,8,8,0,,,
00382700,West Virginia University,2024,2023,64,33,31,0,0,5,33,16,17,0,0,3,31,17,14,0,0,2,4,4,0,,,
00386300,Marquette University,2024,2023,123,68,55,0,0,7,36,20,16,0,0,3,87,48,39,0,0,4,7,5,2,,,
00389500,University of Wisconsin,2024,2023,155,83,71,0,0,28,73,33,40,0,0,20,81,50,31,0,0,8,12,11,1,,,
00393200,University of Wyoming,2024,2023,41,20,20,1,0,8,24,13,10,1,0,4,17,7,10,0,0,4,4,4,0,,,
00393600,Pontifical Catholic University of P.R.,2024,2023,69,44,25,0,0,69,34,21,13,0,0,34,35,23,12,0,0,35,4,4,0,,,
00394200,University of Puerto Rico,2024,2023,110,64,46,0,0,106,28,20,8,0,0,27,82,44,38,0,0,79,6,6,0,,,
00394700,"UC College of the Law, San Francisco",2024,2023,281,155,125,0,1,72,63,30,33,0,0,15,218,125,92,0,1,57,10,10,0,,,
00396900,University of Minnesota,2024,2023,313,174,139,0,0,48,62,35,27,0,0,11,251,139,112,0,0,37,18,15,3,,,
00425090,Inter American University of Puerto Rico,2024,2023,110,71,39,0,0,107,26,16,10,0,0,26,84,55,29,0,0,81,8,5,3,,,
00497700,South Texas College of Law,2024,2023,136,81,55,0,0,30,63,34,29,0,0,16,73,47,26,0,0,14,5,5,0,,,
00891600,New England Law | Boston,2024,2023,152,89,63,0,0,22,32,17,15,0,0,6,120,72,48,0,0,16,4,4,0,,,
00927500,Northern Kentucky University,2024,2023,65,40,25,0,0,9,24,16,8,0,0,6,41,24,17,0,0,3,2,2,0,,,
00963500,Florida International University,2024,2023,115,72,43,0,0,55,44,22,22,0,0,21,71,50,21,0,0,34,8,5,3,,,
01014205,Touro University,2024,2023,101,47,53,0,1,23,35,14,21,0,0,7,66,33,32,0,1,16,5,5,0,,,
01014913,Pepperdine University,2024,2023,150,86,59,0,0,33,47,28,19,0,0,11,98,58,40,0,0,22,5,5,0,,,
01039501,University of San Diego,2024,2023,157,84,64,0,9,24,54,31,23,0,0,8,103,53,41,0,9,16,8,8,0,,,
01164901,Loyola Marymount University-Los Angeles,2024,2023,208,108,100,0,0,52,76,31,45,0,0,20,132,77,55,0,0,32,9,9,0,,,
01193400,Vermont Law School,2024,2023,156,63,89,1,3,26,57,21,35,1,0,9,99,42,54,0,3,17,5,4,1,,,
01262700,Thomas M. Cooley Law School,2024,2023,99,61,38,0,0,25,30,15,15,0,0,9,69,46,23,0,0,16,8,6,2,,,
01310300,California Western School of Law,2024,2023,106,51,55,0,0,25,36,19,17,0,0,8,70,32,38,0,0,17,7,7,0,,,
02053000,Liberty University,2024,2023,44,31,13,0,0,9,25,19,6,0,0,7,19,12,7,0,0,2,2,2,0,,,
02179937,Western State College of Law,2024,2023,59,33,26,0,0,16,21,7,14,0,0,5,38,26,12,0,0,11,4,3,1,,,
03091300,Regent University,2024,2023,56,42,14,0,0,13,21,14,7,0,0,6,35,28,7,0,0,7,3,3,0,,,
03173300,"Atlanta's John Marshall Law School",2024,2023,37,16,21,0,0,13,24,10,14,0,0,6,13,6,7,0,0,7,6,3,3,,,
03191300,City University of New York,2024,2023,107,34,73,0,0,57,73,23,50,0,0,39,34,11,23,0,0,18,7,7,0,,,
03559300,Appalachian School of Law,2024,2023,24,15,9,0,0,2,17,10,7,0,0,1,7,5,2,0,0,1,2,1,1,,,
03691400,Ave Maria School of Law,2024,2023,42,25,17,0,0,3,28,15,13,0,0,2,14,10,4,0,0,1,5,4,1,,,
04096300,Charleston School of Law,2024,2023,71,36,35,0,0,10,27,10,17,0,0,5,44,26,18,0,0,5,4,4,0,,,
04242101,UNT Dallas College Of Law,2024,2023,50,21,29,0,0,10,29,11,18,0,0,7,21,10,11,0,0,3,4,4,0,,,