schoolid,schoolname,CalendarYear,AcademicYear,CondScholInd,NumEnteringCondSchol,NumEliminatedCondSchol,NumStudents,FTNumStudents,PTNumStudents,TotalRecvGrant,TotalRecvGrantP,FTRecvGrant,PTRecvGrant,TotalGrantLTHalf,TotalGrantLTHalfP,FTGrantLTHalf,PTGrantLTHalf,TotalGrantALHalf,TotalGrantALHalfP,FTGrantALHalf,PTGrantALHalf,TotalGrantFull,TotalGrantFullP,FTGrantFull,PTGrantFull,TotalGrantGTFull,TotalGrantGTFullP,FTGrantGTFull,PTGrantGTFull,FTGrantAmt75,PTGrantAmt75,FTGrantAmtMedian,PTGrantAmtMedian,FTGrantAmt25,PTGrantAmt25
00100300,Faulkner University,2024,2023,N,,,324,324,0,238,73.5,238,,137,42.3,137,,85,26.2,85,,16,4.9,16,,0,0,0,,23940,,9044,,3591,
00103600,Samford University,2024,2023,Y,149,20,449,449,0,418,93.1,418,,252,56.1,252,,165,36.7,165,,0,0,0,,1,0.2,1,,26000,,18350,,10000,
00105100,University of Alabama,2024,2023,N,,,426,426,0,402,94.4,402,,100,23.5,100,,184,43.2,184,,24,5.6,24,,94,22.1,94,,28080,,22000,,13000,
00108100,Arizona State University,2024,2023,N,,,793,793,0,773,97.5,773,,374,47.2,374,,293,36.9,293,,70,8.8,70,,36,4.5,36,,6000,,20000,,31664,
00108300,University of Arizona,2024,2023,N,,,377,377,0,357,94.7,357,,45,11.9,45,,92,24.4,92,,35,9.3,35,,185,49.1,185,,29250,,24500,,15250,
00110101,University of Arkansas-Little Rock,2024,2023,Y,87,46,435,337,98,238,54.7,192,46,117,26.9,89,28,101,23.2,87,14,14,3.2,13,1,6,1.4,3,3,13352,7176,8383,4451,3481,2337
00110800,University of Arkansas-Fayetteville,2024,2023,N,,,375,375,0,325,86.7,325,,331,88.3,331,,160,42.7,160,,0,0,0,,9,2.4,9,,12000,,9000,,6000,
00116453,Chapman University,2024,2023,Y,100,34,423,423,0,246,58.2,246,,61,14.4,61,,103,24.3,103,,23,5.4,23,,59,13.9,59,,61286,,57000,,35000,
00129500,Southwestern Law School,2024,2023,Y,222,114,950,762,188,956,100.6,758,198,626,65.9,490,136,307,32.3,254,53,18,1.9,12,6,5,0.5,2,3,35145,22513,15145,4213,145,113
00130503,Stanford University,2024,2023,N,,,565,565,0,314,55.6,314,,151,26.7,151,,106,18.8,106,,2,0.4,2,,57,10.1,57,,53708,,35805,,17903,
00131273,University of California-Berkeley,2024,2023,N,,,1043,1043,0,982,94.2,982,,509,48.8,509,,403,38.6,403,,0,0,0,,70,6.7,70,,37240,,29372,,11514,
00131373,University of California-Davis,2024,2023,N,,,658,658,0,618,93.9,618,,313,47.6,313,,299,45.4,299,,0,0,0,,6,0.9,6,,39000,,29000,,15250,
00131400,University of California-Irvine,2024,2023,N,,,473,473,0,453,95.8,453,,218,46.1,218,,235,49.7,235,,0,0,0,,0,0,0,,35000,,30000,,20000,
00131500,University of California-Los Angeles,2024,2023,N,,,1034,1034,0,882,85.3,882,,566,54.7,566,,239,23.1,239,,42,4.1,42,,35,3.4,35,,38584,,21710,,15000,
00132500,University of San Francisco,2024,2023,Y,73,28,404,382,22,270,66.8,259,11,154,38.1,151,3,113,28,106,7,1,0.2,0,1,2,0.5,2,0,41503,35813,27030,28781,19311,24000
00132600,Santa Clara University,2024,2023,Y,37,16,662,571,91,409,61.8,377,32,118,17.8,105,13,149,22.5,145,4,135,20.4,122,13,7,1.1,5,2,59254,46726,40000,30000,25000,15000
00132800,University of Southern California,2024,2023,N,,,644,644,0,619,96.1,619,,228,35.4,228,,383,59.5,383,,0,0,0,,8,1.2,8,,47000,,40000,,35000,
00132901,McGeorge School of Law,2024,2023,Y,115,36,528,427,101,484,91.7,389,95,231,43.8,177,54,121,22.9,99,22,132,25,113,19,0,0,0,0,59080,30619,32040,13414,3500,3000
00137000,University of Colorado,2024,2023,N,,,491,491,0,429,87.4,429,,294,59.9,294,,115,23.4,115,,0,0,0,,20,4.1,20,,26161,,12800,,10000,
00137100,University of Denver,2024,2023,Y,192,0,840,683,157,629,74.9,513,116,289,34.4,239,50,250,29.8,197,53,68,8.1,56,12,22,2.6,21,1,40000,30000,30000,22500,22000,16500
00140201,Quinnipiac University,2024,2023,Y,61,5,364,294,70,286,78.6,240,46,170,46.7,136,34,104,28.6,92,12,12,3.3,12,0,0,0,0,0,35000,20000,21500,10500,10500,5000
00141706,University of Connecticut,2024,2023,N,,,473,387,86,441,93.2,367,74,304,64.3,255,49,129,27.3,108,21,0,0,0,0,8,1.7,4,4,20000,13038,15177,10000,10000,5000
00142600,Yale University,2024,2023,N,,,619,619,0,388,62.7,388,,209,33.8,209,,108,17.4,108,,0,0,0,,71,11.5,71,,44484,,33774,,23388,
00143401,American University,2024,2023,N,,,1239,1021,218,822,66.3,698,124,184,14.9,160,24,522,42.1,438,84,115,9.3,99,16,1,0.1,1,0,40000,32000,40000,32000,32500,25200
00143711,Catholic University of America,2024,2023,Y,28,4,390,283,107,382,97.9,260,122,187,47.9,131,56,195,50,129,66,0,0,0,0,0,0,0,0,44451,34767,28608,23610,15000,7500
00144102,District of Columbia,2024,2023,Y,43,31,261,163,98,188,72,116,72,94,36,53,41,85,32.6,54,31,9,3.4,9,0,0,0,0,0,12436,6941,9260,5547,6218,3471
00144402,George Washington University,2024,2023,N,,,1533,1414,119,1220,79.6,1142,78,907,59.2,838,69,286,18.7,277,9,33,2.2,28,5,0,0,0,0,35000,22000,25000,15000,20000,10200
00144503,Georgetown University,2024,2023,N,,,2080,1911,169,1313,63.1,1228,85,668,32.1,616,52,574,27.6,550,24,49,2.4,42,7,22,1.1,20,2,50000,30000,37500,22500,25000,16500
00144802,Howard University,2024,2023,Y,105,0,484,484,0,245,50.6,245,,155,32,155,,75,15.5,75,,0,0,0,,15,3.1,15,,30069,,15550,,6864,
00146601,Barry University,2024,2023,Y,251,148,797,625,172,634,79.5,515,119,453,56.8,362,91,179,22.5,151,28,0,0,0,0,2,0.3,2,0,23625,15000,16000,10500,7000,2250
00146800,St. Thomas University (Florida),2024,2023,Y,99,56,713,713,0,462,64.8,462,,246,34.5,246,,215,30.2,215,,0,0,0,,1,0.1,1,,30000,,22000,,12000,
00148001,Florida A&M University,2024,2023,N,,,347,290,57,127,36.6,105,22,37,10.7,30,7,64,18.4,56,8,0,0,0,0,26,7.5,19,7,12000,9667,8000,6000,6000,3000
00148900,Florida State University,2024,2023,N,,,457,457,0,350,76.6,350,,15,3.3,15,,142,31.1,142,,126,27.6,126,,61,13.3,61,,5160,,15000,,20840,
00149500,Jacksonville University,2024,2023,N,,,40,40,0,40,100,40,,23,57.5,23,,17,42.5,17,,0,0,0,,0,0,0,,22000,,18000,,14400,
00150900,Nova Southeastern University,2024,2023,N,,,630,530,100,434,68.9,378,56,328,52.1,281,47,105,16.7,96,9,1,0.2,1,0,0,0,0,0,25000,15000,15375,11250,12500,3750
00153101,Stetson University,2024,2023,N,,,927,752,175,829,89.4,704,125,446,48.1,349,97,350,37.8,327,23,33,3.6,28,5,0,0,0,0,36000,15000,26000,9000,15000,5500
00153505,University of Florida,2024,2023,N,,,664,664,0,590,88.9,590,,206,31,206,,96,14.5,96,,114,17.2,114,,174,26.2,174,,38040,,21804,,8000,
00153601,University of Miami,2024,2023,N,,,1158,1158,0,758,65.5,758,,134,11.6,134,,623,53.8,623,,0,0,0,,1,0.1,1,,52000,,45000,,36000,
00156400,Emory University,2024,2023,N,,,799,799,0,784,98.1,784,,337,42.2,337,,437,54.7,437,,0,0,0,,10,1.3,10,,28000,,36000,,44500,
00157400,Georgia State University,2024,2023,N,,,631,484,147,288,45.6,259,29,97,15.4,84,13,104,16.5,93,11,0,0,0,0,87,13.8,82,5,11125,9232,7840,6310,2669,2721
00158015,Mercer University,2024,2023,N,,,399,399,0,364,91.2,364,,230,57.6,230,,122,30.6,122,,0,0,0,,12,3,12,,25000,,17000,,8000,
00159800,University of Georgia,2024,2023,N,,,530,530,0,452,85.3,452,,161,30.4,161,,112,21.1,112,,79,14.9,79,,100,18.9,100,,19194,,12938,,5200,
00161000,University of Hawaii,2024,2023,N,,,304,227,77,214,70.4,178,36,172,56.6,143,29,38,12.5,32,6,2,0.7,0,2,2,0.7,2,0,11000,10000,6000,5000,5000,4000
00162600,University of Idaho,2024,2023,N,,,422,422,0,193,45.7,193,,168,39.8,168,,20,4.7,20,,4,0.9,4,,1,0.2,1,,14000,,7000,,5000,
00167100,Depaul University,2024,2023,N,,,531,445,86,523,98.5,440,83,195,36.7,146,49,321,60.5,287,34,0,0,0,0,7,1.3,7,0,35000,20000,30000,15000,21800,10000
00169101,Chicago-Kent College of Law-IIT,2024,2023,N,,,710,630,80,668,94.1,594,74,220,31,186,34,410,57.7,382,28,98,13.8,87,11,34,4.8,34,0,43250,33750,35000,22500,22250,14950
00171000,Loyola University-Chicago,2024,2023,N,,,921,773,148,860,93.4,736,124,300,32.6,254,46,557,60.5,480,77,0,0,0,0,2,0.2,2,0,35000,25000,30000,23000,25000,18000
00173700,Northern Illinois University,2024,2023,N,,,317,317,0,226,71.3,226,,156,49.2,156,,69,21.8,69,,0,0,0,,1,0.3,1,,12411,,8274,,5000,
00173900,Northwestern University,2024,2023,N,,,752,752,0,564,75,564,,256,34,256,,286,38,286,,0,0,0,,22,2.9,22,,42000,,40000,,20000,
00175800,Southern Illinois University-Carbondale,2024,2023,N,,,273,273,0,137,50.2,137,,107,39.2,107,,66,24.2,66,,2,0.7,2,,0,0,0,,12500,,9500,,6000,
00177400,University of Chicago,2024,2023,N,,,594,594,0,491,82.7,491,,399,67.2,399,,38,6.4,38,,0,0,0,,54,9.1,54,,27875,,15000,,10000,
00177500,University of Illinois,2024,2023,N,,,519,519,0,505,97.3,505,,129,24.9,129,,364,70.1,364,,0,0,0,,12,2.3,12,,45000,,36200,,22500,
00177608,University of Illinois Chicago School of Law,2024,2023,Y,139,68,1020,841,179,609,59.7,508,101,259,25.4,226,33,336,32.9,269,67,6,0.6,5,1,8,0.8,8,0,33750,21600,22900,15600,9000,6600
00180900,Indiana University - Bloomington,2024,2023,N,,,529,529,0,522,98.7,522,,133,25.1,133,,331,62.6,331,,0,0,0,,58,11,58,,50000,,36483,,20661,
00181300,Indiana University - Indianapolis,2024,2023,Y,19,14,726,542,184,562,77.4,419,143,509,70.1,333,176,197,27.1,154,43,0,0,0,0,46,6.3,44,2,28391,12728,15000,5500,5000,2500
00184000,University of Notre Dame,2024,2023,N,,,548,548,0,504,92,504,,248,45.3,248,,220,40.1,220,,24,4.4,24,,12,2.2,12,,50000,,35000,,20000,
00186000,Drake University,2024,2023,N,,,329,329,0,280,85.1,280,,83,25.2,83,,164,49.8,164,,21,6.4,21,,12,3.6,12,,36000,,30000,,22000,
00189200,University of Iowa,2024,2023,N,,,491,491,0,419,85.3,419,,149,30.3,149,,138,28.1,138,,98,20,98,,34,6.9,34,,49556,,29923,,20529,
00194800,University of Kansas,2024,2023,Y,115,26,362,362,0,309,85.4,309,,150,41.4,150,,28,7.7,28,,78,21.5,78,,53,14.6,53,,24192,,15000,,6436,
00194900,Washburn University,2024,2023,Y,46,10,310,310,0,212,68.4,212,,90,29,90,,95,30.6,95,,2,0.6,2,,39,12.6,39,,44324,,16665,,13665,
00198903,University of Kentucky,2024,2023,N,,,410,410,0,404,98.5,404,,292,71.2,292,,93,22.7,93,,0,0,0,,19,4.6,19,,18000,,12000,,7000,
00199900,University of Louisville,2024,2023,N,,,373,373,0,252,67.6,252,,116,31.1,116,,135,36.2,135,,0,0,0,,1,0.3,1,,22000,,16000,,8000,
00201000,Louisiana State University,2024,2023,Y,175,41,614,614,0,530,86.3,530,,253,41.2,253,,266,43.3,266,,11,1.8,11,,0,0,0,,19750,,14497,,8000,
00201600,Loyola University-New Orleans,2024,2023,Y,168,6,600,534,66,479,79.8,414,65,198,33,170,28,238,39.7,221,17,23,3.8,23,0,0,0,0,0,35000,20725,28000,12000,19500,8220
00202500,Southern University,2024,2023,Y,126,68,873,641,232,335,38.4,303,32,206,23.6,181,25,117,13.4,112,5,0,0,0,0,12,1.4,10,2,13025,12600,11800,10062,9375,2875
00202900,Tulane University,2024,2023,N,,,640,640,0,0,0,0,,206,32.2,206,,350,54.7,350,,2,0.3,2,,0,0,0,,45000,,37500,,30000,
00205400,University of Maine,2024,2023,N,,,262,262,0,184,70.2,184,,40,15.3,40,,87,33.2,87,,53,20.2,53,,4,1.5,4,,36000,,23190,,14783,
00210200,University of Baltimore,2024,2023,Y,152,26,694,509,185,433,62.4,342,91,283,40.8,214,69,136,19.6,118,18,11,1.6,9,2,0,0,0,0,24000,20000,15000,11750,7500,5000
00210400,University of Maryland,2024,2023,N,,,697,594,103,598,85.8,521,77,270,38.7,219,51,308,44.2,284,24,2,0.3,2,0,18,2.6,16,2,40000,16625,26855,9185,13079,4375
00212801,Boston College,2024,2023,N,,,765,765,0,708,92.5,708,,573,74.9,573,,127,16.6,127,,8,1,8,,0,0,0,,30000,,24000,,18000,
00213007,Boston University,2024,2023,N,,,744,744,0,674,90.6,674,,363,48.8,363,,309,41.5,309,,0,0,0,,2,0.3,2,,42000,,30000,,21750,
00215510,Harvard University,2024,2023,N,,,1797,1797,0,807,44.9,807,,560,31.2,560,,242,13.5,242,,0,0,0,,5,0.3,5,,40539,,26004,,7810,
00219900,Northeastern University,2024,2023,N,,,690,612,78,690,100,624,66,387,56.1,335,52,242,35.1,220,22,90,13,87,3,14,2,14,0,50000,31500,32000,19353,14878,12000
00221007,University of Massachusetts Dartmouth,2024,2023,N,,,354,281,73,296,83.6,235,61,217,61.3,168,49,72,20.3,62,10,6,1.7,4,2,1,0.3,1,0,20124,13452,15000,10000,8000,5000
00221810,Suffolk University,2024,2023,N,,,1225,927,298,984,80.3,755,229,652,53.2,472,180,308,25.1,266,42,16,1.3,10,6,8,0.7,7,1,35000,20000,20000,18772,11500,10000
00222600,Western New England University,2024,2023,N,,,308,214,94,281,91.2,197,84,79,25.6,54,25,178,57.8,131,47,23,7.5,11,12,1,0.3,1,0,32737,27163,30000,21000,22400,15000
00225400,Michigan State University,2024,2023,N,,,639,639,0,639,100,639,,103,16.1,103,,284,44.4,284,,250,39.1,250,,2,0.3,2,,41040,,40000,,30000,
00232300,University of Detroit Mercy,2024,2023,N,,,619,592,27,345,55.7,324,21,171,27.6,162,9,142,22.9,133,9,24,3.9,22,2,7,1.1,7,0,31984,23632,20343,14948,9318,9272
00232503,University of Michigan,2024,2023,N,,,978,978,0,842,86.1,842,,523,53.5,523,,293,30,293,,12,1.2,12,,14,1.4,14,,40000,,30000,,20000,
00232902,Wayne State University,2024,2023,N,,,407,376,31,333,81.8,310,23,68,16.7,61,7,46,11.3,43,3,195,47.9,185,10,24,5.9,21,3,38135,24000,33145,15000,19067,5000
00234500,University of St. Thomas (Minnesota),2024,2023,N,,,476,476,0,472,99.2,472,,385,80.9,385,,73,15.3,73,,14,2.9,14,,0,0,0,,33487,,23919,,16743,
00239101,Mitchell Hamline School of Law,2024,2023,N,,,1199,350,849,1204,100.4,362,842,647,54,103,544,486,40.5,212,274,71,5.9,47,24,0,0,0,0,43877,24363,33553,14912,20568,9320
00241501,Mississippi College,2024,2023,Y,84,26,362,362,0,235,64.9,235,,108,29.8,108,,87,24,87,,40,11,40,,0,0,0,,31500,,21000,,13000,
00244000,University of Mississippi,2024,2023,N,,,538,538,0,457,84.9,457,,236,43.9,236,,193,35.9,193,,13,2.4,13,,14,2.6,14,,12500,,5000,,2500,
00250609,Saint Louis University,2024,2023,N,,,552,497,55,543,98.4,492,51,284,51.4,247,37,210,38,199,11,44,8,42,2,5,0.9,5,0,35000,19500,24000,10000,13500,6677
00251600,University of Missouri,2024,2023,Y,20,5,383,383,0,288,75.2,288,,80,20.9,80,,84,21.9,84,,7,1.8,7,,117,30.5,117,,24000,,23000,,12000,
00251800,University of Missouri-Kansas City,2024,2023,Y,2,0,449,449,0,377,84,377,,304,67.7,304,,57,12.7,57,,0,0,0,,16,3.6,16,,10500,,7200,,4000,
00252000,Washington University,2024,2023,N,,,809,809,0,779,96.3,779,,108,13.3,108,,504,62.3,504,,65,8,65,,102,12.6,102,,55958,,45000,,38000,
00253600,University of Montana,2024,2023,Y,58,2,264,264,0,232,87.9,232,,186,70.5,186,,33,12.5,33,,0,0,0,,13,4.9,13,,13439,,7000,,4065,
00254200,Creighton University,2024,2023,N,,,385,385,0,310,80.5,310,,146,37.9,146,,112,29.1,112,,1,0.3,1,,51,13.2,51,,31134,,23000,,12840,
00256500,University of Nebraska,2024,2023,N,,,454,454,0,387,85.2,387,,63,13.9,63,,143,31.5,143,,104,22.9,104,,77,17,77,,33690,,20000,,10000,
00256900,University of Nevada - Las Vegas,2024,2023,N,,,438,378,60,317,72.4,295,22,147,33.6,130,17,93,21.2,91,2,41,9.4,40,1,35,8,34,1,42000,20750,28000,14000,18666,10500
00258903,University of New Hampshire,2024,2023,N,,,629,389,240,498,79.2,334,164,249,39.6,119,130,232,36.9,199,33,3,0.5,3,0,14,2.2,13,1,33000,16575,20000,7650,9500,3825
00262900,Rutgers University,2024,2023,Y,1,0,1303,1023,280,1114,85.5,903,211,701,53.8,540,161,406,31.2,358,48,0,0,0,0,6,0.5,4,2,20000,15938,15000,11250,12000,8000
00263201,Seton Hall University,2024,2023,Y,125,30,812,669,143,696,85.7,586,110,283,34.9,234,49,413,50.9,352,61,0,0,0,0,0,0,0,0,63800,47840,42000,25000,20000,15000
00266300,University of New Mexico,2024,2023,Y,39,3,300,300,0,173,57.7,173,,121,40.3,121,,36,12,36,,0,0,0,,6,2,6,,12000,,5600,,1347,
00267700,Brooklyn Law School,2024,2023,Y,361,74,1167,1084,83,1072,91.9,990,82,528,45.2,487,41,510,43.7,469,41,28,2.4,28,0,6,0.5,6,0,51000,40000,34000,25500,17000,13000
00270711,Columbia University,2024,2023,N,,,1410,1410,0,814,57.7,814,,496,35.2,496,,242,17.2,242,,69,4.9,69,,7,0.5,7,,50000,,30000,,19000,
00271101,Cornell University,2024,2023,N,,,586,586,0,514,87.7,514,,354,60.4,354,,151,25.8,151,,9,1.5,9,,0,0,0,,45000,,30000,,25000,
00272203,Fordham University,2024,2023,N,,,1357,1161,196,1186,87.4,1045,141,697,51.4,598,99,489,36,447,42,0,0,0,0,0,0,0,0,40500,30000,35000,20000,25000,10000
00273200,Hofstra University,2024,2023,Y,226,118,832,792,40,703,84.5,678,25,331,39.8,312,19,149,17.9,147,2,223,26.8,219,4,0,0,0,0,68860,33750,35000,17500,15000,5625
00278300,New York Law School,2024,2023,Y,314,71,1048,898,150,1005,95.9,865,140,454,43.3,387,67,330,31.5,288,42,5,0.5,4,1,216,20.6,186,30,50000,40690,35000,26542,10091,4836
00278500,New York University,2024,2023,N,,,1367,1367,0,910,66.6,910,,716,52.4,716,,53,3.9,53,,141,10.3,141,,0,0,0,,35000,,21000,,12000,
00279102,Pace University,2024,2023,Y,278,101,858,669,189,781,91,607,174,382,44.5,273,109,354,41.3,296,58,52,6.1,45,7,5,0.6,5,0,37500,25000,29000,18375,19000,12000
00282300,"St. John's University",2024,2023,N,,,799,776,23,636,79.6,621,15,223,27.9,213,10,413,51.7,408,5,0,0,0,0,0,0,0,0,70170,52630,70170,21000,30000,7500
00283700,University of Buffalo-SUNY,2024,2023,N,,,434,434,0,267,61.5,267,,159,36.6,159,,87,20,87,,0,0,0,,21,4.8,21,,18000,,12000,,6801,
00288200,Syracuse University,2024,2023,N,,,718,718,0,667,92.9,667,,415,57.8,415,,252,35.1,252,,0,0,0,,0,0,0,,34915,,23000,,13653,
00288600,Albany Law School of Union University,2024,2023,N,,,605,605,0,562,92.9,562,,233,38.5,233,,265,43.8,265,,39,6.4,39,,25,4.1,25,,45000,,35000,,20000,
00290301,Cardozo School of Law,2024,2023,N,,,939,939,0,921,98.1,921,,329,35,329,,553,58.9,553,,19,2,19,,15,1.6,15,,25000,,40000,,50000,
00291300,Campbell University,2024,2023,N,,,562,562,0,555,98.8,555,,325,57.8,325,,228,40.6,228,,1,0.2,1,,1,0.2,1,,29400,,20000,,13750,
00292002,Duke University,2024,2023,N,,,752,752,0,708,94.1,708,,512,68.1,512,,191,25.4,191,,5,0.7,5,,0,0,0,,38000,,32000,,25000,
00292701,Elon University,2024,2023,Y,37,0,445,445,0,392,88.1,392,,165,37.1,165,,201,45.2,201,,14,3.1,14,,12,2.7,12,,32143,,21429,,10714,
00295000,North Carolina Central University,2024,2023,N,,,432,360,72,297,68.8,264,33,124,28.7,108,16,137,31.7,122,15,2,0.5,2,0,34,7.9,32,2,20000,14170,12000,10000,10000,6876
00297400,University of North Carolina,2024,2023,N,,,572,572,0,532,93,532,,194,33.9,194,,307,53.7,307,,13,2.3,13,,18,3.1,18,,20000,,17500,,15000,
00297805,Wake Forest University,2024,2023,N,,,490,490,0,392,80,392,,117,23.9,117,,270,55.1,270,,2,0.4,2,,3,0.6,3,,46000,,40000,,20000,
00300500,University of North Dakota,2024,2023,Y,5,0,238,238,0,121,50.8,121,,93,39.1,93,,22,9.2,22,,0,0,0,,6,2.5,6,,8000,,5072,,1250,
00302302,Capital University,2024,2023,Y,183,12,455,359,96,443,97.4,340,103,235,51.6,176,59,200,44,158,42,2,0.4,2,0,6,1.3,4,2,32000,22875,20075,12000,12000,7038
00302400,Case Western Reserve University,2024,2023,N,,,480,479,1,461,96,461,0,85,17.7,85,0,376,78.3,376,0,0,0,0,0,0,0,0,0,48640,0,44000,0,33500,0
00303200,Cleveland State University,2024,2023,N,,,420,314,106,352,83.8,288,64,192,45.7,145,47,173,41.2,143,30,1,0.2,1,0,0,0,0,0,24665,15313,18310,6262,6775,2738
00308900,Ohio Northern University,2024,2023,N,,,0,0,0,209,,209,,85,,85,,107,,107,,0,,0,,17,,17,,27000,,19500,,10440,
00309000,The Ohio State University,2024,2023,N,,,505,505,0,450,89.1,450,,115,22.8,115,,146,28.9,146,,150,29.7,150,,39,7.7,39,,34153,,25530,,17020,
00312300,University of Akron,2024,2023,N,,,441,319,122,411,93.2,303,108,255,57.8,169,86,151,34.2,131,20,5,1.1,3,2,0,0,0,0,19000,8000,11000,4000,4000,2000
00312500,University of Cincinnati,2024,2023,N,,,387,387,0,373,96.4,373,,96,24.8,96,,231,59.7,231,,46,11.9,46,,0,0,0,,26600,,19300,,12500,
00312700,University of Dayton,2024,2023,N,,,377,236,141,370,98.1,226,144,52,13.8,21,31,292,77.5,179,113,0,0,0,0,26,6.9,26,0,35000,21816,33000,19091,26000,13634
00313100,University of Toledo,2024,2023,N,,,351,309,42,275,78.3,230,45,116,33,80,36,74,21.1,66,8,58,16.5,57,1,27,7.7,27,0,25172,11700,20000,10000,10000,3700
00316614,Oklahoma City University,2024,2023,Y,4,0,427,427,0,296,69.3,296,,225,52.7,225,,60,14.1,60,,0,0,0,,18,4.2,18,,19793,,14000,,8000,
00318400,University of Oklahoma,2024,2023,Y,8,0,529,529,0,494,93.4,494,,340,64.3,340,,139,26.3,139,,0,0,0,,15,2.8,15,,15550,,11835,,7000,
00318500,University of Tulsa,2024,2023,N,,,382,382,0,0,0,0,,197,51.6,197,,17,4.5,17,,0,0,0,,0,0,0,,22013,,9998,,4080,
00319700,Lewis and Clark College,2024,2023,N,,,533,405,128,511,95.9,391,120,276,51.8,213,63,233,43.7,176,57,0,0,0,0,2,0.4,2,0,34000,26382,26000,19950,19000,11094
00322300,University of Oregon,2024,2023,N,,,471,471,0,370,78.6,370,,209,44.4,209,,138,29.3,138,,10,2.1,10,,13,2.8,13,,35000,,20000,,11522,
00322700,Willamette University,2024,2023,N,,,344,344,0,302,87.8,302,,200,58.1,200,,85,24.7,85,,15,4.4,15,,2,0.6,2,,30000,,20000,,10000,
00325600,Drexel University,2024,2023,Y,31,7,426,426,0,318,74.6,318,,134,31.5,134,,163,38.3,163,,1,0.2,1,,20,4.7,20,,52800,,34000,,12286,
00325800,Duquesne University,2024,2023,N,,,509,408,101,479,94.1,396,83,246,48.3,181,65,143,28.1,128,15,82,16.1,79,3,8,1.6,8,0,42000,20000,30000,15000,20000,10000
00331301,Widener University-Delaware,2024,2023,N,,,686,546,140,690,100.6,548,142,316,46.1,186,130,358,52.2,350,8,1,0.1,1,0,1,0.1,1,0,35000,18000,32000,13500,25000,9000
00331302,Widener Commonwealth,2024,2023,N,,,374,286,88,348,93,269,79,201,53.7,148,53,142,38,118,24,2,0.5,2,0,3,0.8,1,2,34000,22000,25500,16000,17750,8000
00332900,Pennsylvania State University-Penn State Law,2024,2023,N,,,403,403,0,405,100.5,405,,74,18.4,74,,127,31.5,127,,201,49.9,201,,3,0.7,3,,55824,,55824,,33100,
00332922,Pennsylvania State University,2024,2023,,,,,,,,,,,,,,,,,,,,,,,,,,,,,,,,
00332923,Pennsylvania State University-Dickinson School of Law,2024,2023,N,,,295,295,0,294,99.7,294,,29,9.8,29,,204,69.2,204,,0,0,0,,61,20.7,61,,57720,,56498,,40000,
00337101,Temple University,2024,2023,N,,,658,546,112,586,89.1,515,71,143,21.7,110,33,408,62,370,38,1,0.2,1,0,34,5.2,34,0,38375,23878,29842,13125,18750,5625
00337800,University of Pennsylvania,2024,2023,N,,,809,809,0,448,55.4,448,,169,20.9,169,,163,20.1,163,,113,14,113,,3,0.4,3,,76246,,43000,,30984,
00337900,University of Pittsburgh,2024,2023,N,,,388,388,0,305,78.6,305,,82,21.1,82,,212,54.6,212,,0,0,0,,11,2.8,11,,38000,,30000,,20653,
00338801,Villanova University,2024,2023,N,,,553,553,0,496,89.7,496,,161,29.1,161,,334,60.4,334,,0,0,0,,1,0.2,1,,44000,,37000,,23029,
00341001,Roger Williams University,2024,2023,Y,94,13,514,514,0,356,69.3,356,,123,23.9,123,,211,41.1,211,,20,3.9,20,,2,0.4,2,,33626,,27400,,17934,
00344800,University of South Carolina,2024,2023,N,,,601,601,0,503,83.7,503,,419,69.7,419,,82,13.6,82,,1,0.2,1,,1,0.2,1,,14000,,9062,,6000,
00347400,University of South Dakota,2024,2023,Y,1,0,247,247,0,138,55.9,138,,93,37.7,93,,26,10.5,26,,7,2.8,7,,11,4.5,11,,10000,,3425,,582,
00347900,Belmont University,2024,2023,Y,55,11,350,350,0,228,65.1,228,,41,11.7,41,,97,27.7,97,,90,25.7,90,,0,0,0,,52370,,39278,,26185,
00350200,Lincoln Memorial University,2024,2023,N,,,374,351,23,369,98.7,346,23,138,36.9,120,18,216,57.8,212,4,2,0.5,1,1,13,3.5,13,0,30400,17194,25900,15167,15941,14473
00350900,University of Memphis,2024,2023,Y,34,13,283,283,0,143,50.5,143,,78,27.6,78,,49,17.3,49,,13,4.6,13,,3,1.1,3,,15000,,10000,,4803,
00353000,University of Tennessee,2024,2023,N,,,394,394,0,354,89.8,354,,214,54.3,214,,120,30.5,120,,10,2.5,10,,10,2.5,10,,14000,,9000,,5000,
00353500,Vanderbilt University,2024,2023,N,,,512,512,0,444,86.7,444,,295,57.6,295,,145,28.3,145,,0,0,0,,4,0.8,4,,46000,,32000,,17500,
00354500,Baylor University,2024,2023,Y,121,3,448,448,0,452,100.9,452,,96,21.4,96,,224,50,224,,54,12.1,54,,78,17.4,78,,60311,,30000,,7355,
00361300,Southern Methodist University,2024,2023,Y,6,1,655,655,0,629,96,629,,461,70.4,461,,136,20.8,136,,0,0,0,,32,4.9,32,,32000,,25000,,20000,
00362300,"St. Mary's University",2024,2023,N,,,803,685,118,652,81.2,589,63,596,74.2,537,59,55,6.8,51,4,0,0,0,0,1,0.1,1,0,17000,11000,12000,10000,7127,10000
00363221,Texas A&M University,2024,2023,N,,,447,443,4,418,93.5,415,3,77,17.2,76,1,243,54.4,242,1,39,8.7,39,0,59,13.2,58,1,33501,21971,30000,18580,17500,13290
00364200,Texas Southern University,2024,2023,N,,,568,568,0,0,0,0,,147,25.9,147,,117,20.6,117,,37,6.5,37,,0,0,0,,6311,,4207,,3680,
00364400,Texas Tech University,2024,2023,N,,,438,438,0,372,84.9,372,,252,57.5,252,,106,24.2,106,,0,0,0,,14,3.2,14,,17118,,10000,,5881,
00365200,University of Houston,2024,2023,N,,,794,706,88,568,71.5,538,30,434,54.7,414,20,106,13.4,98,8,0,0,0,0,28,3.5,26,2,17500,17000,11500,10000,4905,5000
00365800,University of Texas at Austin,2024,2023,N,,,985,985,0,919,93.3,919,,410,41.6,410,,429,43.6,429,,20,2,20,,60,6.1,60,,35667,,21948,,10000,
00367000,Brigham Young University,2024,2023,Y,2,0,369,369,0,366,99.2,366,,142,38.5,142,,44,11.9,44,,73,19.8,73,,107,29,107,,17598,,15076,,5000,
00367500,University of Utah,2024,2023,N,,,291,291,0,262,90,262,,72,24.7,72,,110,37.8,110,,45,15.5,45,,35,12,35,,33636,,19164,,9582,
00370500,William and Mary Law School,2024,2023,N,,,528,528,0,494,93.6,494,,220,41.7,220,,256,48.5,256,,7,1.3,7,,11,2.1,11,,37112,,27314,,21782,
00374400,University of Richmond,2024,2023,N,,,408,408,0,333,81.6,333,,132,32.4,132,,117,28.7,117,,80,19.6,80,,3,0.7,3,,53440,,32968,,15000,
00374500,University of Virginia,2024,2023,N,,,911,911,0,606,66.5,606,,337,37,337,,218,23.9,218,,47,5.2,47,,4,0.4,4,,49000,,35000,,20000,
00374900,George Mason University,2024,2023,N,,,546,431,115,464,85,363,101,158,28.9,119,39,259,47.4,211,48,47,8.6,32,15,2,0.4,2,0,30000,13857,20000,10000,13000,6054
00376800,Washington and Lee University,2024,2023,N,,,379,379,0,365,96.3,365,,103,27.2,103,,260,68.6,260,,1,0.3,1,,1,0.3,1,,38500,,33500,,22500,
00377800,Gonzaga University,2024,2023,N,,,562,562,0,550,97.9,550,,193,34.3,193,,347,61.7,347,,10,1.8,10,,0,0,0,,33000,,31000,,25125,
00379001,Seattle University,2024,2023,Y,126,21,678,515,163,559,82.4,421,138,330,48.7,236,94,137,20.2,110,27,92,13.6,75,17,0,0,0,0,40000,25000,30000,20000,20000,15000
00379800,University of Washington,2024,2023,N,,,537,537,0,510,95,510,,479,89.2,479,,16,3,16,,0,0,0,,15,2.8,15,,40874,,27249,,13625,
00382700,West Virginia University,2024,2023,Y,6,0,315,315,0,243,77.1,243,,136,43.2,136,,82,26,82,,20,6.3,20,,5,1.6,5,,18000,,12000,,7000,
00386300,Marquette University,2024,2023,N,,,593,563,30,519,87.5,497,22,283,47.7,263,20,232,39.1,230,2,4,0.7,4,0,0,0,0,0,29000,15875,23000,9500,16000,6750
00389500,University of Wisconsin,2024,2023,N,,,698,698,0,658,94.3,658,,259,37.1,259,,317,45.4,317,,2,0.3,2,,80,11.5,80,,45000,,25696,,12000,
00393200,University of Wyoming,2024,2023,Y,66,15,239,239,0,202,84.5,202,,138,57.7,138,,48,20.1,48,,3,1.3,3,,14,5.9,14,,12000,,8000,,5000,
00393600,Pontifical Catholic University of P.R.,2024,2023,Y,81,27,501,307,194,118,23.6,75,43,104,20.8,68,36,7,1.4,3,4,5,1,3,2,2,0.4,1,1,4227,4635,1822,2342,1040,1237
00394200,University of Puerto Rico,2024,2023,N,,,453,316,137,39,8.6,26,13,32,7.1,22,10,0,0,0,0,6,1.3,3,3,0,0,0,0,289,11,295,11,0,4
00394700,"UC College of the Law, San Francisco",2024,2023,Y,250,59,1116,1116,0,944,84.6,944,,755,67.7,755,,179,16,179,,0,0,0,,10,0.9,10,,25000,,18377,,10000,
00396900,University of Minnesota,2024,2023,N,,,675,675,0,630,93.3,630,,253,37.5,253,,370,54.8,370,,7,1,7,,0,0,0,,46656,,30000,,15000,
00425090,Inter American University of Puerto Rico,2024,2023,Y,7,2,663,365,298,50,7.5,22,28,26,3.9,14,12,4,0.6,3,1,1,0.2,0,1,19,2.9,5,14,4182,3862,2788,2575,1394,1287
00497700,South Texas College of Law,2024,2023,Y,247,96,1091,878,213,740,67.8,601,139,668,61.2,532,136,71,6.5,68,3,1,0.1,1,0,0,0,0,0,16177,6968,10000,4096,3216,1937
00891600,New England Law | Boston,2024,2023,Y,253,68,1082,833,249,948,87.6,739,209,340,31.4,260,80,230,21.3,172,58,376,34.8,306,70,2,0.2,1,1,57048,42784,40000,26316,20000,16639
00927500,Northern Kentucky University,2024,2023,N,,,382,280,102,224,58.6,179,45,108,28.3,75,33,115,30.1,103,12,0,0,0,0,1,0.3,1,0,23790,15000,16500,10000,10000,8000
00963500,Florida International University,2024,2023,Y,123,28,545,441,104,315,57.8,283,32,148,27.2,128,20,69,12.7,62,7,53,9.7,49,4,45,8.3,44,1,20746,11885,15000,6857,7000,2458
01014205,Touro University,2024,2023,Y,168,100,564,359,205,423,75,265,158,254,45,158,96,165,29.3,105,60,4,0.7,2,2,0,0,0,0,36000,28000,22000,16500,13000,8000
01014913,Pepperdine University,2024,2023,Y,120,24,561,561,0,446,79.5,446,,248,44.2,248,,174,31,174,,0,0,0,,24,4.3,24,,55000,,30000,,25000,
01039501,University of San Diego,2024,2023,Y,230,30,752,709,43,649,86.3,619,30,308,41,292,16,337,44.8,323,14,0,0,0,0,4,0.5,4,0,47000,30000,32000,22000,25000,12625
01164901,Loyola Marymount University-Los Angeles,2024,2023,Y,214,28,1015,826,189,609,60,518,91,146,14.4,130,16,445,43.8,378,67,0,0,0,0,18,1.8,10,8,50000,38000,44000,34000,32000,25000
01193400,Vermont Law School,2024,2023,N,,,491,395,96,464,94.5,384,80,218,44.4,139,79,194,39.5,193,1,52,10.6,52,0,0,0,0,0,40000,13500,30000,9000,20438,9000
01262700,Thomas M. Cooley Law School,2024,2023,N,,,481,149,332,266,55.3,90,176,194,40.3,66,128,60,12.5,22,38,11,2.3,2,9,0,0,0,0,22572,11880,14250,7600,9120,4943
01310300,California Western School of Law,2024,2023,Y,191,130,663,579,84,419,63.2,372,47,197,29.7,173,24,146,22,133,13,76,11.5,66,10,0,0,0,0,48224,34048,30688,26608,15070,13304
02053000,Liberty University,2024,2023,Y,108,0,322,322,0,322,100,322,,126,39.1,126,,196,60.9,196,,0,0,0,,0,0,0,,32000,,24000,,18000,
02179937,Western State College of Law,2024,2023,Y,110,85,348,244,104,259,74.4,199,60,120,34.5,87,33,139,39.9,112,27,0,0,0,0,0,0,0,0,36780,29000,26000,18000,15000,8600
03091300,Regent University,2024,2023,N,,,332,320,12,321,96.7,312,9,132,39.8,126,6,190,57.2,185,5,0,0,0,0,1,0.3,1,0,34454,20853,23310,14750,10395,5204
03173300,"Atlanta's John Marshall Law School",2024,2023,Y,124,47,349,241,108,313,89.7,219,94,256,73.4,185,71,45,12.9,27,18,12,3.4,7,5,0,0,0,0,18000,12107,10800,7811,3600,2375
03191300,City University of New York,2024,2023,N,,,674,462,212,113,16.8,74,39,76,11.3,73,3,36,5.3,1,35,1,0.1,0,1,0,0,0,0,8000,6000,8000,6000,8000,6000
03559300,Appalachian School of Law,2024,2023,N,,,144,144,0,123,85.4,123,,54,37.5,54,,41,28.5,41,,10,6.9,10,,18,12.5,18,,28500,,11500,,5000,
03691400,Ave Maria School of Law,2024,2023,Y,92,25,297,297,0,200,67.3,200,,71,23.9,71,,123,41.4,123,,0,0,0,,6,2,6,,44900,,32000,,18750,
04096300,Charleston School of Law,2024,2023,N,,,29,29,0,636,2193.1,636,,388,1337.9,388,,248,855.2,248,,0,0,0,,0,0,0,,28000,,19000,,12000,
04242101,UNT Dallas College Of Law,2024,2023,N,,,417,266,151,267,64,187,80,217,52,154,63,31,7.4,20,11,0,0,0,0,19,4.6,13,6,7000,5590,5000,2500,2000,1500