schoolid,schoolname,CalendarYear,Firsttimebaryear,State,Takers,Passers,SchoolPassPct,PassPct,PassPctDiff
00100300,Faulkner University,2024,2023,AL,29,22,0.7586,0.8018,-0.0432
00103600,Samford University,2024,2023,AL,99,80,0.8081,0.8018,0.0063
00103600,Samford University,2024,2023,GA,11,7,0.6364,0.7773,-0.1409
00105100,University of Alabama,2024,2023,AL,64,61,0.9531,0.8018,0.1513
00108100,Arizona State University,2024,2023,AZ,166,145,0.8735,0.7416,0.1319
00108100,Arizona State University,2024,2023,CA,25,18,0.72,0.7233,-0.0033
00108300,University of Arizona,2024,2023,AZ,89,69,0.7753,0.7416,0.0337
00110101,University of Arkansas-Little Rock,2024,2023,AR,106,79,0.7453,0.7706,-0.0253
00110800,University of Arkansas-Fayetteville,2024,2023,AR,102,83,0.8137,0.7706,0.0431
00110800,University of Arkansas-Fayetteville,2024,2023,TX,10,8,0.8,0.7917,0.0083
00116453,Chapman University,2024,2023,CA,139,111,0.7986,0.7233,0.0753
00129500,Southwestern Law School,2024,2023,CA,252,162,0.6429,0.7233,-0.0804
00130503,Stanford University,2024,2023,CA,88,83,0.9432,0.7233,0.2199
00130503,Stanford University,2024,2023,DC,28,28,1,0.8341,0.1659
00130503,Stanford University,2024,2023,NY,34,33,0.9706,0.8296,0.141
00131273,University of California-Berkeley,2024,2023,CA,241,206,0.8548,0.7233,0.1315
00131273,University of California-Berkeley,2024,2023,NY,36,33,0.9167,0.8296,0.0871
00131273,University of California-Berkeley,2024,2023,DC,14,14,1,0.8341,0.1659
00131373,University of California-Davis,2024,2023,CA,160,131,0.8188,0.7233,0.0955
00131400,University of California-Irvine,2024,2023,CA,120,103,0.8583,0.7233,0.135
00131500,University of California-Los Angeles,2024,2023,NY,30,28,0.9333,0.8296,0.1037
00131500,University of California-Los Angeles,2024,2023,CA,270,237,0.8778,0.7233,0.1545
00132500,University of San Francisco,2024,2023,CA,90,61,0.6778,0.7233,-0.0455
00132600,Santa Clara University,2024,2023,CA,207,128,0.6184,0.7233,-0.1049
00132800,University of Southern California,2024,2023,CA,156,125,0.8013,0.7233,0.078
00132800,University of Southern California,2024,2023,NY,16,15,0.9375,0.8296,0.1079
00132901,McGeorge School of Law,2024,2023,CA,161,108,0.6708,0.7233,-0.0525
00137000,University of Colorado,2024,2023,CO,147,118,0.8027,0.777,0.0257
00137100,University of Denver,2024,2023,CO,222,181,0.8153,0.777,0.0383
00140201,Quinnipiac University,2024,2023,CT,97,60,0.6186,0.6726,-0.054
00140201,Quinnipiac University,2024,2023,NY,12,10,0.8333,0.8296,0.0037
00141706,University of Connecticut,2024,2023,CT,104,88,0.8462,0.6726,0.1736
00141706,University of Connecticut,2024,2023,NY,30,26,0.8667,0.8296,0.0371
00142600,Yale University,2024,2023,CA,26,25,0.9615,0.7233,0.2382
00142600,Yale University,2024,2023,DC,50,49,0.98,0.8341,0.1459
00142600,Yale University,2024,2023,NY,94,89,0.9468,0.8296,0.1172
00143401,American University,2024,2023,DC,186,142,0.7634,0.8341,-0.0707
00143401,American University,2024,2023,MD,48,34,0.7083,0.6898,0.0185
00143401,American University,2024,2023,NY,33,25,0.7576,0.8296,-0.072
00143401,American University,2024,2023,VA,14,8,0.5714,0.7643,-0.1929
00143711,Catholic University of America,2024,2023,DC,62,56,0.9032,0.8341,0.0691
00143711,Catholic University of America,2024,2023,MD,17,13,0.7647,0.6898,0.0749
00143711,Catholic University of America,2024,2023,VA,11,8,0.7273,0.7643,-0.037
00144102,District of Columbia,2024,2023,DC,32,16,0.5,0.8341,-0.3341
00144402,George Washington University,2024,2023,DC,284,254,0.8944,0.8341,0.0603
00144402,George Washington University,2024,2023,NY,85,74,0.8706,0.8296,0.041
00144402,George Washington University,2024,2023,CA,29,18,0.6207,0.7233,-0.1026
00144402,George Washington University,2024,2023,VA,24,20,0.8333,0.7643,0.069
00144402,George Washington University,2024,2023,MD,22,20,0.9091,0.6898,0.2193
00144402,George Washington University,2024,2023,FL,14,12,0.8571,0.6754,0.1817
00144503,Georgetown University,2024,2023,NY,237,218,0.9198,0.8296,0.0902
00144503,Georgetown University,2024,2023,DC,233,214,0.9185,0.8341,0.0844
00144503,Georgetown University,2024,2023,CA,56,45,0.8036,0.7233,0.0803
00144503,Georgetown University,2024,2023,MD,22,20,0.9091,0.6898,0.2193
00144503,Georgetown University,2024,2023,TX,17,14,0.8235,0.7917,0.0318
00144503,Georgetown University,2024,2023,IL,12,11,0.9167,0.7828,0.1339
00144802,Howard University,2024,2023,DC,54,39,0.7222,0.8341,-0.1119
00144802,Howard University,2024,2023,NY,36,29,0.8056,0.8296,-0.024
00144802,Howard University,2024,2023,MD,13,8,0.6154,0.6898,-0.0744
00146601,Barry University,2024,2023,FL,146,81,0.5548,0.6754,-0.1206
00146800,St. Thomas University (Florida),2024,2023,FL,196,114,0.5816,0.6754,-0.0938
00148001,Florida A&M University,2024,2023,FL,77,33,0.4286,0.6754,-0.2468
00148900,Florida State University,2024,2023,FL,164,135,0.8232,0.6754,0.1478
00150900,Nova Southeastern University,2024,2023,FL,154,100,0.6494,0.6754,-0.026
00153101,Stetson University,2024,2023,FL,267,205,0.7678,0.6754,0.0924
00153505,University of Florida,2024,2023,FL,168,134,0.7976,0.6754,0.1222
00153505,University of Florida,2024,2023,NY,10,10,1,0.8296,0.1704
00153601,University of Miami,2024,2023,FL,301,230,0.7641,0.6754,0.0887
00153601,University of Miami,2024,2023,NY,23,17,0.7391,0.8296,-0.0905
00156400,Emory University,2024,2023,CA,16,11,0.6875,0.7233,-0.0358
00156400,Emory University,2024,2023,FL,12,7,0.5833,0.6754,-0.0921
00156400,Emory University,2024,2023,GA,116,102,0.8793,0.7773,0.102
00156400,Emory University,2024,2023,NY,42,39,0.9286,0.8296,0.099
00156400,Emory University,2024,2023,NC,12,9,0.75,0.7398,0.0102
00156400,Emory University,2024,2023,TX,11,11,1,0.7917,0.2083
00157400,Georgia State University,2024,2023,GA,168,131,0.7798,0.7773,0.0025
00158015,Mercer University,2024,2023,GA,109,84,0.7706,0.7773,-0.0067
00159800,University of Georgia,2024,2023,GA,119,110,0.9244,0.7773,0.1471
00161000,University of Hawaii,2024,2023,HI,74,50,0.6757,0.6897,-0.014
00162600,University of Idaho,2024,2023,ID,70,54,0.7714,0.7143,0.0571
00162600,University of Idaho,2024,2023,WA,12,9,0.75,0.8273,-0.0773
00167100,Depaul University,2024,2023,IL,129,96,0.7442,0.7828,-0.0386
00169101,Chicago-Kent College of Law-IIT,2024,2023,IL,195,164,0.841,0.7828,0.0582
00171000,Loyola University-Chicago,2024,2023,IL,194,165,0.8505,0.7828,0.0677
00173700,Northern Illinois University,2024,2023,IL,77,49,0.6364,0.7828,-0.1464
00173900,Northwestern University,2024,2023,CA,35,30,0.8571,0.7233,0.1338
00173900,Northwestern University,2024,2023,IL,145,134,0.9241,0.7828,0.1413
00173900,Northwestern University,2024,2023,NY,48,44,0.9167,0.8296,0.0871
00175800,Southern Illinois University-Carbondale,2024,2023,IL,46,29,0.6304,0.7828,-0.1524
00175800,Southern Illinois University-Carbondale,2024,2023,MO,11,9,0.8182,0.8437,-0.0255
00177400,University of Chicago,2024,2023,CA,28,25,0.8929,0.7233,0.1696
00177400,University of Chicago,2024,2023,DC,22,22,1,0.8341,0.1659
00177400,University of Chicago,2024,2023,IL,64,62,0.9688,0.7828,0.186
00177400,University of Chicago,2024,2023,NY,60,59,0.9833,0.8296,0.1537
00177400,University of Chicago,2024,2023,TX,12,12,1,0.7917,0.2083
00177500,University of Illinois,2024,2023,IL,111,85,0.7658,0.7828,-0.017
00177608,University of Illinois Chicago School of Law,2024,2023,IL,251,150,0.5976,0.7828,-0.1852
00180900,Indiana University - Bloomington,2024,2023,IL,19,13,0.6842,0.7828,-0.0986
00180900,Indiana University - Bloomington,2024,2023,IN,74,61,0.8243,0.7438,0.0805
00180900,Indiana University - Bloomington,2024,2023,OH,10,8,0.8,0.7732,0.0268
00181300,Indiana University - Indianapolis,2024,2023,IN,173,131,0.7572,0.7438,0.0134
00184000,University of Notre Dame,2024,2023,CA,15,13,0.8667,0.7233,0.1434
00184000,University of Notre Dame,2024,2023,IL,39,37,0.9487,0.7828,0.1659
00184000,University of Notre Dame,2024,2023,NY,26,24,0.9231,0.8296,0.0935
00186000,Drake University,2024,2023,IA,83,76,0.9157,0.8617,0.054
00189200,University of Iowa,2024,2023,IL,22,19,0.8636,0.7828,0.0808
00189200,University of Iowa,2024,2023,IA,57,53,0.9298,0.8617,0.0681
00189200,University of Iowa,2024,2023,MN,13,13,1,0.8199,0.1801
00189200,University of Iowa,2024,2023,NY,14,14,1,0.8296,0.1704
00194800,University of Kansas,2024,2023,KS,42,38,0.9048,0.7716,0.1332
00194800,University of Kansas,2024,2023,MO,25,25,1,0.8437,0.1563
00194900,Washburn University,2024,2023,KS,61,49,0.8033,0.7716,0.0317
00194900,Washburn University,2024,2023,MO,15,15,1,0.8437,0.1563
00198903,University of Kentucky,2024,2023,KY,85,66,0.7765,0.7556,0.0209
00198903,University of Kentucky,2024,2023,TN,11,7,0.6364,0.7376,-0.1012
00199900,University of Louisville,2024,2023,KY,85,66,0.7765,0.7556,0.0209
00201000,Louisiana State University,2024,2023,LA,98,91,0.9286,0.7114,0.2172
00201000,Louisiana State University,2024,2023,TX,32,31,0.9688,0.7917,0.1771
00201600,Loyola University-New Orleans,2024,2023,FL,12,6,0.5,0.6754,-0.1754
00201600,Loyola University-New Orleans,2024,2023,LA,116,89,0.7672,0.7114,0.0558
00201600,Loyola University-New Orleans,2024,2023,TX,19,7,0.3684,0.7917,-0.4233
00202500,Southern University,2024,2023,LA,74,42,0.5676,0.7114,-0.1438
00202900,Tulane University,2024,2023,CA,16,10,0.625,0.7233,-0.0983
00202900,Tulane University,2024,2023,DC,12,8,0.6667,0.8341,-0.1674
00202900,Tulane University,2024,2023,LA,61,46,0.7541,0.7114,0.0427
00202900,Tulane University,2024,2023,NY,31,27,0.871,0.8296,0.0414
00202900,Tulane University,2024,2023,TX,44,38,0.8636,0.7917,0.0719
00205400,University of Maine,2024,2023,ME,70,62,0.8857,0.7178,0.1679
00210200,University of Baltimore,2024,2023,MD,183,118,0.6448,0.6898,-0.045
00210400,University of Maryland,2024,2023,MD,153,114,0.7451,0.6898,0.0553
00210400,University of Maryland,2024,2023,DC,22,19,0.8636,0.8341,0.0295
00212801,Boston College,2024,2023,MA,154,145,0.9416,0.8059,0.1357
00212801,Boston College,2024,2023,NY,40,40,1,0.8296,0.1704
00212801,Boston College,2024,2023,CA,10,10,1,0.7233,0.2767
00213007,Boston University,2024,2023,CA,18,14,0.7778,0.7233,0.0545
00213007,Boston University,2024,2023,MA,145,131,0.9034,0.8059,0.0975
00213007,Boston University,2024,2023,NY,38,34,0.8947,0.8296,0.0651
00215510,Harvard University,2024,2023,CA,80,72,0.9,0.7233,0.1767
00215510,Harvard University,2024,2023,DC,103,102,0.9903,0.8341,0.1562
00215510,Harvard University,2024,2023,IL,20,20,1,0.7828,0.2172
00215510,Harvard University,2024,2023,MA,51,50,0.9804,0.8059,0.1745
00215510,Harvard University,2024,2023,NY,217,206,0.9493,0.8296,0.1197
00215510,Harvard University,2024,2023,TX,24,24,1,0.7917,0.2083
00219900,Northeastern University,2024,2023,MA,139,126,0.9065,0.8059,0.1006
00219900,Northeastern University,2024,2023,NY,26,20,0.7692,0.8296,-0.0604
00221007,University of Massachusetts Dartmouth,2024,2023,MA,65,48,0.7385,0.8059,-0.0674
00221007,University of Massachusetts Dartmouth,2024,2023,NY,12,6,0.5,0.8296,-0.3296
00221810,Suffolk University,2024,2023,MA,290,237,0.8172,0.8059,0.0113
00221810,Suffolk University,2024,2023,NY,11,5,0.4545,0.8296,-0.3751
00222600,Western New England University,2024,2023,MA,33,26,0.7879,0.8059,-0.018
00222600,Western New England University,2024,2023,CT,40,25,0.625,0.6726,-0.0476
00225400,Michigan State University,2024,2023,MI,131,93,0.7099,0.6244,0.0855
00232300,University of Detroit Mercy,2024,2023,MI,126,73,0.5794,0.6244,-0.045
00232503,University of Michigan,2024,2023,CA,33,31,0.9394,0.7233,0.2161
00232503,University of Michigan,2024,2023,DC,34,34,1,0.8341,0.1659
00232503,University of Michigan,2024,2023,IL,39,39,1,0.7828,0.2172
00232503,University of Michigan,2024,2023,MI,27,27,1,0.6244,0.3756
00232503,University of Michigan,2024,2023,NY,90,87,0.9667,0.8296,0.1371
00232503,University of Michigan,2024,2023,TX,16,16,1,0.7917,0.2083
00232503,University of Michigan,2024,2023,WA,11,11,1,0.8273,0.1727
00232902,Wayne State University,2024,2023,MI,97,66,0.6804,0.6244,0.056
00234500,University of St. Thomas (Minnesota),2024,2023,MN,141,115,0.8156,0.8199,-0.0043
00239101,Mitchell Hamline School of Law,2024,2023,CO,10,4,0.4,0.777,-0.377
00239101,Mitchell Hamline School of Law,2024,2023,FL,12,8,0.6667,0.6754,-0.0087
00239101,Mitchell Hamline School of Law,2024,2023,MN,157,130,0.828,0.8199,0.0081
00239101,Mitchell Hamline School of Law,2024,2023,TX,13,10,0.7692,0.7917,-0.0225
00241501,Mississippi College,2024,2023,MS,61,48,0.7869,0.7303,0.0566
00241501,Mississippi College,2024,2023,LA,13,11,0.8462,0.7114,0.1348
00244000,University of Mississippi,2024,2023,AL,10,8,0.8,0.8018,-0.0018
00244000,University of Mississippi,2024,2023,FL,13,7,0.5385,0.6754,-0.1369
00244000,University of Mississippi,2024,2023,TN,36,26,0.7222,0.7376,-0.0154
00244000,University of Mississippi,2024,2023,MS,49,37,0.7551,0.7303,0.0248
00244000,University of Mississippi,2024,2023,TX,15,13,0.8667,0.7917,0.075
00250609,Saint Louis University,2024,2023,MO,142,131,0.9225,0.8437,0.0788
00250609,Saint Louis University,2024,2023,IL,20,16,0.8,0.7828,0.0172
00251600,University of Missouri,2024,2023,MO,86,73,0.8488,0.8437,0.0051
00251800,University of Missouri-Kansas City,2024,2023,KS,12,8,0.6667,0.7716,-0.1049
00251800,University of Missouri-Kansas City,2024,2023,MO,121,94,0.7769,0.8437,-0.0668
00252000,Washington University,2024,2023,CA,17,13,0.7647,0.7233,0.0414
00252000,Washington University,2024,2023,DC,16,14,0.875,0.8341,0.0409
00252000,Washington University,2024,2023,IL,39,36,0.9231,0.7828,0.1403
00252000,Washington University,2024,2023,MO,55,53,0.9636,0.8437,0.1199
00252000,Washington University,2024,2023,NY,32,31,0.9688,0.8296,0.1392
00252000,Washington University,2024,2023,TX,15,13,0.8667,0.7917,0.075
00253600,University of Montana,2024,2023,MT,57,48,0.8421,0.8509,-0.0088
00254200,Creighton University,2024,2023,NE,62,40,0.6452,0.6901,-0.0449
00256500,University of Nebraska,2024,2023,NE,103,79,0.767,0.6901,0.0769
00256900,University of Nevada - Las Vegas,2024,2023,NV,105,80,0.7619,0.6935,0.0684
00258903,University of New Hampshire,2024,2023,MA,32,24,0.75,0.8059,-0.0559
00258903,University of New Hampshire,2024,2023,NH,35,20,0.5714,0.6444,-0.073
00258903,University of New Hampshire,2024,2023,TX,12,10,0.8333,0.7917,0.0416
00262900,Rutgers University,2024,2023,NJ,272,179,0.6581,0.6577,0.0004
00262900,Rutgers University,2024,2023,NY,65,44,0.6769,0.8296,-0.1527
00262900,Rutgers University,2024,2023,PA,43,30,0.6977,0.7506,-0.0529
00263201,Seton Hall University,2024,2023,NJ,170,138,0.8118,0.6577,0.1541
00263201,Seton Hall University,2024,2023,NY,55,50,0.9091,0.8296,0.0795
00266300,University of New Mexico,2024,2023,NM,90,73,0.8111,0.817,-0.0059
00267700,Brooklyn Law School,2024,2023,NY,354,279,0.7881,0.8296,-0.0415
00270711,Columbia University,2024,2023,CA,33,28,0.8485,0.7233,0.1252
00270711,Columbia University,2024,2023,DC,25,25,1,0.8341,0.1659
00270711,Columbia University,2024,2023,NY,331,318,0.9607,0.8296,0.1311
00271101,Cornell University,2024,2023,NY,130,125,0.9615,0.8296,0.1319
00272203,Fordham University,2024,2023,NY,385,344,0.8935,0.8296,0.0639
00273200,Hofstra University,2024,2023,NY,252,194,0.7698,0.8296,-0.0598
00278300,New York Law School,2024,2023,NY,270,195,0.7222,0.8296,-0.1074
00278300,New York Law School,2024,2023,NJ,17,9,0.5294,0.6577,-0.1283
00278500,New York University,2024,2023,CA,26,24,0.9231,0.7233,0.1998
00278500,New York University,2024,2023,DC,15,15,1,0.8341,0.1659
00278500,New York University,2024,2023,NY,343,333,0.9708,0.8296,0.1412
00279102,Pace University,2024,2023,NY,202,135,0.6683,0.8296,-0.1613
00279102,Pace University,2024,2023,NJ,22,15,0.6818,0.6577,0.0241
00282300,"St. John's University",2024,2023,NY,240,210,0.875,0.8296,0.0454
00283700,University of Buffalo-SUNY,2024,2023,NY,141,116,0.8227,0.8296,-0.0069
00288200,Syracuse University,2024,2023,CA,11,4,0.3636,0.7233,-0.3597
00288200,Syracuse University,2024,2023,NY,116,90,0.7759,0.8296,-0.0537
00288600,Albany Law School of Union University,2024,2023,NY,144,118,0.8194,0.8296,-0.0102
00290301,Cardozo School of Law,2024,2023,NY,300,252,0.84,0.8296,0.0104
00291300,Campbell University,2024,2023,NC,127,104,0.8189,0.7398,0.0791
00292002,Duke University,2024,2023,CA,26,21,0.8077,0.7233,0.0844
00292002,Duke University,2024,2023,DC,38,38,1,0.8341,0.1659
00292002,Duke University,2024,2023,MA,12,11,0.9167,0.8059,0.1108
00292002,Duke University,2024,2023,NC,19,16,0.8421,0.7398,0.1023
00292002,Duke University,2024,2023,NY,89,86,0.9663,0.8296,0.1367
00292002,Duke University,2024,2023,TX,11,10,0.9091,0.7917,0.1174
00292701,Elon University,2024,2023,NC,97,58,0.5979,0.7398,-0.1419
00295000,North Carolina Central University,2024,2023,DC,12,6,0.5,0.8341,-0.3341
00295000,North Carolina Central University,2024,2023,NC,105,59,0.5619,0.7398,-0.1779
00297400,University of North Carolina,2024,2023,NC,110,101,0.9182,0.7398,0.1784
00297400,University of North Carolina,2024,2023,NY,10,9,0.9,0.8296,0.0704
00297805,Wake Forest University,2024,2023,NC,50,46,0.92,0.7398,0.1802
00300500,University of North Dakota,2024,2023,ND,33,25,0.7576,0.6731,0.0845
00302302,Capital University,2024,2023,OH,117,90,0.7692,0.7732,-0.004
00302400,Case Western Reserve University,2024,2023,NY,12,7,0.5833,0.8296,-0.2463
00302400,Case Western Reserve University,2024,2023,OH,68,50,0.7353,0.7732,-0.0379
00303200,Cleveland State University,2024,2023,OH,110,75,0.6818,0.7732,-0.0914
00308900,Ohio Northern University,2024,2023,OH,31,19,0.6129,0.7732,-0.1603
00309000,The Ohio State University,2024,2023,OH,141,126,0.8936,0.7732,0.1204
00312300,University of Akron,2024,2023,OH,111,81,0.7297,0.7732,-0.0435
00312500,University of Cincinnati,2024,2023,OH,101,89,0.8812,0.7732,0.108
00312500,University of Cincinnati,2024,2023,KY,11,9,0.8182,0.7556,0.0626
00312700,University of Dayton,2024,2023,OH,54,47,0.8704,0.7732,0.0972
00312700,University of Dayton,2024,2023,IN,14,12,0.8571,0.7438,0.1133
00313100,University of Toledo,2024,2023,OH,51,31,0.6078,0.7732,-0.1654
00313100,University of Toledo,2024,2023,MI,32,24,0.75,0.6244,0.1256
00316614,Oklahoma City University,2024,2023,OK,132,85,0.6439,0.6972,-0.0533
00316614,Oklahoma City University,2024,2023,TX,15,4,0.2667,0.7917,-0.525
00318400,University of Oklahoma,2024,2023,OK,119,104,0.8739,0.6972,0.1767
00318400,University of Oklahoma,2024,2023,TX,28,25,0.8929,0.7917,0.1012
00318500,University of Tulsa,2024,2023,OK,78,58,0.7436,0.6972,0.0464
00319700,Lewis and Clark College,2024,2023,CA,10,5,0.5,0.7233,-0.2233
00319700,Lewis and Clark College,2024,2023,OR,129,108,0.8372,0.7332,0.104
00322300,University of Oregon,2024,2023,CA,14,4,0.2857,0.7233,-0.4376
00322300,University of Oregon,2024,2023,OR,103,84,0.8155,0.7332,0.0823
00322700,Willamette University,2024,2023,OR,72,40,0.5556,0.7332,-0.1776
00325600,Drexel University,2024,2023,NJ,24,19,0.7917,0.6577,0.134
00325600,Drexel University,2024,2023,PA,88,70,0.7955,0.7506,0.0449
00325800,Duquesne University,2024,2023,PA,122,102,0.8361,0.7506,0.0855
00331301,Widener University-Delaware,2024,2023,DE,41,26,0.6341,0.6868,-0.0527
00331301,Widener University-Delaware,2024,2023,NJ,43,29,0.6744,0.6577,0.0167
00331301,Widener University-Delaware,2024,2023,PA,85,51,0.6,0.7506,-0.1506
00331302,Widener Commonwealth,2024,2023,PA,65,38,0.5846,0.7506,-0.166
00332900,Pennsylvania State University-Penn State Law,2024,2023,PA,52,44,0.8462,0.7506,0.0956
00332900,Pennsylvania State University-Penn State Law,2024,2023,NY,13,11,0.8462,0.8296,0.0166
00332923,Pennsylvania State University-Dickinson School of Law,2024,2023,PA,45,36,0.8,0.7506,0.0494
00337101,Temple University,2024,2023,PA,159,133,0.8365,0.7506,0.0859
00337101,Temple University,2024,2023,DE,13,12,0.9231,0.6868,0.2363
00337800,University of Pennsylvania,2024,2023,CA,20,19,0.95,0.7233,0.2267
00337800,University of Pennsylvania,2024,2023,DC,23,22,0.9565,0.8341,0.1224
00337800,University of Pennsylvania,2024,2023,NY,122,119,0.9754,0.8296,0.1458
00337800,University of Pennsylvania,2024,2023,PA,36,34,0.9444,0.7506,0.1938
00337900,University of Pittsburgh,2024,2023,PA,93,79,0.8495,0.7506,0.0989
00338801,Villanova University,2024,2023,NJ,10,10,1,0.6577,0.3423
00338801,Villanova University,2024,2023,NY,27,26,0.963,0.8296,0.1334
00338801,Villanova University,2024,2023,PA,105,95,0.9048,0.7506,0.1542
00341001,Roger Williams University,2024,2023,CT,12,5,0.4167,0.6726,-0.2559
00341001,Roger Williams University,2024,2023,MA,48,35,0.7292,0.8059,-0.0767
00341001,Roger Williams University,2024,2023,NY,24,10,0.4167,0.8296,-0.4129
00341001,Roger Williams University,2024,2023,RI,50,37,0.74,0.7606,-0.0206
00344800,University of South Carolina,2024,2023,NC,20,14,0.7,0.7398,-0.0398
00344800,University of South Carolina,2024,2023,SC,171,145,0.848,0.7754,0.0726
00347400,University of South Dakota,2024,2023,SD,38,29,0.7632,0.7759,-0.0127
00347900,Belmont University,2024,2023,TN,92,86,0.9348,0.7376,0.1972
00350200,Lincoln Memorial University,2024,2023,TN,71,43,0.6056,0.7376,-0.132
00350900,University of Memphis,2024,2023,TN,79,59,0.7468,0.7376,0.0092
00353000,University of Tennessee,2024,2023,TN,88,72,0.8182,0.7376,0.0806
00353500,Vanderbilt University,2024,2023,CA,11,9,0.8182,0.7233,0.0949
00353500,Vanderbilt University,2024,2023,DC,17,17,1,0.8341,0.1659
00353500,Vanderbilt University,2024,2023,IL,12,12,1,0.7828,0.2172
00353500,Vanderbilt University,2024,2023,NY,45,45,1,0.8296,0.1704
00353500,Vanderbilt University,2024,2023,TN,35,32,0.9143,0.7376,0.1767
00353500,Vanderbilt University,2024,2023,TX,26,26,1,0.7917,0.2083
00354500,Baylor University,2024,2023,TX,136,124,0.9118,0.7917,0.1201
00361300,Southern Methodist University,2024,2023,TX,205,175,0.8537,0.7917,0.062
00362300,"St. Mary's University",2024,2023,TX,194,142,0.732,0.7917,-0.0597
00363221,Texas A&M University,2024,2023,TX,149,141,0.9463,0.7917,0.1546
00364200,Texas Southern University,2024,2023,TX,133,86,0.6466,0.7917,-0.1451
00364400,Texas Tech University,2024,2023,TX,131,120,0.916,0.7917,0.1243
00365200,University of Houston,2024,2023,TX,230,202,0.8783,0.7917,0.0866
00365800,University of Texas at Austin,2024,2023,CA,13,12,0.9231,0.7233,0.1998
00365800,University of Texas at Austin,2024,2023,NY,16,16,1,0.8296,0.1704
00365800,University of Texas at Austin,2024,2023,TX,222,206,0.9279,0.7917,0.1362
00367000,Brigham Young University,2024,2023,TX,13,13,1,0.7917,0.2083
00367000,Brigham Young University,2024,2023,UT,63,61,0.9683,0.9024,0.0659
00367500,University of Utah,2024,2023,UT,70,66,0.9429,0.9024,0.0405
00370500,William and Mary Law School,2024,2023,DC,45,44,0.9778,0.8341,0.1437
00370500,William and Mary Law School,2024,2023,MD,18,18,1,0.6898,0.3102
00370500,William and Mary Law School,2024,2023,NY,23,22,0.9565,0.8296,0.1269
00370500,William and Mary Law School,2024,2023,PA,10,7,0.7,0.7506,-0.0506
00370500,William and Mary Law School,2024,2023,TX,10,9,0.9,0.7917,0.1083
00370500,William and Mary Law School,2024,2023,VA,64,60,0.9375,0.7643,0.1732
00374400,University of Richmond,2024,2023,DC,17,16,0.9412,0.8341,0.1071
00374400,University of Richmond,2024,2023,VA,99,74,0.7475,0.7643,-0.0168
00374500,University of Virginia,2024,2023,NY,77,77,1,0.8296,0.1704
00374500,University of Virginia,2024,2023,DC,76,73,0.9605,0.8341,0.1264
00374500,University of Virginia,2024,2023,CA,28,25,0.8929,0.7233,0.1696
00374500,University of Virginia,2024,2023,TX,27,26,0.963,0.7917,0.1713
00374500,University of Virginia,2024,2023,VA,17,17,1,0.7643,0.2357
00374900,George Mason University,2024,2023,DC,77,67,0.8701,0.8341,0.036
00374900,George Mason University,2024,2023,VA,47,42,0.8936,0.7643,0.1293
00376800,Washington and Lee University,2024,2023,DC,14,13,0.9286,0.8341,0.0945
00376800,Washington and Lee University,2024,2023,NY,14,13,0.9286,0.8296,0.099
00376800,Washington and Lee University,2024,2023,VA,31,24,0.7742,0.7643,0.0099
00377800,Gonzaga University,2024,2023,WA,96,76,0.7917,0.8273,-0.0356
00377800,Gonzaga University,2024,2023,CA,12,2,0.1667,0.7233,-0.5566
00379001,Seattle University,2024,2023,WA,149,115,0.7718,0.8273,-0.0555
00379800,University of Washington,2024,2023,CA,13,11,0.8462,0.7233,0.1229
00379800,University of Washington,2024,2023,WA,131,123,0.9389,0.8273,0.1116
00382700,West Virginia University,2024,2023,PA,10,5,0.5,0.7506,-0.2506
00382700,West Virginia University,2024,2023,WV,66,50,0.7576,0.7311,0.0265
00393200,University of Wyoming,2024,2023,CO,13,10,0.7692,0.777,-0.0078
00393200,University of Wyoming,2024,2023,WY,38,34,0.8947,0.7885,0.1062
00393600,Pontifical Catholic University of P.R.,2024,2023,PR,69,43,0.6232,0.4819,0.1413
00394200,University of Puerto Rico,2024,2023,PR,138,70,0.5072,0.4819,0.0253
00394700,"UC College of the Law, San Francisco",2024,2023,CA,309,221,0.7152,0.7233,-0.0081
00396900,University of Minnesota,2024,2023,IL,10,10,1,0.7828,0.2172
00396900,University of Minnesota,2024,2023,NY,14,13,0.9286,0.8296,0.099
00396900,University of Minnesota,2024,2023,MN,125,113,0.904,0.8199,0.0841
00425090,Inter American University of Puerto Rico,2024,2023,PR,137,63,0.4599,0.4819,-0.022
00497700,South Texas College of Law,2024,2023,TX,287,230,0.8014,0.7917,0.0097
00891600,New England Law | Boston,2024,2023,MA,203,134,0.6601,0.8059,-0.1458
00891600,New England Law | Boston,2024,2023,NY,15,10,0.6667,0.8296,-0.1629
00891600,New England Law | Boston,2024,2023,CA,10,7,0.7,0.7233,-0.0233
00927500,Northern Kentucky University,2024,2023,KY,44,35,0.7955,0.7556,0.0399
00927500,Northern Kentucky University,2024,2023,OH,39,32,0.8205,0.7732,0.0473
00963500,Florida International University,2024,2023,FL,144,125,0.8681,0.6754,0.1927
01014205,Touro University,2024,2023,NY,150,83,0.5533,0.8296,-0.2763
01014913,Pepperdine University,2024,2023,CA,133,108,0.812,0.7233,0.0887
01039501,University of San Diego,2024,2023,CA,213,165,0.7746,0.7233,0.0513
01164901,Loyola Marymount University-Los Angeles,2024,2023,CA,303,238,0.7855,0.7233,0.0622
01193400,Vermont Law School,2024,2023,VT,33,20,0.6061,0.6769,-0.0708
01262700,Thomas M. Cooley Law School,2024,2023,FL,70,34,0.4857,0.6754,-0.1897
01262700,Thomas M. Cooley Law School,2024,2023,MI,89,32,0.3596,0.6244,-0.2648
01310300,California Western School of Law,2024,2023,CA,172,84,0.4884,0.7233,-0.2349
02053000,Liberty University,2024,2023,FL,15,11,0.7333,0.6754,0.0579
02053000,Liberty University,2024,2023,VA,26,23,0.8846,0.7643,0.1203
02179937,Western State College of Law,2024,2023,CA,49,29,0.5918,0.7233,-0.1315
03091300,Regent University,2024,2023,NC,14,11,0.7857,0.7398,0.0459
03091300,Regent University,2024,2023,VA,34,29,0.8529,0.7643,0.0886
03091300,Regent University,2024,2023,FL,14,10,0.7143,0.6754,0.0389
03173300,"Atlanta's John Marshall Law School",2024,2023,GA,65,44,0.6769,0.7773,-0.1004
03191300,City University of New York,2024,2023,NY,187,105,0.5615,0.8296,-0.2681
03559300,Appalachian School of Law,2024,2023,VA,15,11,0.7333,0.7643,-0.031
03559300,Appalachian School of Law,2024,2023,WV,10,7,0.7,0.7311,-0.0311
03691400,Ave Maria School of Law,2024,2023,FL,73,46,0.6301,0.6754,-0.0453
04096300,Charleston School of Law,2024,2023,SC,103,74,0.7184,0.7754,-0.057
04096300,Charleston School of Law,2024,2023,NY,10,6,0.6,0.8296,-0.2296
04242101,UNT Dallas College Of Law,2024,2023,TX,86,59,0.686,0.7917,-0.1057