Law School Name,LSAT,UGPA,MoreThanHalfScholarship,Debt,FedClerk,NationalFirm,PublicService,SmallFirm,RegionalFirm,TotalEmploy,EmployScore,FirstTimeBar
Akron,153,3.54,34,162808.00,0.0,4.2,23.5,20.2,23.5,71.4,68.1,72.2
Alabama,165,3.95,43,172084.00,8.1,26.0,20.3,14.6,17.1,86.1,87.8,91.3
Albany,156,3.47,44,304533.00,0.0,5.5,35.2,17.0,24.2,81.9,88.5,82.1
American University,160,3.61,42,337249.00,2.2,14.1,29.1,8.3,12.1,65.8,79.2,74.8
Appalachian,147,3.04,28,315701.00,0.0,1.9,25.9,27.8,7.4,63.0,61.1,61.2
Arizona (U of AZ),163,3.78,24,178252.00,4.4,10.5,21.1,22.8,14.0,72.8,76.3,78.4
Arizona State,165,3.9,37,212255.00,2.7,13.9,21.2,15.8,13.5,67.1,81.1,86.6
Arkansas-Fay,156,3.63,43,142476.00,2.5,6.8,20.3,17.8,18.6,66.0,72.0,82.5
Arkansas-Little Rock,151,3.47,23,139351.00,0.8,3.3,22.1,26.2,13.9,66.3,61.5,75.4
Atlanta's John Marshall,150,3.09,13,331339.00,0.0,3.5,17.4,22.1,9.3,52.3,45.3,64.9
Ave Maria,153,3.41,41,309644.00,0.0,6.1,22.4,23.5,14.3,66.3,64.3,67.7
Baltimore,153,3.42,20,226555.00,0.0,4.6,18.4,16.8,10.2,50.0,67.3,64.7
Barry,150,3.21,22,271801.00,0.0,3.2,22.7,24.3,10.3,60.5,60.0,52.8
Baylor,163,3.73,50,263456.00,5.8,15.2,15.2,23.2,32.6,92.0,94.2,91.6
Belmont,160,3.79,28,323911.00,0.0,9.1,11.8,34.5,20.0,75.4,80.0,94.6
Berkeley (UC),170,3.87,39,413496.00,7.4,50.6,21.7,1.8,7.1,88.6,87.8,88.2
Boston College,167,3.8,17,353770.00,2.9,51.9,15.2,5.3,13.2,88.5,93.0,95.6
Boston University,170,3.88,42,322237.00,3.3,48.6,15.6`,3.3,16.5,71.7,88.9,87.7
Brigham Young University,168,3.92,12,144859.00,9.0,20.7,16.2,15.3,16.2,77.4,82.9,95.4
Brooklyn,160,3.54,44,368228.00,1.6,24.1,21.8,13.8,16.7,78.0,81.7,78.8
Buffalo,156,3.71,20,192498.00,0.6,7.0,33.1,15.9,26.1,82.7,80.3,81.0
California Western,153,3.39,22,346693.00,0.0,2.2,17.7,28.7,17.1,65.7,50.8,48.4
Campbell,156,3.57,41,321645.00,0.7,4.1,22.4,30.6,18.4,76.2,74.1,81.9
Capital,151,3.39,44,236228.00,0.0,9.3,18.6,26.4,14.0,68.3,69.0,77.4
Cardozo/ Yeshiva,164,3.8,59,391774.00,0.6,24.8,18.2,17.9,17.3,78.8,84.0,83.9
Case Western Reserve,160,3.7,78,344323.00,2.5,16.1,19.5,9.3,20.3,67.7,72.9,72.9
Catholic University of America,160,3.64,50,340822.00,2.8,11.9,25.7,10.1,13.8,64.3,71.6,84.5
Chapman,162,3.67,24,392918.00,2.1,5.6,9.8,25.9,42.0,85.4,82.5,80.0
Charleston,153,3.54,35,277590.00,0.0,1.8,18.5,23.2,19.6,63.1,70.2,65.6
Chicago,173,3.94,6,434680.00,25.4,59.6,5.6,0.5,3.3,94.4,93.9,97.1
Chicago-Kent,160,3.74,58,301421.00,0.9,16.8,19.2,15.0,21.0,72.9,73.8,84.1
Cincinnati,158,3.81,60,186986.00,0.8,10.2,32.3,15.7,18.1,77.1,79.5,87.9
City University of New York,154,3.44,5,154152.00,0.0,1.9,52.9,4.9,1.5,61.2,61.7,55.9
Cleveland State,155,3.43,41,191097.00,0.0,9.2,16.0,19.3,29.4,73.9,69.7,66.4
Colorado,164,3.79,23,277467.00,1.8,13.5,28.1,9.4,21.1,73.9,83.0,81.1
Columbia,173,3.9,17,435569.00,4.9,75.9,10.3,0.0,3.5,94.6,95.4,95.4
Connecticut,161,3.72,27,204364.00,1.9,9.6,13.4,11.5,24.8,61.2,79.0,81.0
Cooley / Western Michigan,147,3.15,12,269522.00,0.0,2.7,23.0,20.9,10.2,56.8,49.2,37.3
Cornell,173,3.89,26,403335.00,5.2,69.0,12.6,0.0,6.3,93.1,90.8,94.9
Creighton,152,3.42,29,285578.00,0.8,3.3,27.9,18.0,15.6,65.6,67.2,65.3
Davis (UC),163,3.68,45,361115.00,1.1,25.3,32.0,8.4,16.3,83.1,86.5,82.7
Dayton,156,3.66,77,223251.00,0.9,7.9,28.1,29.8,12.3,79.0,83.3,86.5
Denver,159,3.65,30,355138.00,1.1,8.4,25.3,17.2,18.0,70.0,79..3,81.7
DePaul,158,3.65,60,295258.00,0.0,15.7,15.7,10.5,26.8,68.7,70.6,75.0
Detroit Mercy,154,3.55,23,253279.00,0.5,14.9,10.1,22.9,33.0,81.4,80.9,59.2
Drake,156,3.56,50,263907.00,1.0,1.9,19.2,25.0,30.8,77.9,78.8,90.6
Drexel,158,3.72,38,318140.00,0.7,6.6,15.8,14.5,22.4,60.0,84.9,76.8
Duke,170,3.89,25,384708.00,10.9,64.3,8.4,1.3,7.1,92.0,95.0,94.4
Duquesne,156,3.57,28,312120.00,2.9,9.5,16.1,24.8,21.2,74.5,79.6,83.3
Elon,153,3.41,45,270990.00,0.8,1.6,18.1,27.6,22.0,70.1,64.6,59.3
Emory,165,3.81,55,358526.00,5.8,43.2,14.0,5.4,14.8,83.2,88.7,86.2
Faulkner,150,3.3,26,256248.00,0.0,0.0,30.6,27.8,11.1,69.5,61.1,66.7
Florida (U of FL),169,3.9,14,166435.00,3.6,35.7,17.6,10.0,19.5,86.4,88.2,81.9
Florida A&M,151,3.44,18,173726.00,0.0,6.3,32.1,12.5,7.1,58.0,53.6,40.2
Florida International,160,3.73,13,191394.00,1.3,12.5,24.3,20.4,27.0,85.5,79.6,86.5
Florida State,165,3.91,31,156566.00,2.1,19.1,27.7,9.6,25.0,83.5,88.3,83.0
Fordham,167,3.76,36,406983.00,2.7,51.2,12.6,4.4,13.3,84.2,88.1,87.8
George Mason,168,3.92,47,233810.00,9.2,11.0,27.6,11.7,11.7,71.2,81.6,87.4
George Washington,168,3.87,19,381228.00,4.2,35.3,20.2,7.3,15.8,82.8,89.8,86.1
Georgetown,171,3.92,28,419938.00,4.2,60.6,17.8,0.4,5.0,88.0,89.3,90.5
Georgia (U of GA),169,3.91,21,154779.00,9.8,27.2,14.5,11.0,15.6,78.1,89.0,92.6
Georgia State,159,3.56,16,148755.00,1.9,13.8,17.6,21.4,25.2,79.9,82.4,78.5
Gonzaga,154,3.55,62,299158.00,0.0,3.0,30.1,26.3,13.5,72.9,75.2,69.3
Harvard,174,3.95,13,423981.00,11.4,58.4,13.3,0.7,6.1,89.9,90.2,96.1
Hawaii,156,3.7,13,174659.00,1.1,1.1,20.7,13.0,25.0,60.9,71.7,69.1
Hofstra,155,3.62,18,396882.00,0.8,13.9,25.9,17.8,23.9,82.3,83.8,76.3
Houston,161,3.75,14,212922.00,1.7,30.0,9.6,15.0,29.2,85.5,85.0,86.0
Howard,155,3.47,15,261980.00,3.0,53.0,15.9,2.3,4.5,78.7,85.6,74.2
Idaho,152,3.46,5,169759.00,1.7,2.5,28.0,32.2,10.2,74.6,81.4,74.8
Illinois-Champ,165,3.77,70,217069.00,4.6,25.7,17.1,9.2,18.4,75.0,80.9,72.5
Illinois-Chicago,152,3.38,33,229399.00,1.4,7.6,19.7,18.3,18.3,65.3,67.6,59.2
Inter American-Puerto Rico,143,3.32,1,151704.00,0.0,0.0,17.3,10.7,8.7,36.7,23.3,45.5
Iowa,162,3.76,28,205185.00,6.6,24.6,16.2,10.2,19.2,76.8,94.0,88.9
Irvine (UC),167,3.81,50,361884.00,7.7,44.6,15.4,9.2,12.3,89.2,92.3,86.9
IU-Bloomington/Maurer,164,3.91,63,232731.00,4.6,13.2,23.6,12.1,20.1,73.6,78.7,81.5
IU-Indianapolis,155,3.59,27,204570.00,1.8,11.5,26.5,15.9,21.7,77.4,76.5,76.0
Jacksonville,154,3.53,43,,,,,,,0.0,,
Kansas,161,3.79,11,160970.00,6.7,11.1,25.6,14.4,18.9,76.7,84.4,91.9
Kentucky,158,3.71,23,174496.00,8.5,10.9,16.3,20.9,19.4,76.0,86.0,74.2
Lewis & Clark,160,3.58,44,326362.00,0.6,6.7,28.7,18.5,16.3,70.8,71.3,77.6
Liberty,153,3.55,61,299331.00,1.1,0.0,24.2,19.8,17.6,62.7,74.7,82.1
Lincoln Memorial,152,3.44,58,279724.00,0.0,0.0,20.4,30.6,10.2,61.2,60.2,60.9
Louisiana State,156,3.71,43,183035.00,2.2,9.6,16.3,20.2,24.7,73.0,83.7,92.0
Louisville,156,3.59,36,193547.00,1.8,9.8,18.8,25.0,21.4,76.8,77.7,74.8
Loyola Marymount-LA,162,3.72,44,411229.00,1.3,19.3,12.7,21.5,23.1,77.9,80.1,78.8
Loyola-Chicago,160,3.6,60,330527.00,2.6,22.7,16.6,15.3,21.8,79.0,82.1,83.6
Loyola-New Orleans,152,3.38,40,298551.00,2.7,3.8,15.8,22.8,28.8,73.9,75.5,66.3
Maine,157,3.66,33,179555.00,1.4,1.4,19.2,24.7,17.8,64.5,68.5,88.2
Marquette,156,3.7,39,266378.00,0.5,9.1,15.1,23.7,28.5,76.9,84.4,99.5
Maryland,163,3.73,44,251433.00,2.9,12.3,12.7,7.8,10.8,46.5,75.5,74.9
Massachusetts-Dartmouth,151,3.39,20,238066.00,1.8,0.9,28.1,23.7,11.4,65.9,64.0,59.4
Memphis,154,3.48,17,169857.00,1.0,10.4,18.8,25.0,13.5,68.7,70.8,76.1
Mercer,155,3.63,31,235004.00,2.5,4.9,18.9,23.8,30.3,80.4,85.2,76.5
Miami,163,3.76,54,397657.00,0.3,24.7,17.0,12.1,20.6,74.7,76.9,75.6
Michigan (UMich),171,3.86,30,359421.00,13.7,58.0,13.0,0.7,6.2,91.6,95.4,97.3
Michigan State (MSU),160,3.63,44,232673.00,1.5,7.2,18.0,13.4,25.3,65.4,69.6,72.8
Minnesota,169,3.88,55,272702.00,5.8,23.1,21.6,7.7,17.3,75.5,92.3,89.6
Mississippi,157,3.64,36,154313.00,7.5,10.6,19.9,13.0,18.6,69.6,75.2,73.7
Mississippi College,150,3.31,24,227598.00,5.3,2.7,20.4,28.3,13.3,70.0,78.8,75.2
Missouri-Kansas City,155,3.51,13,167162.00,2.1,10.4,16.0,29.9,12.5,70.9,77.8,77.2
Mitchell Hamline,152,3.34,41,285806.00,0.3,3.4,19.4,17.5,10.0,50.6,56.3,72.3
Mizzou,160,3.76,22,171312.00,1.9,16.0,16.0,14.2,19.8,67.9,84.9,86.9
Montana,156,3.52,13,197965.00,6.4,2.6,26.9,20.5,15.4,71.8,87.2,85.9
Nebraska,158,3.77,31,141730.00,0.8,3.9,20.3,24.3,26.6,75.9,82.8,76.2
Nevada-Las Vegas,160,3.78,21,217261.00,3.8,4.6,16.2,15.4,14.6,54.6,81.5,76.8
New England Law-Boston,153,3.31,21,354704.00,0.3,3.2,18.6,20.2,16.1,58.4,60.6,71.5
New Hampshire,155,3.45,37,215480.00,0.0,8.6,21.6,11.7,18.5,60.4,54.3,71.5
New Mexico,157,3.57,12,153274.00,7.1,0.0,25.5,25.5,10.2,68.3,72.4,81.9
New York Law School,156,3.59,31,353996.00,0.7,15.3,24.0,12.9,21.3,74.2,80.1,70.7
New York University,172,3.91,4,441115.00,5.7,57.5,24.2,0.5,4.5,92.4,88.9,96.6
North Carolina,167,3.85,54,214268.00,6.3,27.5,18.5,11.6,18.0,81.9,89.4,92.0
North Carolina Central,150,3.41,32,164885.00,0.8,5.3,22.7,15.9,12.9,57.6,57.6,56.6
North Dakota,150,3.46,9,138326.00,4.9,0.0,21.3,19.7,13.1,59.0,65.6,60.7
North Texas-Dallas,153,3.49,7,160553.00,0.9,1.8,17.4,28.4,11.9,60.4,54.1,68.5
Northeastern,163,3.73,35,321299.00,0.5,17.3,29.8,10.1,15.4,73.1,78.8,86.2
Northern Illinois,150,3.26,22,163071.00,1.1,0.0,28.9,28.9,17.8,76.7,73.3,59.6
Northern Kentucky,152,3.5,30,168494.00,0.0,2.8,34.6,27.1,13.1,77.6,75.7,81.6
Northwestern,172,3.95,38,390167.00,8.3,8.3,7.9,0.7,4.0,29.2,89.6,91.6
Notre Dame,169,3.85,40,355682.00,17.6,46.1,10.3,1.8,10.3,86.1,90.9,91.5
Nova Southeastern,153,3.52,17,330297.00,0.6,14.6,14.0,25.0,14.6,68.8,65.9,63.9
Ohio Northern,148,3.3,51,199139.00,0.0,1.9,16.7,27.8,9.3,55.7,55.6,50.9
Ohio State,166,3.89,29,205301.00,4.4,22.5,19.2,9.9,22.0,78.0,84.1,90.7
Oklahoma,160,3.74,26,180600.00,1.8,4.8,22.6,25.0,30.4,84.6,85.1,87.9
Oklahoma City,151,3.47,14,178946.00,0.0,0.6,26.2,31.7,13.4,71.9,67.7,59.4
Oregon,159,3.56,29,256655.00,2.6,3.9,25.2,17.4,12.9,62.0,77.4,76.7
Pace,153,3.51,41,319169.00,0.0,9.7,23.0,14.5,15.7,62.9,75.4,65.1
Pacific-McGeorge,155,3.52,23,334118.00,0.6,5.4,28.7,19.8,18.6,73.1,63.5,67.1
Penn Carey,172,3.93,20,406167.00,9.3,69.4,11.3,0.4,2.4,92.8,89.5,96.3
Penn State-Dickinson,161,3.68,69,324488.00,5.3,10.7,32.0,6.7,24.0,78.7,89.3,77.5
Penn State-UP,155,3.71,32,317708.00,1.8,16.8,18.6,15.9,18.6,71.7,84.1,86.8
Pepperdine University,164,3.85,31,385050.00,1.9,13.8,9.4,22.6,29.6,77.3,81.1,83.3
Pittsburgh,159,3.56,55,234666.00,5.6,16.7,20.4,12.0,19.4,74.1,81.5,84.5
Pontifical Catholic-P.R.,137,3.37,1,157836.00,0.0,0.0,16.5,13.9,1.3,31.7,16.5,62.3
Puerto Rico,148,3.73,0,123127.00,0.7,3.6,13.0,10.9,10.1,38.3,37.7,51.4
Quinnipiac,153,3.59,29,312371.00,0.0,3.4,17.6,15.1,21.0,57.1,62.2,66.1
Regent,158,3.64,57,273427.00,4.3,0.0,30.1,32.3,8.6,75.3,83.9,83.5
Richmond,164,3.75,29,299741.00,4.7,14.0,24.0,8.7,18.7,70.1,81.3,79.6
Roger Williams,149,3.44,41,264333.00,1.2,2.4,25.4,24.3,8.3,61.6,68.6,57.9
Rutgers,158,3.61,31,242110.00,1.2,13.2,11.2,9.2,13.5,48.3,80.5,67.0
"Saint Louis, MO",156,3.64,38,270012.00,1.6,11.1,11.1,18.5,34.9,77.2,81.0,86.7
Samford,155,3.63,37,282146.00,0.7,7.3,12.4,31.4,23.4,75.2,82.5,78.4
San Diego,161,3.8,45,347588.00,0.0,17.9,21.4,18.3,27.2,84.8,83.0,78.8
San Francisco,154,3.39,28,324920.00,1.1,10.0,13.3,16.7,12.2,53.3,57.8,67.4
San Francisco (UC),160,3.63,16,292642.00,0.3,31.4,16.9,9.4,14.7,72.7,74.2,72.1
Santa Clara,157,3.44,23,392173.00,0.0,19.0,15.0,10.6,18.1,62.7,60.2,61.8
Seattle,157,3.53,20,337731.00,0.5,3.5,26.5,22.0,14.0,66.5,65.0,74.5
Seton Hall,160,3.69,51,360099.00,1.2,14.1,9.1,5.0,11.2,40.6,78.4,82.2
South Carolina,161,3.74,14,174722.00,1.4,16.4,19.2,15.0,15.4,67.4,83.6,81.6
South Dakota,152,3.55,11,128731.00,3.4,0.0,27.6,19.0,15.5,65.5,86.2,67.3
South Texas-Houston,154,3.35,7,288604.00,1.7,8.3,15.4,26.6,25.2,77.2,74.4,80.3
Southern,146,3.15,13,169328.00,0.0,5.2,18.2,12.6,5.2,41.2,37.2,52.9
Southern IL-Carbondale,148,3.38,24,138145.00,0.0,1.3,23.1,25.6,16.7,66.7,64.1,65.7
Southern Methodist,165,3.86,21,355109.00,3.7,35.3,10.6,19.3,19.7,88.6,89.9,84.9
Southwestern,155,3.48,32,355961.00,0.8,1.9,13.9,23.7,23.9,64.2,66.2,64.0
St. John's,162,3.74,52,397749.00,2.0,20.1,22.9,9.6,30.1,84.7,90.0,87.1
St. Mary's,153,3.41,7,248599.00,2.5,4.1,20.3,27.9,24.9,79.7,78.2,73.5
St. Thomas (Minnesota),156,3.64,15,281385.00,0.0,6.2,17.1,12.3,16.4,52.0,77.4,78.7
St. Thomas- (Florida),152,3.3,30,317958.00,0.0,5.9,17.6,26.2,14.0,63.7,60.6,68.4
Stanford,173,3.92,19,467621.00,20.8,48.1,16.4,0.0,4.9,90.2,83.6,96.7
Stetson,158,3.6,38,280924.00,1.4,10.8,25.5,20.3,24.1,82.1,82.5,77.0
Suffolk,155,3.55,25,341294.00,0.6,11.0,18.4,16.7,22.1,68.8,68.8,79.3
Syracuse,158,3.62,35,322592.00,3.2,9.3,28.4,12.0,15.8,68.7,72.1,74.6
Temple,163,3.67,62,214179.00,3.3,20.5,24.3,8.1,19.0,75.2,84.8,85.1
Tennessee,163,3.82,30,152662.00,0.9,20.5,19.7,18.8,20.5,80.4,83.0,83.7
Texas A&M,168,3.97,54,223026.00,4.9,9.9,25.3,20.4,24.7,85.2,86.4,93.0
Texas Southern,150,3.21,21,166701.00,2.7,4.7,12.2,21.6,22.3,63.5,65.5,63.4
Texas Tech,158,3.65,24,164208.00,1.4,8.5,16.3,28.4,29.8,84.4,89.4,92.1
Texas-Austin,171,3.89,44,226345.00,13.0,41.2,18.4,5.8,10.5,88.9,91.3,94.0
Toledo,152,3.58,21,187862.00,4.0,7.0,23.0,29.0,14.0,77.0,70.0,69.9
Touro,151,3.22,29,344625.00,0.0,4.5,20.8,25.3,17.5,68.1,74.7,55.3
Tulane,160,3.64,55,368135.00,5.7,27.4,18.9,8.0,22.2,82.2,85.4,79.6
Tulsa,156,3.52,4,219851.00,0.9,2.8,25.5,31.1,24.5,84.8,78.3,70.9
UCLA,170,3.95,59,362483.00,6.3,51.4,17.6,3.8,14.1,93.2,90.0,88.8
UDC,150,3.18,33,158946.00,0.0,0.0,41.7,4.2,0.0,45.9,45.8,47.9
USC,169,3.91,59,414611.00,2.2,61.2,7.7,5.5,12.6,89.2,90.7,82.4
Utah,165,3.86,38,235975.00,3.5,11.8,28.2,12.9,20.0,76.4,85.9,94.0
Vanderbilt,169,3.89,28,412427.00,6.0,60.5,14.0,3.0,7.5,91.0,92.0,97.0
Vermont,151,3.18,40,281808.00,1.8,1.8,25.9,9.8,8.0,47.3,67.9,63.5
Villanova,164,3.81,60,305206.00,3.6,19.5,17.8,7.1,28.4,76.4,86.4,91.8
Virginia-UVA,172,3.96,24,377284.00,13.7,68.0,10.2,0.4,5.3,97.6,97.2,96.5
Wake Forest,166,3.84,55,323053.00,3.4,34.8,10.1,14.6,23.6,86.5,89.9,92.4
Washburn,151,3.61,31,166015.00,1.1,4.3,25.0,25.0,20.7,76.1,81.5,85.0
Washington,163,3.67,3,278129.00,3.0,21.3,22.0,7.9,22.6,76.8,81.7,93.2
Washington and Lee,166,3.73,69,287869.00,2.8,34.6,18.7,7.5,16.8,80.4,95.3,83.3
WashU,173,3.96,62,360594.00,8.7,50.6,14.7,5.2,11.3,90.5,93.1,91.9
Wayne State,162,3.84,11,238084.00,1.0,6.0,18.0,19.0,31.0,75.0,79.0,66.7
West Virginia,156,3.58,26,159236.00,2.9,12.6,12.6,24.3,20.4,72.8,83.5,69.4
Western New England,150,3.29,58,268303.00,0.0,1.0,27.6,21.0,16.2,65.8,63.8,68.6
Western State,151,3.26,40,297078.00,0.0,3.7,13.0,35.2,26.9,78.8,75.9,58.5
Widener-DE,150,3.28,52,304552.00,0.0,3.8,16.5,19.2,14.3,53.8,70.3,63.8
Widener-PA,148,3.36,38,312112.00,0.0,0.0,24.7,17.6,16.5,58.8,69.4,53.8
Willamette,152,3.4,25,286024.00,0.0,0.0,22.9,26.0,21.9,70.8,69.8,52.7
William and Mary,164,3.75,48,258460.00,7.4,26.3,21.2,6.0,18.4,79.3,86.6,93.0
Wisconsin,165,3.81,45,243599.00,1.3,15.4,31.6,14.0,19.7,82.0,85.1,100.0
Wyoming,155,3.46,20,133767.00,4.3,2.9,23.2,36.2,17.4,84.0,84.1,80.9
Yale,174,3.96,17,381361.00,23.7,32.1,23.7,1.3,4.0,84.8,76.3,96.8
,,,,,,,,,,,,